candidate,phase,symbol,trades,win_pct,payoff_ratio,profit_factor,net_pnl,return_pct,max_drawdown_pct,costs,mean_net_R,decisions,raw_rows,funding_included,execution,trailing,partial
V63固定方案,前段,APT,5,40.0,5.600692648832531,3.733795099221688,115.53452606763602,1.155345260676377,0.6603195237910089,26.166044449982877,1.072157602477559,10241,10512,False,市价假设，下一根开盘；无L2，非挂单成交验证,True,False
V63固定方案,中段,APT,4,25.0,1.7911497667923812,0.5970499222641271,-23.593289177845744,-0.23593289177846755,1.462632539141739,21.39719269674546,-0.5262654493650186,3635,3744,False,市价假设，下一根开盘；无L2，非挂单成交验证,True,False
V63固定方案,后段,APT,4,0.0,,0.0,-89.17424121778643,-0.891742412177865,1.2778770820413157,14.430435706115198,-1.192983514826481,3585,3744,False,市价假设，下一根开盘；无L2，非挂单成交验证,True,False
V63固定方案,前段,AVAX,5,40.0,3.100321638138285,2.06688109209219,45.95054083201039,0.45950540832009334,0.29286987748005683,16.31416480324764,0.13120922510735541,10001,10512,False,市价假设，下一根开盘；无L2，非挂单成交验证,True,False
V63固定方案,中段,AVAX,1,0.0,,0.0,-14.159072832632589,-0.14159072832632402,0.1771186456810475,3.5707874105215254,-0.7551505510737381,3585,3744,False,市价假设，下一根开盘；无L2，非挂单成交验证,True,False
V63固定方案,后段,AVAX,6,50.0,3.389830906866236,3.389830906866236,84.75751640339178,0.8475751640339091,0.7678966420376856,18.09893169892651,0.5720301647001657,3180,3744,False,市价假设，下一根开盘；无L2，非挂单成交验证,True,False
V63固定方案,前段,AAVE,7,57.14285714285714,2.4704986499950277,3.29399819999337,96.46576863295182,0.9646576863295175,0.6179850243104533,26.298637969934077,0.6125337929588832,9817,10512,False,市价假设，下一根开盘；无L2，非挂单成交验证,True,False
V63固定方案,中段,AAVE,4,25.0,8.241068504757399,2.7470228349191332,49.54941869240877,0.49549418692409475,0.4977810607441084,16.853683967625102,-0.034297570997427196,3650,3744,False,市价假设，下一根开盘；无L2，非挂单成交验证,True,False
V63固定方案,后段,AAVE,8,0.0,,0.0,-100.06800837992071,-1.0006800837992214,1.3771321631157212,33.928620773030055,-0.9092751522727553,3073,3744,False,市价假设，下一根开盘；无L2，非挂单成交验证,True,False
V63固定方案,前段,BOME,11,36.36363636363637,3.2821088559774676,1.8754907748442673,94.8287790460008,0.9482877904600118,1.163555762112964,31.237823161572813,0.2484021458243527,10183,10512,False,市价假设，下一根开盘；无L2，非挂单成交验证,True,False
V63固定方案,中段,BOME,3,0.0,,0.0,-51.42534497715177,-0.5142534497715179,0.7316374959213284,9.4322843951023,-1.1179975430897866,3677,3744,False,市价假设，下一根开盘；无L2，非挂单成交验证,True,False
V63固定方案,后段,BOME,5,20.0,0.8763964411849948,0.2190991102962487,-61.492643240676294,-0.6149264324067594,1.1536290622646497,22.518868399635657,-0.7746113735350252,3393,3744,False,市价假设，下一根开盘；无L2，非挂单成交验证,True,False
V63固定方案,前段,BONK,4,50.0,9.293472909704983,9.293472909704983,139.7477243674253,1.3974772436742278,0.5388113566797146,9.969531189916683,1.448270203325257,10198,10512,False,市价假设，下一根开盘；无L2，非挂单成交验证,True,False
V63固定方案,中段,BONK,3,0.0,,0.0,-70.57305383224463,-0.7057305383224466,0.7057305383224411,14.456782451027532,-1.2575887634346012,3693,3744,False,市价假设，下一根开盘；无L2，非挂单成交验证,True,False
V63固定方案,后段,BONK,5,0.0,,0.0,-96.93543765564596,-0.9693543765564527,1.049927949233394,20.027465922822905,-1.0378691411730785,3602,3744,False,市价假设，下一根开盘；无L2，非挂单成交验证,True,False
V63固定方案,前段,ADA,4,25.0,16.355633527141855,5.451877842380618,175.96657914043357,1.7596657914043412,0.8815672873947819,14.177320698492851,1.9534197661480068,10209,10512,False,市价假设，下一根开盘；无L2，非挂单成交验证,True,False
V63固定方案,中段,ADA,2,0.0,,0.0,-29.506930521900514,-0.295069305219009,0.3731778148240066,3.97252484905869,-1.2329169411339587,3458,3744,False,市价假设，下一根开盘；无L2，非挂单成交验证,True,False
V63固定方案,后段,ADA,6,16.666666666666664,0.3376241923355634,0.06752483846711269,-93.19132408686518,-0.9319132408686759,1.229668273579364,33.88727909177113,-0.8311224296899921,3386,3744,False,市价假设，下一根开盘；无L2，非挂单成交验证,True,False
V63固定方案,前段,ARB,4,0.0,,0.0,-77.87044517685011,-0.7787044517684971,0.778704451768499,15.230399516174854,-1.2479701626546673,10469,10512,False,市价假设，下一根开盘；无L2，非挂单成交验证,True,False
V63固定方案,中段,ARB,2,50.0,9.444497040157367,9.444497040157367,66.5654161571151,0.6656541615711387,0.6923993472649574,4.577150869091234,1.3891347634380562,3407,3744,False,市价假设，下一根开盘；无L2，非挂单成交验证,True,False
V63固定方案,后段,ARB,4,0.0,,0.0,-58.76406051177034,-0.587640605117723,0.5876406051177219,8.24275007141083,-1.1815986502102833,3682,3744,False,市价假设，下一根开盘；无L2，非挂单成交验证,True,False
V63固定方案,前段,BTC,2,0.0,,0.0,-32.95845257467707,-0.3295845257467622,0.329584525746759,7.661983530997008,-1.302937984741276,10494,10512,False,市价假设，下一根开盘；无L2，非挂单成交验证,True,False
V63固定方案,中段,BTC,1,0.0,,0.0,-2.4657596089510263,-0.024657596089505684,0.4942607358656893,5.843868591864796,-0.13150717914405474,3634,3744,False,市价假设，下一根开盘；无L2，非挂单成交验证,True,False
V63固定方案,后段,BTC,3,66.66666666666666,1.4809831336976447,2.9619662673952893,50.8297163284698,0.5082971632846878,0.49159081003981064,18.30898887615558,0.9046102607435147,3271,3744,False,市价假设，下一根开盘；无L2，非挂单成交验证,True,False
V63固定方案,前段,ENA,7,42.857142857142854,3.197811707742196,2.3983587808066473,76.73849069005168,0.7673849069005367,0.7373425516569416,13.886033018613478,0.3453676995229148,9944,10512,False,市价假设，下一根开盘；无L2，非挂单成交验证,True,False
V63固定方案,中段,ENA,7,28.57142857142857,4.430534422473217,1.7722137689892867,42.069760618161794,0.4206976061816192,0.5567203660493394,20.912754774076603,0.1712119279544338,3513,3744,False,市价假设，下一根开盘；无L2，非挂单成交验证,True,False
V63固定方案,后段,ENA,7,14.285714285714285,4.597594316787955,0.7662657194646593,-22.79717356363378,-0.22797173563633422,0.6380043911050596,16.477939987209727,-0.2890435105422551,3627,3744,False,市价假设，下一根开盘；无L2，非挂单成交验证,True,False
V63固定方案,前段,FLOKI,6,16.666666666666664,2.180814011968781,0.4361628023937562,-56.791248718106615,-0.567912487181077,0.7483403491962318,21.439328546375506,-0.6415393723052449,10239,10512,False,市价假设，下一根开盘；无L2，非挂单成交验证,True,False
V63固定方案,中段,FLOKI,3,33.33333333333333,0.19907157956686256,0.09953578978343128,-43.45240792023084,-0.4345240792023253,0.7636557236677671,13.396729342138928,-0.613759981620617,3649,3744,False,市价假设，下一根开盘；无L2，非挂单成交验证,True,False
V63固定方案,后段,FLOKI,5,20.0,3.3143623766144374,0.8285905941536094,-17.306761951409538,-0.1730676195141001,1.1639260144888182,33.430925783690434,-0.17968958784272324,3583,3744,False,市价假设，下一根开盘；无L2，非挂单成交验证,True,False
V63固定方案,前段,DOT,5,40.0,5.381355260970782,3.587570173980522,135.62743274118398,1.356274327411855,0.677311626747903,27.716795725984305,1.3564557174502458,10220,10512,False,市价假设，下一根开盘；无L2，非挂单成交验证,True,False
V63固定方案,中段,DOT,3,0.0,,0.0,-70.38475722526113,-0.7038475722526139,0.8714356829734303,16.903907781237294,-1.254209119248364,3587,3744,False,市价假设，下一根开盘；无L2，非挂单成交验证,True,False
V63固定方案,后段,DOT,4,25.0,0.969671136836135,0.32322371227871166,-33.73259708510861,-0.33732597085106564,0.49775535800292914,12.178192007013767,-0.5238618183069403,3386,3744,False,市价假设，下一根开盘；无L2，非挂单成交验证,True,False
V63固定方案,前段,INJ,6,16.666666666666664,3.722598969915363,0.7445197939830727,-23.449210121409777,-0.23449210121408992,0.9286774935414379,26.077843011687822,-0.34151397184474847,10277,10512,False,市价假设，下一根开盘；无L2，非挂单成交验证,True,False
V63固定方案,中段,INJ,6,16.666666666666664,3.332756341072349,0.6665512682144699,-39.89138681359991,-0.39891386813598606,0.9931529493037824,30.291059911620874,-0.3511661029347695,3307,3744,False,市价假设，下一根开盘；无L2，非挂单成交验证,True,False
V63固定方案,后段,INJ,6,16.666666666666664,11.217341516903087,2.2434683033806175,53.22141178145536,0.5322141178145223,0.47172435891403436,16.355156683657537,-0.23039222906668158,3621,3744,False,市价假设，下一根开盘；无L2，非挂单成交验证,True,False
V63固定方案,前段,ETH,7,0.0,,0.0,-125.31665310651707,-1.2531665310651752,1.2546301531605115,19.885756625156084,-1.1981915622510744,10307,10512,False,市价假设，下一根开盘；无L2，非挂单成交验证,True,False
V63固定方案,中段,ETH,2,50.0,231.51619613246524,231.51619613246524,55.102755591694695,0.5510275559169608,0.3825242562995621,11.297612918878116,1.469441898802442,3484,3744,False,市价假设，下一根开盘；无L2，非挂单成交验证,True,False
V63固定方案,后段,ETH,4,50.0,1.4913345649226708,1.4913345649226708,24.643826524403654,0.24643826524402002,0.6279391572477289,21.85359527384717,0.3311192605172454,3195,3744,False,市价假设，下一根开盘；无L2，非挂单成交验证,True,False
V63固定方案,前段,DOGE,4,0.0,,0.0,-73.889992512665,-0.738899925126657,0.7388999251266614,11.249745115515616,-1.205522907696717,10471,10512,False,市价假设，下一根开盘；无L2，非挂单成交验证,True,False
V63固定方案,中段,DOGE,1,0.0,,0.0,-23.0064137931035,-0.23006413793104086,0.3539489191337898,4.256413793103496,-1.2270087356321868,3665,3744,False,市价假设，下一根开盘；无L2，非挂单成交验证,True,False
V63固定方案,后段,DOGE,4,75.0,1.9214133378730285,5.764240013619086,115.07410183530311,1.1507410183530409,0.6271408356620625,16.47125839485446,1.532220125850383,3307,3744,False,市价假设，下一根开盘；无L2，非挂单成交验证,True,False
V63固定方案,前段,OP,4,75.0,6.279892991550917,18.839678974652752,149.84791173200927,1.4984791173201062,0.38320088784642214,10.669034594905163,2.1349543836353932,9929,10512,False,市价假设，下一根开盘；无L2，非挂单成交验证,True,False
V63固定方案,中段,OP,5,40.0,2.0436123381253513,1.362408225416901,12.94355732329066,0.12943557323290555,0.38551193026762304,17.40224729792075,-0.057810395617884924,3625,3744,False,市价假设，下一根开盘；无L2，非挂单成交验证,True,False
V63固定方案,后段,OP,1,100.0,,,9.070676791020134,0.09070676791018695,0.3326914096989347,1.6630637173984795,0.4837694288544071,3627,3744,False,市价假设，下一根开盘；无L2，非挂单成交验证,True,False
V63固定方案,前段,JUP,7,42.857142857142854,2.6087723873235333,1.9565792904926498,92.20033765572686,0.9220033765572566,0.6782532771574048,37.86439749363046,0.7058029489190776,10017,10512,False,市价假设，下一根开盘；无L2，非挂单成交验证,True,False
V63固定方案,中段,JUP,4,50.0,4.405087781811413,4.405087781811413,79.55776229589551,0.7955776229589429,0.4565892234388373,17.24603901409126,1.0623696871267398,3393,3744,False,市价假设，下一根开盘；无L2，非挂单成交验证,True,False
V63固定方案,后段,JUP,3,33.33333333333333,0.5707340347820317,0.28536701739101583,-26.738267607320697,-0.2673826760732134,0.888447311762973,9.549383781547176,-0.47522428517331633,3401,3744,False,市价假设，下一根开盘；无L2，非挂单成交验证,True,False
V63固定方案,前段,NEAR,7,42.857142857142854,2.27099757508716,1.70324818131537,41.72694822822329,0.41726948228224536,0.4689178716299539,22.463828024654866,0.1339621288501472,10178,10512,False,市价假设，下一根开盘；无L2，非挂单成交验证,True,False
V63固定方案,中段,NEAR,2,50.0,1.5061756292638706,1.5061756292638706,10.579037848385294,0.10579037848386097,0.22813191398582655,4.645957048918969,0.2838565932025473,3678,3744,False,市价假设，下一根开盘；无L2，非挂单成交验证,True,False
V63固定方案,后段,NEAR,5,20.0,0.6597668136882664,0.1649417034220666,-57.35925153474555,-0.5735925153474652,0.8547425469777403,10.215192793583244,-0.6881844412031921,3359,3744,False,市价假设，下一根开盘；无L2，非挂单成交验证,True,False
V63固定方案,前段,ORDI,4,50.0,1.722740897266083,1.722740897266083,21.536964374492193,0.21536964374493373,0.2313432720231021,13.93718731571074,0.06711397335822483,10454,10512,False,市价假设，下一根开盘；无L2，非挂单成交验证,True,False
V63固定方案,中段,ORDI,6,50.0,0.534308144374227,0.534308144374227,-33.78489735259908,-0.3378489735259782,1.7288560200304868,26.30201814146446,-0.286986899122477,3311,3744,False,市价假设，下一根开盘；无L2，非挂单成交验证,True,False
V63固定方案,后段,ORDI,3,66.66666666666666,9.847381861147925,19.69476372229585,176.59479059055838,1.765947905905585,0.5014615982619639,13.66903187578611,2.8181740961576387,3491,3744,False,市价假设，下一根开盘；无L2，非挂单成交验证,True,False
V63固定方案,前段,ONDO,7,14.285714285714285,1.8481444438257089,0.30802407397095144,-67.80650648086932,-0.6780650648086861,0.8757555395152921,22.149602589993933,-0.6647108581586305,10145,10512,False,市价假设，下一根开盘；无L2，非挂单成交验证,True,False
V63固定方案,中段,ONDO,5,40.0,2.3957840504925256,1.597189366995017,36.47421765936272,0.3647421765936354,0.39269747469063077,26.909844114053758,0.2105698611962651,3572,3744,False,市价假设，下一根开盘；无L2，非挂单成交验证,True,False
V63固定方案,后段,ONDO,3,0.0,,0.0,-55.345374115804645,-0.5534537411580609,0.5636696254983168,11.35862400876044,-1.257043662454933,3709,3744,False,市价假设，下一根开盘；无L2，非挂单成交验证,True,False
V63固定方案,前段,PEPE,3,66.66666666666666,5.842656566878733,11.685313133757466,87.53048655046982,0.8753048655046891,0.6198585320033914,7.317843240946512,1.285753723594319,10220,10512,False,市价假设，下一根开盘；无L2，非挂单成交验证,True,False
V63固定方案,中段,PEPE,2,0.0,,0.0,-47.9105941405965,-0.4791059414059551,0.47910594140596,10.459535049687407,-1.2791378129117266,3667,3744,False,市价假设，下一根开盘；无L2，非挂单成交验证,True,False
V63固定方案,后段,PEPE,6,16.666666666666664,2.23368757208061,0.446737514416122,-59.996268304160324,-0.5999626830416105,1.4177051506709903,17.284500787606493,-0.5327887872673779,3468,3744,False,市价假设，下一根开盘；无L2，非挂单成交验证,True,False
V63固定方案,前段,LINK,3,0.0,,0.0,-40.46939086937429,-0.4046939086937318,0.4070558439970731,8.631847285240669,-1.297797539471496,10434,10512,False,市价假设，下一根开盘；无L2，非挂单成交验证,True,False
V63固定方案,中段,LINK,3,33.33333333333333,1.3768646536646798,0.6884323268323399,-15.543551029601623,-0.15543551029600922,0.5436474239526615,19.26826569592037,-0.27437229965210785,3718,3744,False,市价假设，下一根开盘；无L2，非挂单成交验证,True,False
V63固定方案,后段,LINK,3,100.0,,,149.01506088411335,1.4901506088411454,0.7821254659264137,19.450026019853453,2.6372772645262264,3140,3744,False,市价假设，下一根开盘；无L2，非挂单成交验证,True,False
V63固定方案,前段,PYTH,7,28.57142857142857,4.500665177556097,1.8002660710224387,62.7008830054996,0.6270088300549759,0.6921299809171408,19.48366872801751,0.272750888483218,10211,10512,False,市价假设，下一根开盘；无L2，非挂单成交验证,True,False
V63固定方案,中段,PYTH,2,0.0,,0.0,-32.993472758000195,-0.32993472758000575,0.3299347275800028,7.6963755045381745,-1.287197290345683,3726,3744,False,市价假设，下一根开盘；无L2，非挂单成交验证,True,False
V63固定方案,后段,PYTH,5,40.0,2.2494273312438424,1.4996182208292281,28.99052502126781,0.2899052502126853,1.0064643110866316,27.20412786084981,0.12795462262113574,3322,3744,False,市价假设，下一根开盘；无L2，非挂单成交验证,True,False
V63固定方案,前段,RUNE,2,0.0,,0.0,-23.238569752893266,-0.23238569752893623,0.23238569752893454,4.175334477750085,-0.9053433711967012,10466,10512,False,市价假设，下一根开盘；无L2，非挂单成交验证,True,False
V63固定方案,中段,RUNE,0,0.0,,,0.0,0.0,0.0,0.0,0.0,3743,3744,False,市价假设，下一根开盘；无L2，非挂单成交验证,True,False
V63固定方案,后段,RUNE,5,60.0,1.489591351584321,2.2343870273764814,51.756041950704535,0.5175604195070571,0.5123671311174439,22.314885869724115,0.5533787938686203,3079,3744,False,市价假设，下一根开盘；无L2，非挂单成交验证,True,False
V63固定方案,前段,SAND,4,25.0,3.441288519936513,1.147096173312171,3.841416333607068,0.03841416333609793,0.20604733966397445,9.137911242349254,-0.5940121140394844,10282,10512,False,市价假设，下一根开盘；无L2，非挂单成交验证,True,False
V63固定方案,中段,SAND,2,50.0,1.3485065481099907,1.3485065481099907,2.9031704342033446,0.02903170434203073,0.3026810339678418,10.200722121058865,-0.3348814618547286,3691,3744,False,市价假设，下一根开盘；无L2，非挂单成交验证,True,False
V63固定方案,后段,SAND,3,33.33333333333333,1.655161927482142,0.827580963741071,-8.77260786931603,-0.08772607869316218,0.8665065934428449,15.497216299822913,-0.15330710453082327,3491,3744,False,市价假设，下一根开盘；无L2，非挂单成交验证,True,False
V63固定方案,前段,SEI,8,37.5,6.78216115869676,4.069296695218056,214.96763764145706,2.1496763764145443,0.4739503451448613,30.51449181336027,1.1277689070536827,9762,10512,False,市价假设，下一根开盘；无L2，非挂单成交验证,True,False
V63固定方案,中段,SEI,2,50.0,0.2493713167681936,0.2493713167681936,-19.68789970410918,-0.19687899704107226,0.292094514242217,8.13428911963481,-0.19978238988081548,3555,3744,False,市价假设，下一根开盘；无L2，非挂单成交验证,True,False
V63固定方案,后段,SEI,4,25.0,2.779931838587426,0.9266439461958087,-3.2042914472975426,-0.03204291447298502,1.1030863361547352,20.5130202736454,-0.27340277339253727,3552,3744,False,市价假设，下一根开盘；无L2，非挂单成交验证,True,False
V63固定方案,前段,STX,6,66.66666666666666,6.319106509596418,12.638213019192836,261.189792570222,2.6118979257022223,0.7555978037400135,18.582239712652576,2.3032307726166237,9857,10512,False,市价假设，下一根开盘；无L2，非挂单成交验证,True,False
V63固定方案,中段,STX,5,40.0,5.779180104866727,3.8527867365778183,109.1326639588524,1.0913266395885302,0.43421835398499353,21.910699539599165,0.8791006946100864,3654,3744,False,市价假设，下一根开盘；无L2，非挂单成交验证,True,False
V63固定方案,后段,STX,5,20.0,4.394382265852555,1.0985955664631388,4.878476531962079,0.048784765319620504,0.5114203775301945,11.118489426029564,0.9625665715094062,3219,3744,False,市价假设，下一根开盘；无L2，非挂单成交验证,True,False
V63固定方案,前段,SOL,4,50.0,2.731774235799017,2.731774235799017,79.58369987010164,0.795836998701005,0.43932596754374814,14.309249862582181,1.0645568506154997,10280,10512,False,市价假设，下一根开盘；无L2，非挂单成交验证,True,False
V63固定方案,中段,SOL,4,25.0,1.1171537004461254,0.37238456681537513,-26.876604739471325,-0.26876604739469734,0.4294521465987474,15.486868817473324,-0.8186037713814525,3635,3744,False,市价假设，下一根开盘；无L2，非挂单成交验证,True,False
V63固定方案,后段,SOL,4,50.0,2.550405367869053,2.550405367869053,77.20681201977771,0.7720681201977664,0.6038395434182352,21.931866636241875,1.0330382827550615,3394,3744,False,市价假设，下一根开盘；无L2，非挂单成交验证,True,False
V63固定方案,前段,SUI,7,28.57142857142857,2.4221518164590847,0.968860726583634,-3.156172897268899,-0.03156172897268439,0.9772293365559916,29.37310000244109,-0.11394888149660476,10184,10512,False,市价假设，下一根开盘；无L2，非挂单成交验证,True,False
V63固定方案,中段,SUI,7,28.57142857142857,0.539372012134307,0.21574880485372278,-95.00732927862056,-0.9500732927862021,1.700228430409352,36.101231311018815,-0.39412704381035996,3220,3744,False,市价假设，下一根开盘；无L2，非挂单成交验证,True,False
V63固定方案,后段,SUI,6,50.0,5.853525056891684,5.853525056891683,259.6832983789972,2.596832983789965,0.8628882020771014,35.35049515161072,2.1456181696357146,3244,3744,False,市价假设，下一根开盘；无L2，非挂单成交验证,True,False
V63固定方案,前段,TIA,7,14.285714285714285,7.086771442531259,1.18112857375521,17.969888748656217,0.17969888748656793,0.5820973878313835,28.26844397433286,-0.08908937964662976,10251,10512,False,市价假设，下一根开盘；无L2，非挂单成交验证,True,False
V63固定方案,中段,TIA,4,0.0,,0.0,-83.18715880097946,-0.8318715880098027,0.8318715880097989,20.56859677892274,-1.338602480674757,3711,3744,False,市价假设，下一根开盘；无L2，非挂单成交验证,True,False
V63固定方案,后段,TIA,10,0.0,,0.0,-209.41452638917366,-2.0941452638917557,2.379946520627427,48.63742064441448,-1.2200716100595579,3514,3744,False,市价假设，下一根开盘；无L2，非挂单成交验证,True,False
V63固定方案,前段,WIF,5,40.0,11.478852490088642,7.652568326725761,125.05867480545531,1.2505867480545385,0.4536482128120709,8.899221970181816,1.0142627126165569,9982,10512,False,市价假设，下一根开盘；无L2，非挂单成交验证,True,False
V63固定方案,中段,WIF,3,66.66666666666666,9.201341368020676,18.402682736041353,99.10420162441116,0.9910420162441147,0.3759284110014275,11.922809054370097,2.2176617369847587,3422,3744,False,市价假设，下一根开盘；无L2，非挂单成交验证,True,False
V63固定方案,后段,WIF,7,14.285714285714285,6.580188500249146,1.0966980833748576,9.87549510417568,0.09875495104174625,0.7736376559361661,24.521697766190503,-0.1783395285073637,3546,3744,False,市价假设，下一根开盘；无L2，非挂单成交验证,True,False
V63固定方案,前段,XRP,4,50.0,2.6719369242437487,2.6719369242437487,49.04244223078494,0.49042442230784467,0.6052451056936992,7.165626032339058,0.46606118445317896,10230,10512,False,市价假设，下一根开盘；无L2，非挂单成交验证,True,False
V63固定方案,中段,XRP,4,25.0,8.016142908107977,2.672047636035992,82.41973988325208,0.8241973988325269,0.5369155358259428,18.345845390109773,1.106705949449786,3580,3744,False,市价假设，下一根开盘；无L2，非挂单成交验证,True,False
V63固定方案,后段,XRP,9,22.22222222222222,2.2421689553971182,0.6406197015420338,-42.21058026978291,-0.4221058026978475,0.8482878902649341,31.101647244233867,-0.44113687806230595,3175,3744,False,市价假设，下一根开盘；无L2，非挂单成交验证,True,False
V63固定方案,前段,UNI,3,33.33333333333333,2.2293744034209233,1.1146872017104617,5.285162594813844,0.05285162594812487,0.7146568078958251,12.047316482138742,0.09722490631876306,10319,10512,False,市价假设，下一根开盘；无L2，非挂单成交验证,True,False
V63固定方案,中段,UNI,2,50.0,0.21370981191605,0.21370981191605,-17.213702621923783,-0.17213702621924343,0.697752985760959,3.565736052163723,-0.22654788690672845,3433,3744,False,市价假设，下一根开盘；无L2，非挂单成交验证,True,False
V63固定方案,后段,UNI,3,33.33333333333333,9.94119680723541,4.970598403617705,140.29368062356016,1.4029368062356218,0.4448052595821462,9.460307672892366,2.5044490752016864,3552,3744,False,市价假设，下一根开盘；无L2，非挂单成交验证,True,False
V63固定方案,前段,WLD,6,33.33333333333333,1.0256028500368881,0.5128014250184441,-37.04952969404547,-0.3704952969404762,1.233815281516935,22.959086527723446,-0.4618907143985544,10265,10512,False,市价假设，下一根开盘；无L2，非挂单成交验证,True,False
V63固定方案,中段,WLD,6,16.666666666666664,6.495870963248625,1.299174192649725,25.186572221218707,0.2518657222122078,1.2174568495694693,21.982872910549272,0.0947869042856001,3367,3744,False,市价假设，下一根开盘；无L2，非挂单成交验证,True,False
V63固定方案,后段,WLD,7,42.857142857142854,1.6169075665725334,1.2126806749294,19.461183950371822,0.19461183950373329,1.219913055917569,26.477591359380234,0.6820388765797624,3604,3744,False,市价假设，下一根开盘；无L2，非挂单成交验证,True,False
