candidate,phase,symbol,engine,side,entry_ms,exit_ms,entry,exit,net_pnl,fees,slippage,funding_cost,net_R,reason
V63固定方案,前段,APT,V6_TREND,long,1787242200000,1787250900000,0.575,0.5701571428571428,-24.506517482517467,2.5225489510489467,4.204248251748245,0.0,-1.307014265734265,结构止损
V63固定方案,前段,APT,V6_TREND,long,1787295000000,1787301900000,0.586,0.6119999999999999,138.90632977427063,4.145872219711089,6.909787032851816,0.0,7.4265374449339845,目标止盈
V63固定方案,前段,APT,V6_TREND,long,1787307000000,1787339100000,0.623,0.6203285714285715,-9.37457744056714,1.5004884526077034,2.500814087679506,0.0,-0.4943224242424204,结构止损
V63固定方案,前段,APT,V6_TREND,long,1787360700000,1787375400000,0.662,0.6794714285714286,18.889785722847044,0.9921038175713368,1.6535063626188948,0.0,0.9969843866170998,结构止损
V63固定方案,前段,APT,V6_TREND,short,1787458800000,1787474400000,0.606,0.6134642857142857,-8.380494506397048,0.6512532278045022,1.085422046340837,0.0,-1.2613971291866033,结构止损
V63固定方案,中段,APT,V6_TREND,long,1788405300000,1788429000000,0.591,0.6024714285714285,34.95810584958183,2.617990947075181,4.363318245125303,0.0,1.864432311977697,结构止损
V63固定方案,中段,APT,V6_TREND,long,1788786900000,1788788400000,0.643,0.6374214285714286,-25.725366762538993,2.591182617776633,4.318637696294389,0.0,-1.3672399487836107,结构止损
V63固定方案,中段,APT,V6_TREND,long,1788789300000,1788792000000,0.641,0.634,-24.236642132503626,2.0509990300182808,3.4183317166971348,0.0,-1.2914285714285714,结构止损
V63固定方案,中段,APT,V6_TREND,short,1789046400000,1789048500000,0.615,0.6213642857142857,-8.589386132384952,0.7637746664094512,1.2729577773490854,0.0,-1.3108255892255896,结构止损
V63固定方案,后段,APT,V6_TREND,long,1789076700000,1789108800000,0.643,0.63585,-24.115804195804202,2.012176573426576,3.3536276223776276,0.0,-1.2861762237762238,结构止损
V63固定方案,后段,APT,V6_TREND,long,1789704600000,1789710300000,0.673,0.6561285714285715,-21.06247877659966,0.8841359660500482,1.473559943416747,0.0,-1.1260477561388655,结构止损
V63固定方案,后段,APT,V6_TREND,long,1790037300000,1790038800000,0.796,0.7825285714285715,-22.164690301398316,1.3122748432393398,2.1871247387322335,0.0,-1.1874816542948037,结构止损
V63固定方案,后段,APT,V6_TREND,long,1790143500000,1790149200000,0.8485,0.83288,-21.831267943984248,1.202826007077235,2.0047100117953915,0.0,-1.17222842509603,结构止损
V63固定方案,前段,AVAX,V6_TREND,long,1787179200000,1787184900000,6.816,6.748157142857143,-24.748048010107414,2.249268003790281,3.748780006317135,0.0,-1.3198958938723955,结构止损
V63固定方案,前段,AVAX,V6_TREND,long,1787238300000,1787293800000,7.014,7.428000000000001,65.28601981326895,1.44724184964762,2.4120697494127,0.0,3.490559510141589,目标止盈
V63固定方案,前段,AVAX,V6_BREAKOUT,long,1787302800000,1787373300000,7.685,8.16,23.734494957355146,0.5018233008032396,0.8363721680053994,0.0,1.260728991428346,目标止盈
V63固定方案,前段,AVAX,V6_TREND,short,1787461800000,1787472600000,7.339,7.398871428571429,-9.205957162869996,0.9754793837094031,1.6257989728490054,0.0,-1.393853877356241,结构止损
V63固定方案,前段,AVAX,V6_TREND,short,1787757300000,1787764800000,7.201,7.261657142857143,-9.11596876563631,0.9439992632673203,1.573332105445534,0.0,-1.3814926048045215,结构止损
V63固定方案,中段,AVAX,V6_BREAKOUT,long,1788454800000,1788501300000,7.518,7.447,-14.159072832632589,1.339045278945572,2.2317421315759534,0.0,-0.7551505510737381,V6.2突破连续两根收回箱体
V63固定方案,后段,AVAX,V6_TREND,short,1789081500000,1789130400000,7.5,7.497714285714286,-2.418947368421093,1.0026061120543226,1.6710101867572045,0.0,-0.3686015037594047,结构止损
V63固定方案,后段,AVAX,V6_BREAKOUT,long,1789743600000,1789782600000,8.145,8.520000000000001,31.501061881693424,0.9042393486606348,1.507065581101058,0.0,1.6804631288766485,目标止盈
V63固定方案,后段,AVAX,V6_TREND,long,1789808700000,1789834800000,8.862,9.629,77.5420299621114,1.1666409085822593,1.9444015143037656,0.0,4.123582680939405,目标止盈
V63固定方案,后段,AVAX,V6_TREND,long,1789916700000,1789956300000,10.913,11.109,11.180329766467697,0.9189072064922869,1.5315120108204783,0.0,0.5899934990038779,结构止损
V63固定方案,后段,AVAX,V6_TREND,short,1790057700000,1790064900000,10.706,10.817828571428572,-8.684569130418538,0.7667849790739967,1.2779749651233279,0.0,-1.3079546244251363,结构止损
V63固定方案,后段,AVAX,V6_TREND,long,1790120700000,1790125200000,11.275,11.149242857142857,-24.362388708041117,2.0279208322339404,3.379868053723234,0.0,-1.2853021924343973,结构止损
V63固定方案,前段,AAVE,V6_BREAKOUT,long,1787176800000,1787263200000,96.51,97.81,4.851007062516325,0.5718284070102002,0.9530473450170005,0.0,0.25872037666753733,V6.2持仓到期
V63固定方案,前段,AAVE,V6_TREND,long,1787273400000,1787298300000,99.16,102.74,83.38533221086149,3.1014501694904957,5.1690836158174935,0.0,4.445061415480631,目标止盈
V63固定方案,前段,AAVE,V6_TREND,long,1787303400000,1787304000000,107.12,105.57285714285715,-23.076072131629875,1.5602358733096071,2.600393122182679,0.0,-1.2199593721144968,结构止损
V63固定方案,前段,AAVE,V6_TREND,long,1787304900000,1787337900000,106.74,110.53957142857143,39.54706650801352,1.4935617431259336,2.4892695718765565,0.0,2.0955224004856716,结构止损
V63固定方案,前段,AAVE,V6_TREND,long,1787357100000,1787375700000,122.77,122.05671428571429,-10.229719054226718,1.359903711825726,2.26650618637621,0.0,-0.5399315370654707,结构止损
V63固定方案,前段,AAVE,V6_TREND,long,1787496600000,1787535900000,135.87,138.10471428571427,10.73373352536076,0.9822463811860623,1.6370773019767708,0.0,0.5671078879718515,结构止损
V63固定方案,前段,AAVE,V6_TREND,short,1787758500000,1787759400000,122.64,123.87728571428572,-8.745579487943681,0.7927629527772537,1.3212715879620895,0.0,-1.3187846207135425,结构止损
V63固定方案,中段,AAVE,V6_TREND,long,1788442800000,1788462600000,130.97,135.39000000000001,77.91162306777537,3.117694708680086,5.196157847800144,0.0,4.155286563614686,目标止盈
V63固定方案,中段,AAVE,V6_TREND,short,1788797400000,1788799200000,131.27,132.2652857142857,-9.415517990447277,1.050708182928394,1.7511803048806567,0.0,-1.4236536816420329,结构止损
V63固定方案,中段,AAVE,V6_TREND,short,1788877500000,1788879900000,128.59,129.57328571428573,-9.383125836959087,1.0408782255007836,1.7347970425013062,0.0,-1.4200826383844198,结构止损
V63固定方案,中段,AAVE,V6_TREND,short,1788996300000,1788997800000,124.86,125.75357142857142,-9.563560547960222,1.1108503707501491,1.851417284583582,0.0,-1.448740527577942,结构止损
V63固定方案,后段,AAVE,V6_TREND,short,1789510200000,1789512000000,120.81,122.27221428571428,-8.308046651360465,0.6545799942601744,1.090966657100291,0.0,-1.2659880611596903,结构止损
V63固定方案,后段,AAVE,V6_BREAKOUT,short,1789570800000,1789601100000,116.37,118.87,-6.065890767184253,0.2976529164546368,0.4960881940910614,0.0,-0.9250947852056042,V6.2突破连续两根收回箱体
V63固定方案,后段,AAVE,V6_TREND,long,1789736700000,1789771200000,137.71,137.55714285714285,-9.611455149774212,2.6756648581714035,4.459441430285673,0.0,-0.5133488257107562,结构止损
V63固定方案,后段,AAVE,V6_TREND,long,1789782600000,1789833900000,142.11,141.82057142857144,-6.751164141667028,1.5464435859355319,2.5774059765592203,0.0,-0.3609277870216276,结构止损
V63固定方案,后段,AAVE,V6_BREAKOUT,short,1789912800000,1789917000000,133.77,135.24,-4.940510260751951,0.4196070750545826,0.6993451250909711,0.0,-0.7551607629427846,V6.2突破连续两根收回箱体
V63固定方案,后段,AAVE,V6_TREND,long,1789954800000,1789955700000,138.67,137.40242857142857,-25.19368494888544,2.4414672935458417,4.069112155909736,0.0,-1.3484741575566361,结构止损
V63固定方案,后段,AAVE,V6_TREND,long,1789981500000,1790046900000,142.55,141.88514285714288,-13.621025284325762,2.0756033446282234,3.4593389077137062,0.0,-0.7309037479022755,结构止损
V63固定方案,后段,AAVE,V6_TREND,long,1790121900000,1790129100000,148.23,146.96814285714285,-25.576231175971593,2.612213721835876,4.353689536393127,0.0,-1.3743030906826685,结构止损
V63固定方案,前段,BOME,V6_RANGE,long,1785142200000,1785149100000,0.0005165,0.0005234,12.20902469355132,1.4548254574524846,2.4247090957541415,0.0,0.6511479836560704,结构止损
V63固定方案,前段,BOME,V6_RANGE,long,1785237300000,1785240000000,0.0005298,0.00055132,44.33406156134312,1.453156246822647,2.4219270780377458,0.0,2.3616000000000037,目标止盈
V63固定方案,前段,BOME,V6_TREND,long,1785399000000,1785417300000,0.0005757,0.0006271000000000001,109.63450296411663,1.5991954829205115,2.6653258048675195,0.0,5.814297658020645,目标止盈
V63固定方案,前段,BOME,V6_RANGE,long,1785764100000,1785778500000,0.0005926,0.0006045,36.96618499397934,2.659217761859772,4.432029603099621,0.0,1.9393029966703763,V6.2持仓到期
V63固定方案,前段,BOME,V6_TREND,long,1787173500000,1787177700000,0.0008997,0.0008802557142857144,-21.93292253459787,1.0507604842306946,1.7512674737178242,0.0,-1.1464661229887596,结构止损
V63固定方案,前段,BOME,V6_TREND,long,1787220300000,1787235900000,0.0012053,0.0011426157142857144,-20.23381903517919,0.42901825810582866,0.7150304301763812,0.0,-1.0599299345928574,结构止损
V63固定方案,前段,BOME,V6_TREND,short,1787458200000,1787458800000,0.0011067,0.0011282678571428572,-7.773718322422322,0.4145914292813301,0.6909857154688835,0.0,-1.1657999006458015,结构止损
V63固定方案,前段,BOME,V6_TREND,short,1787460600000,1787463000000,0.0011091,0.0011310357142857144,-7.751756491612291,0.408268806220977,0.680448010368295,0.0,-1.163396418104851,结构止损
V63固定方案,前段,BOME,V6_TREND,long,1787476200000,1787477700000,0.001219,0.0011875757142857145,-21.35363835920636,0.8740937581037436,1.456822930172906,0.0,-1.1225332909033057,结构止损
V63固定方案,前段,BOME,V6_TREND,long,1787478600000,1787494200000,0.0012204,0.0011796657142857142,-20.772220340243535,0.6710762779640026,1.118460463273338,0.0,-1.094272062846321,结构止损
V63固定方案,前段,BOME,V6_TREND,short,1787546400000,1787555700000,0.0011552,0.0011684057142857143,-8.496920083728046,0.6999797226278108,1.1666328710463516,0.0,-1.281527304197319,结构止损
V63固定方案,中段,BOME,V6_BREAKOUT,short,1788084000000,1788092100000,0.0009678,0.0009768,-6.129399581359563,0.5904818497300898,0.9841364162168164,0.0,-0.9340037457309812,V6.2突破连续两根收回箱体
V63固定方案,中段,BOME,V6_TREND,long,1788668700000,1788675900000,0.0009784,0.00094832,-20.65892529765051,0.7201567206995836,1.2002612011659728,0.0,-1.102485106382979,结构止损
V63固定方案,中段,BOME,V6_TREND,long,1788882000000,1788884400000,0.000941,0.0009315635714285714,-24.637020098141694,2.2264680777336894,3.7107801295561496,0.0,-1.3175037771554,结构止损
V63固定方案,后段,BOME,V6_TREND,long,1789569900000,1789574100000,0.0008873,0.000879555,-25.593854099418905,2.56644528728209,4.277408812136817,0.0,-1.3650055519690083,结构止损
V63固定方案,后段,BOME,V6_BREAKOUT,short,1789916400000,1789920600000,0.0008905,0.0009002,-5.931110504127414,0.5071582084249568,0.8452636807082615,0.0,-0.90610734521479,V6.2突破连续两根收回箱体
V63固定方案,后段,BOME,V6_TREND,long,1789949100000,1789955700000,0.0009685,0.0009578085714285714,-24.07904591584559,2.0205582091789633,3.3675970152982724,0.0,-1.288277071084983,结构止损
V63固定方案,后段,BOME,V6_TREND,long,1789989600000,1790073900000,0.0010416,0.0010579228571428571,17.253128535822295,1.6765380096676543,2.7942300161127576,0.0,0.9253119608443063,结构止损
V63固定方案,后段,BOME,V6_TREND,long,1790137500000,1790139900000,0.0011355,0.0011203964285714286,-23.141761257106687,1.6738759353097055,2.789793225516176,0.0,-1.238978860250651,结构止损
V63固定方案,前段,BONK,V6_TREND,short,1785342900000,1785345900000,2.89e-06,2.915142857142857e-06,-8.98680681818182,0.9091150568181832,1.5151917613636388,0.0,-1.3694181818181823,结构止损
V63固定方案,前段,BONK,V6_TREND,short,1785355500000,1785363300000,2.86e-06,2.9062857142857145e-06,-7.863519443075167,0.4900938881435997,0.8168231469059996,0.0,-1.1993283950617284,结构止损
V63固定方案,前段,BONK,V6_TREND,long,1787225100000,1787298000000,2.62e-06,2.92e-06,151.37782621945962,1.7283327872660323,2.8805546454433877,0.0,8.087111111111172,目标止盈
V63固定方案,前段,BONK,V6_BREAKOUT,long,1787367600000,1787375400000,3.27e-06,3.314285714285714e-06,5.220224409222649,0.6110324639909406,1.018387439984901,0.0,0.27471627906976703,结构止损
V63固定方案,中段,BONK,V6_TREND,long,1788189900000,1788190800000,3.01e-06,2.966e-06,-22.82454545454546,1.527954545454548,2.546590909090914,0.0,-1.2173090909090913,结构止损
V63固定方案,中段,BONK,V6_TREND,long,1788438900000,1788441000000,3.03e-06,3.004071428571428e-06,-25.672839108459762,2.6121131741951378,4.353521956991896,0.0,-1.3723504132231377,结构止损
V63固定方案,中段,BONK,V6_TREND,long,1788455700000,1788465900000,3.22e-06,3.1642142857142857e-06,-22.075669269239402,1.281225699485639,2.1353761658093986,0.0,-1.1831067861715745,结构止损
V63固定方案,后段,BONK,V6_TREND,long,1789952700000,1789954200000,3.08e-06,3.0501428571428574e-06,-24.909473684210536,2.3098026315789513,3.849671052631586,0.0,-1.3285052631578955,结构止损
V63固定方案,后段,BONK,V6_TREND,long,1789955100000,1789955700000,3.07e-06,3.040142857142857e-06,-24.82737985982373,2.2965319211181106,3.827553201863518,0.0,-1.327433492822967,结构止损
V63固定方案,后段,BONK,V6_TREND,long,1790005800000,1790008500000,3.41e-06,3.2884285714285717e-06,-20.30148331267488,0.61677746740123,1.0279624456687169,0.0,-1.0881579318448886,结构止损
V63固定方案,后段,BONK,V6_TREND,long,1790053800000,1790065800000,3.51e-06,3.440857142857143e-06,-21.6134232507195,1.1230294246221868,1.871715707703645,0.0,-1.1608462809917357,结构止损
V63固定方案,后段,BONK,V6_TREND,long,1790140500000,1790163000000,3.82e-06,3.8114285714285708e-06,-5.283677548217328,1.16415827633811,1.94026379389685,0.0,-0.28440273704790525,结构止损
V63固定方案,前段,ADA,V6_TREND,long,1787274600000,1787349000000,0.2039,0.22519999999999998,215.49295101552894,2.6914874551971,4.4858124253285006,0.0,11.492957387494878,目标止盈
V63固定方案,前段,ADA,V6_TREND,long,1787371500000,1787375400000,0.245,0.2410557142857143,-22.930625638996833,1.4162161334410184,2.3603602224016975,0.0,-1.1971685621151762,结构止损
V63固定方案,前段,ADA,V6_TREND,short,1787461800000,1787463000000,0.2156,0.21851285714285715,-8.283852316473057,0.5981187339167655,0.9968645565279427,0.0,-1.238453359489947,结构止损
V63固定方案,前段,ADA,V6_TREND,short,1787463900000,1787472600000,0.2165,0.21936214285714287,-8.31189391962549,0.6106729393799345,1.017788232299891,0.0,-1.2436564012977283,结构止损
V63固定方案,中段,ADA,V6_BREAKOUT,long,1788454800000,1788525300000,0.2222,0.21482714285714286,-20.528254214299547,0.6668453303623318,1.1114088839372198,0.0,-1.0948402247626425,结构止损
V63固定方案,中段,ADA,V6_TREND,short,1788995700000,1789009500000,0.2112,0.2133,-8.978676307600967,0.8228514880346768,1.3714191467244614,0.0,-1.3709936575052746,结构止损
V63固定方案,后段,ADA,V6_TREND,long,1789745100000,1789746600000,0.2199,0.21794357142857143,-25.463921139101828,2.5177204271631854,4.196200711938642,0.0,-1.3580757940854309,结构止损
V63固定方案,后段,ADA,V6_BREAKOUT,long,1789765200000,1789797600000,0.2236,0.22420714285714285,-0.5922819271982072,1.4553171063116144,2.4255285105193574,0.0,-0.03166901117087189,结构止损
V63固定方案,后段,ADA,V6_TREND,long,1789923900000,1789924200000,0.2328,0.23073714285714286,-25.42477077047061,2.5213598067074714,4.202266344512453,0.0,-1.359530193905817,结构止损
V63固定方案,后段,ADA,V6_TREND,long,1789992300000,1790054700000,0.242,0.24374857142857143,6.7484147193340345,2.024781664017638,3.374636106696064,0.0,0.36177791965948636,结构止损
V63固定方案,后段,ADA,V6_TREND,long,1790086500000,1790087400000,0.2539,0.2503514285714286,-22.91005215239513,1.5914721377776224,2.6524535629627044,0.0,-1.2273597423510485,结构止损
V63固定方案,后段,ADA,V6_TREND,long,1790136900000,1790142900000,0.2586,0.25638428571428573,-25.548712817033433,2.59707851743664,4.328464195727734,0.0,-1.3718777562862705,结构止损
V63固定方案,前段,ARB,V6_TREND,long,1787180700000,1787184900000,0.0902,0.08853642857142857,-21.97324173465006,1.2087156504937724,2.0145260841562873,0.0,-1.171906225848003,结构止损
V63固定方案,前段,ARB,V6_TREND,long,1787350200000,1787351700000,0.0997,0.09850571428571428,-23.676711695247885,1.8629668213126314,3.1049447021877192,0.0,-1.2655387559808606,结构止损
V63固定方案,前段,ARB,V6_TREND,long,1787352900000,1787356500000,0.0994,0.09827857142857142,-23.928482213857013,1.9740284537017765,3.290047422836295,0.0,-1.2820382165605078,结构止损
V63固定方案,前段,ARB,V6_TREND,short,1787461800000,1787462700000,0.0949,0.09602142857142858,-8.292009533095156,0.6656888930573889,1.1094814884289814,0.0,-1.2723974522292976,结构止损
V63固定方案,中段,ARB,V6_TREND,long,1788407400000,1788485400000,0.1279,0.13790285714285713,74.44811371039349,1.2396787089132335,2.066131181522056,0.0,3.970566064554319,结构止损
V63固定方案,中段,ARB,V6_TREND,short,1788768300000,1788789900000,0.1672,0.1700057142857143,-7.8826975532783905,0.4767528669959793,0.7945881116599656,0.0,-1.1922965376782069,结构止损
V63固定方案,后段,ARB,V6_TREND,short,1789919100000,1789919700000,0.2002,0.20348642857142857,-7.85226103021082,0.48366038632905767,0.8061006438817628,0.0,-1.1965350141273632,结构止损
V63固定方案,后段,ARB,V6_TREND,long,1789989600000,1789992300000,0.231,0.2266242857142857,-21.870296237070153,1.1756322099381766,1.959387016563628,0.0,-1.1673324191968646,结构止损
V63固定方案,后段,ARB,V6_TREND,long,1789998600000,1790004000000,0.2381,0.23179642857142857,-20.923957525380704,0.8361327450963216,1.3935545751605363,0.0,-1.1192711614730877,结构止损
V63固定方案,后段,ARB,V6_TREND,short,1790089800000,1790097000000,0.2142,0.21703642857142857,-8.11754571910866,0.5956059354155053,0.9926765590258423,0.0,-1.2432560060438174,结构止损
V63固定方案,前段,BTC,V6_TREND,long,1787248500000,1787250900000,72890.49,72458.52257142856,-24.428123916088722,3.7854159440591495,1.8927079720295747,0.0,-1.3028332755247318,结构止损
V63固定方案,前段,BTC,V6_TREND,short,1787756700000,1787758200000,77651.08,78113.68242857142,-8.530328658588349,1.3225730766055226,0.6612865383027613,0.0,-1.3030426939578204,结构止损
V63固定方案,中段,BTC,V6_TREND,long,1788453000000,1788485100000,80765.96,80850.04142857142,-2.4657596089510263,3.8959123945765306,1.9479561972882653,0.0,-0.13150717914405474,结构止损
V63固定方案,后段,BTC,V6_TREND,long,1789132500000,1789134000000,77726.0,77360.36,-25.907538357400735,4.771692238267155,2.3858461191335776,0.0,-1.3817353790613724,结构止损
V63固定方案,后段,BTC,V6_TREND,long,1789744500000,1789830900000,80768.43,81700.01,33.102390001222794,4.108768915984188,2.054384457992094,0.0,1.7700465549669346,V6.2持仓到期
V63固定方案,后段,BTC,V6_TREND,long,1789987500000,1790039100000,84262.45,85753.95328571429,43.634864684647745,3.325531429852377,1.6627657149261885,0.0,2.325519606324982,结构止损
V63固定方案,前段,ENA,V6_TREND,short,1785356400000,1785375900000,0.0781,0.07888785714285715,-8.654722574796002,0.7845834655485011,1.307639109247502,0.0,-1.3188148685403436,结构止损
V63固定方案,前段,ENA,V6_BREAKOUT,long,1787180400000,1787195400000,0.0944,0.0927,-15.81356370519182,0.8878994585991714,1.4798324309986193,0.0,-0.8441206272617585,V6.2突破连续两根收回箱体
V63固定方案,前段,ENA,V6_TREND,long,1787228700000,1787233800000,0.1,0.09822571428571429,-22.04756358045295,1.2537906064604722,2.089651010767454,0.0,-1.1787542673107891,结构止损
V63固定方案,前段,ENA,V6_BREAKOUT,long,1787245200000,1787264100000,0.1031,0.1153,51.43358770215608,0.568737454811463,0.9478957580191051,0.0,2.7559441860465133,目标止盈
V63固定方案,前段,ENA,V6_BREAKOUT,long,1787266800000,1787295300000,0.1153,0.13169999999999998,53.50465974450717,0.49543827939967827,0.8257304656661305,0.0,2.852179226069243,目标止盈
V63固定方案,前段,ENA,V6_TREND,long,1787304600000,1787375700000,0.1359,0.14431428571428573,26.67778378830128,0.5630592332438756,0.9384320554064595,0.0,1.4145509893455153,结构止损
V63固定方案,前段,ENA,V6_TREND,short,1787765100000,1787772600000,0.1371,0.1387757142857143,-8.36169068447208,0.6537538839168927,1.0895898065281546,0.0,-1.2634107416879763,结构止损
V63固定方案,中段,ENA,V6_RANGE,long,1787943300000,1787957700000,0.1597,0.1612,4.689822528069557,0.9152797899311863,1.5254663165519773,0.0,0.25012386816370974,V6.2持仓到期
V63固定方案,中段,ENA,V6_TREND,long,1788437100000,1788448800000,0.1543,0.1615,91.85936115609748,2.5998864406363995,4.333144067727333,0.0,4.896869383490028,目标止盈
V63固定方案,中段,ENA,V6_TREND,long,1788461400000,1788462900000,0.175,0.17100285714285715,-21.55297868872877,0.9832308634953607,1.6387181058256013,0.0,-1.1385000714796292,结构止损
V63固定方案,中段,ENA,V6_TREND,long,1788660600000,1788661500000,0.1839,0.18048214285714287,-22.112942767774193,1.2083718312779044,2.0139530521298408,0.0,-1.1705780564263324,结构止损
V63固定方案,中段,ENA,V6_TREND,short,1788799500000,1788829200000,0.1663,0.16580571428571428,-0.14330784681895592,0.7700478083718442,1.2834130139530737,0.0,-0.021722510460244916,结构止损
V63固定方案,中段,ENA,V6_TREND,short,1789004100000,1789009200000,0.1492,0.15116857142857143,-8.207671151807434,0.6039602087793765,1.0066003479656276,0.0,-1.244131204644412,结构止损
V63固定方案,中段,ENA,V6_TREND,short,1789047900000,1789050000000,0.1469,0.147,-2.4625226108758884,0.7615060977866556,1.2691768296444261,0.0,-0.3735779129620833,样本段结束强平
V63固定方案,后段,ENA,V6_TREND,short,1789164600000,1789171200000,0.1387,0.14035214285714287,-8.335983138780778,0.6650561770427922,1.1084269617379872,0.0,-1.270245049718976,结构止损
V63固定方案,后段,ENA,V6_BREAKOUT,long,1789704000000,1789706100000,0.1647,0.1615,-12.38819252681403,0.6514425461450103,1.0857375769083506,0.0,-0.6612548223350239,V6.2突破连续两根收回箱体
V63固定方案,后段,ENA,V6_BREAKOUT,long,1789718400000,1789729500000,0.1696,0.1648,-12.746677188651462,0.4793765953265636,0.7989609922109395,0.0,-0.681234585917548,V6.2突破连续两根收回箱体
V63固定方案,后段,ENA,V6_TREND,long,1789782300000,1789789800000,0.1717,0.1829,74.73740078900094,1.4955015303694867,2.492502550615811,0.0,3.9993809779688836,目标止盈
V63固定方案,后段,ENA,V6_TREND,long,1789823100000,1789824600000,0.2004,0.19469999999999998,-20.91542973163504,0.7830206078465158,1.3050343464108598,0.0,-1.1109052631578946,结构止损
V63固定方案,后段,ENA,V6_TREND,long,1789838400000,1789839000000,0.2053,0.20126357142857143,-21.81601552197269,1.1354464407531886,1.8924107345886478,0.0,-1.1611577419925674,结构止损
V63固定方案,后段,ENA,V6_TREND,long,1789924500000,1789925100000,0.2248,0.21964285714285714,-21.332276244780726,0.9693835977200891,1.6156393295334819,0.0,-1.1378880886426592,结构止损
V63固定方案,前段,FLOKI,V6_TREND,long,1787178000000,1787188800000,2.198e-05,2.1708142857142856e-05,-23.571077246452955,1.8079039674198578,3.0131732790330967,0.0,-1.2571241198108245,结构止损
V63固定方案,前段,FLOKI,V6_TREND,long,1787242200000,1787251500000,2.33e-05,2.2918714285714286e-05,-22.333774285397865,1.3604887707131113,2.267481284521852,0.0,-1.1939488947171222,结构止损
V63固定方案,前段,FLOKI,V6_BREAKOUT,long,1787299200000,1787334600000,2.512e-05,2.69e-05,43.931528990090705,0.8081192495607598,1.3468654159345996,0.0,2.353820055489498,目标止盈
V63固定方案,前段,FLOKI,V6_TREND,long,1787335500000,1787338800000,2.696e-05,2.646442857142857e-05,-21.979772520605252,1.2125521876391427,2.0209203127319046,0.0,-1.1724859037186504,结构止损
V63固定方案,前段,FLOKI,V6_TREND,short,1787458800000,1787474400000,2.594e-05,2.6254071428571428e-05,-8.287547308439935,0.6527874476529795,1.0879790794216326,0.0,-1.2658965658403456,结构止损
V63固定方案,前段,FLOKI,V6_TREND,long,1787523000000,1787526600000,2.796e-05,2.767614285714286e-05,-24.55060634730131,2.197896581904963,3.663160969841605,0.0,-1.313600805234025,结构止损
V63固定方案,中段,FLOKI,V6_TREND,long,1788518400000,1788525300000,2.642e-05,2.6073285714285712e-05,-23.292064276885004,1.7032741038318753,2.838790173053126,0.0,-1.2422434281005335,结构止损
V63固定方案,中段,FLOKI,V6_TREND,long,1788602700000,1788606300000,2.655e-05,2.6297214285714287e-05,-24.963499272698158,2.346439459956496,3.9107324332608275,0.0,-1.3344949420740317,结构止损
V63固定方案,中段,FLOKI,V6_TREND,short,1789033200000,1789050000000,2.424e-05,2.402e-05,4.803155629352318,0.9740599395137254,1.623433232522876,0.0,0.7354584253127145,样本段结束强平
V63固定方案,后段,FLOKI,V6_TREND,long,1789133100000,1789135500000,2.457e-05,2.551e-05,83.66063750926581,2.9234988880652186,4.872498146775365,0.0,4.461900667160843,目标止盈
V63固定方案,后段,FLOKI,V6_TREND,long,1789725900000,1789729800000,2.515e-05,2.4957285714285715e-05,-26.77236566478946,2.9495632385473454,4.915938730912243,0.0,-1.416013046701258,结构止损
V63固定方案,后段,FLOKI,V6_TREND,long,1789746600000,1789780800000,2.568e-05,2.539542857142857e-05,-24.271754591117983,2.0306584055285963,3.384430675880994,0.0,-1.2871710843373458,结构止损
V63固定方案,后段,FLOKI,V6_TREND,long,1789955100000,1789955700000,2.614e-05,2.59775e-05,-28.464230886858356,3.619903093878116,6.033171823130194,0.0,-1.513156923076921,结构止损
V63固定方案,后段,FLOKI,V6_TREND,long,1790009700000,1790013600000,2.892e-05,2.8284428571428572e-05,-21.45904831790955,1.0129735428646374,1.688289238107729,0.0,-1.1440075522589344,结构止损
V63固定方案,前段,DOT,V6_TREND,long,1787178000000,1787178900000,0.798,0.7924,-27.26999999999992,3.1949999999999714,5.324999999999953,0.0,-1.454399999999996,结构止损
V63固定方案,前段,DOT,V6_TREND,long,1787224800000,1787249100000,0.808,0.8480000000000001,142.74077639474464,3.797207939562043,6.328679899270073,0.0,7.633658394160591,目标止盈
V63固定方案,前段,DOT,V6_TREND,long,1787304600000,1787338200000,0.871,0.8917,45.30163395941169,2.6796852129430087,4.466142021571682,0.0,2.388506870229004,结构止损
V63固定方案,前段,DOT,V6_BREAKOUT,long,1787364000000,1787375700000,0.975,0.9313571428571429,-20.3829418284645,0.4993100846439201,0.8321834744065336,0.0,-1.0698893617021277,结构止损
V63固定方案,前段,DOT,V6_BREAKOUT,short,1787461200000,1787474700000,0.88,0.9,-4.762035784507923,0.22259516009517055,0.3709919334919509,0.0,-0.7155973154362425,V6.2突破连续两根收回箱体
V63固定方案,中段,DOT,V6_TREND,long,1788449700000,1788474900000,0.89,0.8820857142857143,-25.467292418772523,2.5189846570396957,4.198307761732826,0.0,-1.358255595667868,结构止损
V63固定方案,中段,DOT,V6_TREND,long,1788661800000,1788664200000,0.932,0.9239714285714287,-25.61971149737429,2.5940485014973094,4.323414169162183,0.0,-1.3698733096085427,结构止损
V63固定方案,中段,DOT,V6_TREND,long,1788793800000,1788811200000,1.07,1.0533428571428571,-19.29775330911431,1.2259322594269813,2.0432204323783023,0.0,-1.0344984524686813,结构止损
V63固定方案,后段,DOT,V6_TREND,long,1789103400000,1789113900000,1.142,1.1230285714285715,-22.331746987951835,1.3431551204819385,2.2385918674698977,0.0,-1.1910265060240979,结构止损
V63固定方案,后段,DOT,V6_BREAKOUT,short,1789167600000,1789171200000,1.033,1.041,-2.9917986469451057,0.3289329089145539,0.54822151485759,0.0,-0.456913494809687,V6.2突破连续两根收回箱体
V63固定方案,后段,DOT,V6_BREAKOUT,long,1789700400000,1789786800000,1.121,1.155,16.110456959657878,0.724690366557815,1.2078172775963585,0.0,0.8614057559789229,V6.2持仓到期
V63固定方案,后段,DOT,V6_TREND,long,1789988700000,1789992300000,1.197,1.1846642857142857,-24.51950840986954,2.1700436066758546,3.6167393444597584,0.0,-1.3089130283728996,结构止损
V63固定方案,前段,INJ,V6_TREND,long,1787225700000,1787229000000,4.865,4.813085714285714,-24.342729774353295,2.097273665382486,3.4954561089708105,0.0,-1.2982789212988424,结构止损
V63固定方案,前段,INJ,V6_TREND,long,1787305800000,1787312100000,4.924,4.8581,-23.14667348105431,1.6658685372679585,2.7764475621132645,0.0,-1.2375016691957508,结构止损
V63固定方案,前段,INJ,V6_TREND,long,1787354100000,1787356500000,5.084,5.037214285714286,-25.120075967492724,2.4221694744737303,4.036949124122884,0.0,-1.34613007633588,结构止损
V63固定方案,前段,INJ,V6_TREND,long,1787504700000,1787544600000,5.28,5.250242857142857,-10.961301364299738,1.4859845412123671,2.476640902020612,0.0,-0.588878555956674,结构止损
V63固定方案,前段,INJ,V6_TREND,long,1787576100000,1787589000000,5.483,5.813000000000001,68.33563100971136,1.484810431984655,2.4746840533077585,0.0,3.6752816024238393,目标止盈
V63固定方案,前段,INJ,V6_TREND,short,1787756700000,1787758500000,5.296,5.363257142857143,-8.214060543921066,0.623084479061735,1.0384741317695585,0.0,-1.2535762107051833,结构止损
V63固定方案,中段,INJ,V6_TREND,long,1788448500000,1788474900000,5.026,4.9750499999999995,-24.638743866535787,2.20827894995092,3.6804649165848673,0.0,-1.3140663395485752,结构止损
V63固定方案,中段,INJ,V6_TREND,long,1788598500000,1788619800000,4.922,4.8788285714285715,-25.497657146111074,2.5476955465728097,4.246159244288017,0.0,-1.3632338848444772,结构止损
V63固定方案,中段,INJ,V6_TREND,long,1788666000000,1788676500000,5.133,5.059071428571428,-22.77117131208942,1.5431913989955477,2.57198566499258,0.0,-1.220582028985507,结构止损
V63固定方案,中段,INJ,V6_TREND,long,1788743100000,1788787500000,5.436,5.7909999999999995,79.7413573266823,1.5937539497882665,2.6562565829804443,0.0,4.28410677319777,目标止盈
V63固定方案,中段,INJ,V6_TREND,long,1788789300000,1788795300000,5.739,5.663914285714286,-23.32188569535111,1.7096521306771724,2.8494202177952874,0.0,-1.2429844748858463,结构止损
V63固定方案,中段,INJ,V6_TREND,long,1788830400000,1788849000000,6.36,6.279185714285714,-23.403286120194828,1.7565754908731106,2.9276258181218515,0.0,-1.2502366625419818,结构止损
V63固定方案,后段,INJ,V6_TREND,short,1789168200000,1789173600000,5.718,5.779128571428571,-8.537351483991593,0.7405693064968477,1.2342821774947463,0.0,-1.3009297499415762,结构止损
V63固定方案,后段,INJ,V6_TREND,short,1789510200000,1789514100000,5.401,5.469714285714286,-8.216596672341778,0.6223872409699305,1.0373120682832175,0.0,-1.2531226611226602,结构止损
V63固定方案,后段,INJ,V6_TREND,short,1789575000000,1789575600000,5.307,5.351335714285715,-9.071483282906883,0.9449917730191789,1.5749862883652983,0.0,-1.384641082648622,结构止损
V63固定方案,后段,INJ,V6_TREND,short,1789577400000,1789581900000,5.312,5.360478571428572,-8.851140267417161,0.864595577549687,1.4409926292494784,0.0,-1.3522373950198914,结构止损
V63固定方案,后段,INJ,V6_TREND,long,1789705200000,1789718700000,5.856,6.165,96.02219056830685,2.390096476654884,3.98349412775814,0.0,5.139003800354745,目标止盈
V63固定方案,后段,INJ,V6_TREND,short,1790051700000,1790056800000,7.586,7.692085714285715,-8.124207080194083,0.5705433816810476,0.9509056361350794,0.0,-1.2304262860220845,结构止损
V63固定方案,前段,ETH,V6_TREND,short,1784901900000,1784907900000,1855.94,1868.8937142857144,-8.260839074010756,1.132226049340504,0.566113024670252,0.0,-1.258794525563544,结构止损
V63固定方案,前段,ETH,V6_TREND,long,1787179200000,1787195700000,2261.37,2224.2864285714286,-20.774037286349976,1.3596842397424984,0.6798421198712492,0.0,-1.1088646705318108,结构止损
V63固定方案,前段,ETH,V6_TREND,long,1787245800000,1787250900000,2339.38,2317.2503571428574,-22.236171620936936,2.3604080094084066,1.1802040047042033,0.0,-1.1893825105304796,结构止损
V63固定方案,前段,ETH,V6_TREND,long,1787305200000,1787311200000,2399.94,2374.2817142857143,-21.77768913103968,2.0825482306697416,1.0412741153348708,0.0,-1.1674624560153222,结构止损
V63固定方案,前段,ETH,V6_TREND,long,1787354100000,1787357400000,2524.52,2499.6162142857147,-21.992558947810515,2.2530168865974316,1.1265084432987158,0.0,-1.181567679899502,结构止损
V63固定方案,前段,ETH,V6_TREND,short,1787463000000,1787466900000,2380.26,2394.2195714285713,-8.500997198676213,1.3339120328104574,0.6669560164052287,0.0,-1.3078197376096363,结构止损
V63固定方案,前段,ETH,V6_TREND,long,1787574300000,1787590500000,2491.97,2472.726,-21.774359847693,2.735375634868351,1.3676878174341756,0.0,-1.1734493556072263,结构止损
V63固定方案,中段,ETH,V6_TREND,long,1788442500000,1788447000000,2426.94,2468.52,55.34179630343726,4.372780815081111,2.1863904075405554,0.0,2.951562469516654,目标止盈
V63固定方案,中段,ETH,V6_TREND,long,1788453300000,1788525300000,2497.62,2501.8925714285715,-0.23904071174257147,3.1589611308376324,1.5794805654188162,0.0,-0.012678671911769884,结构止损
V63固定方案,后段,ETH,V6_RANGE,long,1789431000000,1789441800000,2517.32,2502.9196428571427,-24.632947425038914,3.921964950025943,1.9609824750129714,0.0,-1.3137571960020755,结构止损
V63固定方案,后段,ETH,V6_TREND,long,1789725900000,1789736700000,2512.1,2499.729857142857,-25.523968623157778,4.546770266386484,2.273385133193242,0.0,-1.3646398367035781,结构止损
V63固定方案,后段,ETH,V6_TREND,long,1789744800000,1789831200000,2582.41,2641.02,50.27534157280968,2.9228160556492093,1.4614080278246047,0.0,2.694868178247582,V6.2持仓到期
V63固定方案,后段,ETH,V6_TREND,long,1789985400000,1790039100000,2722.67,2752.9559999999997,24.525400999790666,3.177512243836476,1.588756121918238,0.0,1.3080058965270531,结构止损
V63固定方案,前段,DOGE,V6_TREND,long,1787179200000,1787179800000,0.07522,0.07429342857142857,-23.590860314523585,1.8153226179463442,3.0255376965772407,0.0,-1.258179216774591,结构止损
V63固定方案,前段,DOGE,V6_TREND,long,1787355900000,1787357400000,0.09212,0.09039985714285714,-21.881479136782037,1.1908919999519134,1.984819999919856,0.0,-1.1697718129723451,结构止损
V63固定方案,前段,DOGE,V6_BREAKOUT,long,1787374800000,1787375400000,0.09851,0.09290385714285714,-19.684389371080687,0.38236875283195654,0.6372812547199276,0.0,-1.0546297479805316,结构止损
V63固定方案,前段,DOGE,V6_TREND,short,1787758500000,1787765400000,0.08444,0.08523964285714286,-8.733263690278685,0.8300710475881412,1.3834517459802356,0.0,-1.3395108530594004,结构止损
V63固定方案,中段,DOGE,V6_TREND,long,1788451800000,1788474600000,0.08879,0.08754714285714287,-23.0064137931035,1.596155172413811,2.660258620689685,0.0,-1.2270087356321868,结构止损
V63固定方案,后段,DOGE,V6_BREAKOUT,long,1789725600000,1789774800000,0.08574,0.08762585714285714,17.98227597955706,1.162909816865413,1.938183028109022,0.0,0.9590547189097098,结构止损
V63固定方案,后段,DOGE,V6_TREND,long,1789823100000,1789838400000,0.08913,0.09135,29.948107595448576,1.6792496578846743,2.798749429807791,0.0,1.5943653732751424,目标止盈
V63固定方案,后段,DOGE,V6_TREND,long,1790009100000,1790049900000,0.09616,0.10429,91.29743459414118,1.4060633577791244,2.343438929631874,0.0,4.84596959354638,目标止盈
V63固定方案,后段,DOGE,V6_TREND,long,1790130300000,1790153400000,0.10147,0.10027671428571429,-24.15371633384371,1.92849906554121,3.2141651092353505,0.0,-1.2705091823297014,结构止损
V63固定方案,前段,OP,V6_TREND,long,1787238300000,1787301900000,0.0935,0.1002,72.36393442622938,1.3161238136324396,2.1935396893873995,0.0,3.859409836065567,目标止盈
V63固定方案,前段,OP,V6_TREND,long,1787304900000,1787365200000,0.1004,0.1095,71.56392800688539,1.0283656497812852,1.7139427496354753,0.0,3.789321803582455,目标止盈
V63固定方案,前段,OP,V6_TREND,short,1787461800000,1787462700000,0.1046,0.10588642857142858,-8.399697771743455,0.6535294170081457,1.0892156950135763,0.0,-1.2617932259855624,结构止损
V63固定方案,前段,OP,V6_TREND,short,1787766000000,1787813400000,0.099,0.09700714285714286,14.31974707063797,1.002869092667566,1.6714484877792768,0.0,2.1528791208791134,结构止损
V63固定方案,中段,OP,V6_TREND,long,1788448800000,1788461400000,0.1013,0.10490000000000001,48.33310810810782,1.8286317567567427,3.0477195945945716,0.0,2.5777657657657507,目标止盈
V63固定方案,中段,OP,V6_TREND,long,1788462900000,1788465000000,0.1048,0.10384142857142857,-25.401946494719425,2.460495718881271,4.100826198135452,0.0,-1.3482539493293573,结构止损
V63固定方案,中段,OP,V6_TREND,short,1788877500000,1788880500000,0.1075,0.10842714285714286,-9.028556006633174,0.9191277869341455,1.5318796448902428,0.0,-1.3726323574730332,结构止损
V63固定方案,中段,OP,V6_TREND,short,1788997500000,1789009500000,0.0995,0.09913571428571429,0.3258563597112949,0.835748232957175,1.392913721595292,0.0,0.049585365853664305,结构止损
V63固定方案,中段,OP,V6_TREND,short,1789046400000,1789050000000,0.0961,0.0961,-1.2849046431758582,0.48183924119094673,0.8030654019849114,0.0,-0.19551680290644907,样本段结束强平
V63固定方案,后段,OP,V6_BREAKOUT,long,1789765200000,1789799400000,0.1187,0.12117714285714286,9.070676791020134,0.6236488940244297,1.0394148233740497,0.0,0.4837694288544071,结构止损
V63固定方案,前段,JUP,V6_BREAKOUT,long,1787173200000,1787216100000,0.1801,0.1899,46.09267734553798,1.1112700228833001,1.8521167048055005,0.0,2.458276125095359,目标止盈
V63固定方案,前段,JUP,V6_TREND,long,1787247600000,1787248800000,0.1917,0.19038571428571427,-27.598145337901528,3.2856455879544915,5.476075979924153,0.0,-1.4651478260869473,结构止损
V63固定方案,前段,JUP,V6_TREND,long,1787277900000,1787281800000,0.1933,0.19159571428571429,-25.572404639656533,2.5453977720533314,4.242329620088887,0.0,-1.3613438390611903,结构止损
V63固定方案,前段,JUP,V6_TREND,long,1787295000000,1787302800000,0.1942,0.2029,107.71230331023315,3.1822292609088803,5.303715434848135,0.0,5.748725050916457,目标止盈
V63固定方案,前段,JUP,V6_TREND,long,1787322300000,1787338200000,0.2124,0.20864642857142857,-22.337721227177052,1.2746368761207763,2.1243947935346275,0.0,-1.1794755470980014,结构止损
V63固定方案,前段,JUP,V6_TREND,long,1787496900000,1787560200000,0.2109,0.20455714285714285,-20.877191633627817,0.7426444887776723,1.237740814629454,0.0,-1.1047999999999998,结构止损
V63固定方案,前段,JUP,V6_RANGE,long,1787809200000,1787818200000,0.2139,0.21898357142857144,34.780819838318656,2.05732505141297,3.4288750856882837,0.0,1.844386678667866,目标止盈
V63固定方案,中段,JUP,V6_RANGE,long,1788288600000,1788303000000,0.2128,0.2132,-2.3914590747329907,2.170656745389834,3.6177612423163903,0.0,-0.12754448398575952,V6.2持仓到期
V63固定方案,中段,JUP,V6_TREND,long,1788449100000,1788472200000,0.2319,0.2344042857142857,12.558977345098809,1.998512831384139,3.330854718973565,0.0,0.6699723462166546,结构止损
V63固定方案,中段,JUP,V6_TREND,long,1788680100000,1788690000000,0.2374,0.25560000000000005,90.36316419554352,1.5351856258639092,2.5586427097731823,0.0,4.814473632233861,目标止盈
V63固定方案,中段,JUP,V6_TREND,long,1788698100000,1788753000000,0.2664,0.2585807142857143,-20.97292017001382,0.7629094276463396,1.2715157127438994,0.0,-1.107422745957796,结构止损
V63固定方案,后段,JUP,V6_TREND,long,1789133700000,1789220100000,0.2414,0.2447,10.677116594097704,1.23465166908563,2.0577527818093837,0.0,0.5694462183518776,V6.2持仓到期
V63固定方案,后段,JUP,V6_TREND,long,1789740600000,1789751100000,0.2613,0.25776428571428567,-23.17890380807315,1.653331580422208,2.7555526340370133,0.0,-1.2348896969696954,结构止损
V63固定方案,后段,JUP,V6_BREAKOUT,long,1789790400000,1789793700000,0.278,0.2721,-14.23648039334525,0.6930356685723525,1.1550594476205878,0.0,-0.7602293769021311,V6.2突破连续两根收回箱体
V63固定方案,前段,NEAR,V6_TREND,long,1787179200000,1787196600000,1.735,1.7169142857142856,-24.475924170616057,2.1472215639810193,3.5787026066350323,0.0,-1.3053826224328564,结构止损
V63固定方案,前段,NEAR,V6_TREND,long,1787282700000,1787298300000,1.79,1.868,61.25903349009887,1.8635695730959603,3.1059492884932673,0.0,3.2751647211413664,目标止盈
V63固定方案,前段,NEAR,V6_BREAKOUT,long,1787353200000,1787373000000,1.987,2.138,35.85038293995044,0.6144715912491514,1.0241193187485857,0.0,1.9050131926121323,目标止盈
V63固定方案,前段,NEAR,V6_BREAKOUT,short,1787461200000,1787469900000,1.816,1.859,-4.999412701007202,0.2255258798224406,0.37587646637073435,0.0,-0.7563218390804579,V6.2突破连续两根收回箱体
V63固定方案,前段,NEAR,V6_TREND,long,1787519100000,1787536800000,2.022,1.9786,-21.66090907650027,1.0440356914980815,1.7400594858301361,0.0,-1.1474875576036871,结构止损
V63固定方案,前段,NEAR,V6_RANGE,long,1787601900000,1787616300000,1.938,1.949,3.952129934178174,1.9279529435429432,3.213254905904906,0.0,0.20981567398119746,V6.2持仓到期
V63固定方案,前段,NEAR,V6_TREND,short,1787756700000,1787758200000,1.811,1.8350000000000002,-8.198352187880676,0.6011582660559778,1.0019304434266298,0.0,-1.243066666666664,结构止损
V63固定方案,中段,NEAR,V6_TREND,long,1788684900000,1788702000000,2.319,2.4200000000000004,31.47897304236204,0.9581418485237453,1.596903080872909,0.0,1.6788785622593088,目标止盈
V63固定方案,中段,NEAR,V6_TREND,long,1788705900000,1788707100000,2.431,2.362014285714286,-20.899935193976745,0.784092044820868,1.306820074701447,0.0,-1.1111653758542142,结构止损
V63固定方案,后段,NEAR,V6_BREAKOUT,short,1789174800000,1789185600000,2.331,2.385,-3.8072326959331937,0.17504006194451907,0.2917334365741985,0.0,-0.5801497441422011,V6.2突破连续两根收回箱体
V63固定方案,后段,NEAR,V6_BREAKOUT,long,1789707600000,1789793100000,3.539,3.6770285714285715,11.329667274640101,0.3878240590825377,0.6463734318042296,0.0,0.6044790605584753,结构止损
V63固定方案,后段,NEAR,V6_TREND,long,1789910700000,1789917000000,3.694,3.6335,-22.40030889406032,1.3635766234594664,2.2726277057657778,0.0,-1.193785123966943,结构止损
V63固定方案,后段,NEAR,V6_TREND,long,1789964100000,1789968900000,4.402,4.31675,-21.785721001493766,1.1488563809381445,1.9147606348969077,0.0,-1.1636363636363631,结构止损
V63固定方案,后段,NEAR,V6_TREND,long,1790165400000,1790169900000,4.769,4.629542857142857,-20.69565621789837,0.7554001721690482,1.2590002869484138,0.0,-1.1078300348289283,结构止损
V63固定方案,前段,ORDI,V6_TREND,short,1785360000000,1785361200000,3.23,3.258642857142857,-8.941129675810467,0.8919861284289258,1.4866435473815431,0.0,-1.3624578553615951,结构止损
V63固定方案,前段,ORDI,V6_RANGE,long,1786259400000,1786263900000,3.395,3.4165,7.375150544138675,2.843108847611695,4.738514746019492,0.0,0.3936933687002682,结构止损
V63固定方案,前段,ORDI,V6_BREAKOUT,long,1787212800000,1787220300000,3.778,4.074,43.96082542075919,0.7307034256747212,1.2178390427912023,0.0,2.3449445691998534,目标止盈
V63固定方案,前段,ORDI,V6_TREND,long,1787228100000,1787229600000,4.341,4.213935714285714,-20.857881914595204,0.7606468416761856,1.267744736126976,0.0,-1.107724189105627,结构止损
V63固定方案,中段,ORDI,V6_TREND,long,1788414000000,1788447000000,3.988,4.106,28.611247146710877,1.322686241958911,2.2044770699315186,0.0,1.5259331811579135,目标止盈
V63固定方案,中段,ORDI,V6_TREND,long,1788451800000,1788473100000,4.152,4.186428571428572,9.388123381195392,2.2273972978870296,3.7123288298117165,0.0,0.4992714358194019,结构止损
V63固定方案,中段,ORDI,V6_TREND,long,1788668700000,1788675600000,4.256,4.219,-25.71898217097422,2.586650006712898,4.311083344521497,0.0,-1.3664864864864872,结构止损
V63固定方案,中段,ORDI,V6_TREND,long,1788829800000,1788836100000,4.415,4.371928571428572,-24.900790387544916,2.2979117472658745,3.8298529121097915,0.0,-1.3264132669983428,结构止损
V63固定方案,中段,ORDI,V6_TREND,long,1788879900000,1788884100000,4.503,4.4195,-21.92797966102668,1.2006160930627805,2.001026821771301,0.0,-1.1709700598802397,结构止损
V63固定方案,中段,ORDI,V6_BREAKOUT,short,1788994800000,1789050000000,4.032,4.003,0.7634843390404686,0.22799541616167726,0.37999236026946215,0.0,0.11674380165289228,样本段结束强平
V63固定方案,后段,ORDI,V6_TREND,long,1789746600000,1789786800000,4.454,4.723,86.80036406189019,1.8793102327395574,3.132183721232596,0.0,4.629352749967477,目标止盈
V63固定方案,后段,ORDI,V6_TREND,short,1789903500000,1789906500000,4.431,4.464328571428571,-9.4462167703113,1.0600327617733825,1.7667212696223045,0.0,-1.4270367766823868,结构止损
V63固定方案,后段,ORDI,V6_TREND,long,1789965600000,1789996200000,4.682,4.96,99.24064329897946,2.186543958906851,3.644239931511419,0.0,5.252206315187825,目标止盈
V63固定方案,前段,ONDO,V6_TREND,short,1784901900000,1784904000000,0.3885,0.39160571428571433,-9.199931922723058,0.9890369710211473,1.6483949517019123,0.0,-1.401894388224466,结构止损
V63固定方案,前段,ONDO,V6_TREND,long,1787242200000,1787249400000,0.3575,0.35369142857142855,-24.32962930366646,2.098829691008089,3.4980494850134813,0.0,-1.2987750937734424,结构止损
V63固定方案,前段,ONDO,V6_TREND,long,1787277900000,1787279700000,0.3665,0.3609042857142857,-22.573849446271648,1.457519015089173,2.4291983584819556,0.0,-1.2079889711513903,结构止损
V63固定方案,前段,ONDO,V6_TREND,long,1787280600000,1787312400000,0.3639,0.3716285714285714,30.183183521760714,2.03310652720273,3.388510878671217,0.0,1.6188521002470841,结构止损
V63固定方案,前段,ONDO,V6_BREAKOUT,long,1787371200000,1787375400000,0.4194,0.39870285714285714,-19.88414589070106,0.4435298687283731,0.7392164478806219,0.0,-1.06324373274434,结构止损
V63固定方案,前段,ONDO,V6_TREND,short,1787454300000,1787472600000,0.3595,0.35942571428571424,-1.2154677784459538,0.48726844981342643,0.8121140830223775,0.0,-0.18606640316204925,结构止损
V63固定方案,前段,ONDO,V6_TREND,long,1787496600000,1787536800000,0.3788,0.36830142857142856,-20.786665660821843,0.7968104483847858,1.328017413974643,0.0,-1.1138595183018094,结构止损
V63固定方案,中段,ONDO,V6_TREND,long,1788405300000,1788406800000,0.3524,0.3498071428571428,-26.87471074380155,3.0467665289255823,5.077944214875971,0.0,-1.4333179063360826,结构止损
V63固定方案,中段,ONDO,V6_TREND,long,1788433500000,1788451200000,0.3562,0.3717,58.51136514418425,1.782602851485495,2.9710047524758254,0.0,3.1290152790769725,目标止盈
V63固定方案,中段,ONDO,V6_TREND,long,1788453300000,1788471900000,0.3689,0.36533857142857146,-25.01380753127537,2.326683301602994,3.877805502671657,0.0,-1.3298624949859628,结构止损
V63固定方案,中段,ONDO,V6_TREND,long,1788734700000,1788741600000,0.3825,0.393,39.03932117853807,1.961832139318056,3.2697202321967604,0.0,2.0807191011235933,目标止盈
V63固定方案,中段,ONDO,V6_TREND,short,1788853800000,1788857400000,0.3746,0.37765714285714286,-9.187950388282683,0.9733067214380313,1.6221778690633857,0.0,-1.3937046728971947,结构止损
V63固定方案,后段,ONDO,V6_TREND,short,1789510200000,1789514100000,0.3271,0.3312664285714286,-8.22167821018344,0.6221918288187896,1.0369863813646496,0.0,-1.2528271558374764,结构止损
V63固定方案,后段,ONDO,V6_TREND,long,1789789500000,1789793400000,0.4068,0.4021564285714286,-23.956586489388002,1.9582508010120359,3.26375133502006,0.0,-1.2787359483156446,结构止损
V63固定方案,后段,ONDO,V6_TREND,long,1789953600000,1789954200000,0.4425,0.4366285714285714,-23.167109416233206,1.679041373454339,2.7984022890905655,0.0,-1.2395678832116783,结构止损
V63固定方案,前段,PEPE,V6_TREND,long,1787213400000,1787252400000,2.99e-06,3.0904285714285712e-06,36.62879999999968,1.4733346153846083,2.4555576923076807,0.0,1.9535359999999828,结构止损
V63固定方案,前段,PEPE,V6_TREND,long,1787305800000,1787332200000,3.54e-06,3.9399999999999995e-06,59.09334976658499,0.6834770167213883,1.139128361202314,0.0,3.140143352601157,目标止盈
V63固定方案,前段,PEPE,V6_TREND,short,1787758500000,1787778600000,3.69e-06,3.740285714285714e-06,-8.19166321611484,0.5873795832489453,0.9789659720815758,0.0,-1.2364181818181819,结构止损
V63固定方案,中段,PEPE,V6_TREND,long,1788405600000,1788406500000,3.48e-06,3.451714285714286e-06,-26.101818181818196,2.756931818181823,4.594886363636372,0.0,-1.3920969696969705,结构止损
V63固定方案,中段,PEPE,V6_TREND,long,1788453000000,1788473700000,3.79e-06,3.717714285714286e-06,-21.808775958778305,1.1653938254509544,1.9423230424182576,0.0,-1.1661786561264826,结构止损
V63固定方案,后段,PEPE,V6_TREND,long,1789740300000,1789781100000,3.77e-06,3.7324285714285716e-06,-24.74053231939168,2.2464496197718784,3.7440826996197982,0.0,-1.319495057034223,结构止损
V63固定方案,后段,PEPE,V6_TREND,long,1789844700000,1789846800000,4.28e-06,4.179428571428571e-06,-21.220777544393368,0.943937265934585,1.5732287765576418,0.0,-1.1345818181818186,结构止损
V63固定方案,后段,PEPE,V6_TREND,long,1789847700000,1789853700000,4.24e-06,4.120571428571429e-06,-20.754313549872148,0.7839341272000293,1.3065568786667157,0.0,-1.1120076555023926,结构止损
V63固定方案,后段,PEPE,V6_TREND,long,1789995900000,1789998000000,4.31e-06,4.22e-06,-21.44927206384211,1.0591364466535191,1.7652274110891986,0.0,-1.1516444444444445,结构止损
V63固定方案,后段,PEPE,V6_BREAKOUT,long,1789999200000,1790002500000,4.3e-06,4.62e-06,48.444607170785495,0.8480595090343194,1.4134325150571991,0.0,2.6066942752740263,目标止盈
V63固定方案,后段,PEPE,V6_TREND,long,1790009100000,1790033700000,4.93e-06,4.7492857142857144e-06,-20.275979997446516,0.6001708267581032,1.0002847112635054,0.0,-1.0856980237154148,结构止损
V63固定方案,前段,LINK,V6_TREND,short,1785355500000,1785363000000,8.215,8.291328571428572,-8.833162829870837,0.8514985612015636,1.419164268669273,0.0,-1.3460057645517465,结构止损
V63固定方案,前段,LINK,V6_TREND,long,1787179500000,1787188500000,10.642,10.493714285714287,-23.005672309749876,1.602087933770956,2.670146556284927,0.0,-1.2280539499036631,结构止损
V63固定方案,前段,LINK,V6_TREND,short,1787467800000,1787472600000,11.232,11.34512142857143,-8.630555729753572,0.783356236992731,1.3055937283212187,0.0,-1.3193329039590782,结构止损
V63固定方案,中段,LINK,V6_BREAKOUT,long,1788472800000,1788474900000,11.941,11.783957142857142,-23.282194123533117,1.6995727963249183,2.8326213272081975,0.0,-1.2417170199217662,结构止损
V63固定方案,中段,LINK,V6_TREND,long,1788514500000,1788516600000,12.083,11.991785714285713,-26.606007921219327,2.962373263200357,4.937288772000596,0.0,-1.422298512137818,结构止损
V63固定方案,中段,LINK,V6_BREAKOUT,long,1788627600000,1788629100000,11.971,12.203999999999999,34.34465101515082,2.5636535764448634,4.272755960741439,0.0,1.8408986331032604,目标止盈
V63固定方案,后段,LINK,V6_BREAKOUT,long,1789707600000,1789743300000,11.787,12.137,26.285550915515465,1.2104176035978116,2.0173626726630194,0.0,1.4018960488274914,目标止盈
V63固定方案,后段,LINK,V6_TREND,long,1789744500000,1789830900000,12.145,12.58,77.36255995255252,2.9022698181673956,4.837116363612327,0.0,4.115186203820731,V6.2持仓到期
V63固定方案,后段,LINK,V6_TREND,long,1789982100000,1790038800000,12.823,13.086157142857141,45.36695001604536,3.1810723356798376,5.301787226133063,0.0,2.3947495409304573,结构止损
V63固定方案,前段,PYTH,V6_TREND,short,1785361200000,1785363600000,0.03932,0.03970935714285714,-8.693726472206933,0.7992099270776006,1.3320165451293344,0.0,-1.32475831957439,结构止损
V63固定方案,前段,PYTH,V6_TREND,long,1787178000000,1787228100000,0.0422,0.04383685714285714,46.23132128227027,1.5918899824556247,2.653149970759375,0.0,2.4678159200470127,结构止损
V63固定方案,前段,PYTH,V6_TREND,long,1787288700000,1787297100000,0.04627,0.04949,94.81960713424057,1.776439210425294,2.96073201737549,0.0,5.038133771415136,目标止盈
V63固定方案,前段,PYTH,V6_TREND,long,1787301000000,1787303100000,0.04892,0.04799542857142857,-22.184451668659463,1.19485571813021,1.9914261968836837,0.0,-1.1677152039555008,结构止损
V63固定方案,前段,PYTH,V6_BREAKOUT,long,1787371200000,1787375700000,0.05331,0.050700857142857145,-20.16566952689326,0.4534108575474101,0.755684762579017,0.0,-1.063782391590013,结构止损
V63固定方案,前段,PYTH,V6_RANGE,long,1787744700000,1787746200000,0.05297,0.05160814285714286,-21.24322338763045,0.8716725417099535,1.4527875695165893,0.0,-1.1228653309556278,结构止损
V63固定方案,前段,PYTH,V6_TREND,short,1787765100000,1787781900000,0.04893,0.04935042857142857,-6.062974355621128,0.6188975356604721,1.0314958927674536,0.0,-0.9175722260040915,结构止损
V63固定方案,中段,PYTH,V6_TREND,short,1788492300000,1788493800000,0.05323,0.05391085714285714,-8.214798153587914,0.6196118075954679,1.0326863459924467,0.0,-1.2517787662610154,结构止损
V63固定方案,中段,PYTH,V6_TREND,long,1788668100000,1788670500000,0.05647,0.05591264285714286,-24.778674604412284,2.2665290066063473,3.7775483443439124,0.0,-1.3226158144303506,结构止损
V63固定方案,后段,PYTH,V6_TREND,long,1789223700000,1789260300000,0.05384,0.05449728571428571,18.52644596762436,2.4884238734140336,4.147373122356723,0.0,0.9880771182732991,结构止损
V63固定方案,后段,PYTH,V6_TREND,long,1789699500000,1789779600000,0.05772,0.05977214285714286,68.48943484061127,2.5900105771753497,4.31668429529225,0.0,3.646015088013412,结构止损
V63固定方案,后段,PYTH,V6_TREND,long,1789788900000,1789792500000,0.06145,0.06089157142857143,-25.54280145125163,2.4861175030260707,4.143529171710118,0.0,-1.350530979790228,结构止损
V63固定方案,后段,PYTH,V6_TREND,short,1789904400000,1789906200000,0.05771,0.05815492857142857,-9.353980950107864,1.031677215667442,1.7194620261124034,0.0,-1.416659881200831,结构止损
V63固定方案,后段,PYTH,V6_TREND,long,1790003400000,1790004600000,0.06579,0.06486957142857143,-23.12857338560831,1.605318778535782,2.6755312975596373,0.0,-1.2271282321899732,结构止损
V63固定方案,前段,RUNE,V6_BREAKOUT,long,1787245200000,1787251200000,0.447,0.441,-17.486175942549327,1.2554757630161537,2.092459605026923,0.0,-0.9325960502692975,V6.2突破连续两根收回箱体
V63固定方案,前段,RUNE,V6_BREAKOUT,short,1787774400000,1787780100000,0.468,0.477,-5.752393810343939,0.3102746661401283,0.5171244435668805,0.0,-0.8780906921241048,V6.2突破连续两根收回箱体
V63固定方案,后段,RUNE,V6_BREAKOUT,long,1789761600000,1789781100000,0.542,0.539,-14.402784222737814,1.9751450116009261,3.291908352668211,0.0,-0.7681484918793501,V6.2突破连续两根收回箱体
V63固定方案,后段,RUNE,V6_BREAKOUT,long,1789866000000,1789866900000,0.556,0.5522285714285715,-27.525752616072644,3.301034188683853,5.501723647806423,0.0,-1.4701575757575802,结构止损
V63固定方案,后段,RUNE,V6_TREND,long,1789920600000,1789980000000,0.56,0.5820000000000001,49.55974934507982,1.6833726726705596,2.8056211211176,0.0,2.6543157894736686,目标止盈
V63固定方案,后段,RUNE,V6_BREAKOUT,long,1789988400000,1790017800000,0.598,0.6319999999999999,41.16837880980293,0.9484972390620203,1.580828731770034,0.0,2.193972602739712,目标止盈
V63固定方案,后段,RUNE,V6_BREAKOUT,long,1790020800000,1790107200000,0.638,0.645,2.9564506346322412,0.46003308912918334,0.7667218152153056,0.0,0.15691164476665162,V6.2持仓到期
V63固定方案,前段,SAND,V6_TREND,short,1785361800000,1785363000000,0.04069,0.04100235714285714,-9.308618568488459,1.029794463183172,1.716324105305287,0.0,-1.4184561628172891,结构止损
V63固定方案,前段,SAND,V6_BREAKOUT,long,1787241600000,1787272500000,0.04279,0.04446,29.956414753414528,1.0247113907091299,1.70785231784855,0.0,1.599164054336467,目标止盈
V63固定方案,前段,SAND,V6_TREND,short,1787454300000,1787484300000,0.04419,0.04516342857142858,-7.541861298027174,0.3621791931678062,0.6036319886130105,0.0,-1.1468679776929844,结构止损
V63固定方案,前段,SAND,V6_TREND,short,1787893800000,1787898000000,0.0402,0.04051507142857143,-9.264518553291825,1.0100316688208617,1.6833861147014364,0.0,-1.409888369984131,结构止损
V63固定方案,中段,SAND,V6_TREND,short,1788154800000,1788155400000,0.03682,0.03726,-8.33031818181817,0.6629318181818138,1.1048863636363564,0.0,-1.2693818181818164,结构止损
V63固定方案,中段,SAND,V6_TREND,long,1788452100000,1788465900000,0.03984,0.04013842857142857,11.233488616021514,3.162338977215261,5.270564962025436,0.0,0.5996188944723592,结构止损
V63固定方案,后段,SAND,V6_BREAKOUT,long,1789725600000,1789776300000,0.03834,0.04086,42.10697050938359,0.8360589812332476,1.3934316353887461,0.0,2.245705093833791,目标止盈
V63固定方案,后段,SAND,V6_TREND,long,1789781100000,1789797300000,0.03917,0.03876028571428571,-24.559170086123967,2.1488323186570772,3.581387197761796,0.0,-1.3043302649930226,结构止损
V63固定方案,后段,SAND,V6_TREND,long,1790064900000,1790071800000,0.04243,0.042093000000000005,-26.320408292575657,2.8265648125432663,4.710941354238778,0.0,-1.4012961424332382,结构止损
V63固定方案,前段,SEI,V6_BREAKOUT,short,1784944800000,1784971800000,0.04377,0.04414,-7.504241842610303,0.7751181621881005,1.2918636036468343,0.0,-1.1435035188739509,V6.2突破连续两根收回箱体
V63固定方案,前段,SEI,V6_TREND,short,1785355500000,1785364200000,0.04138,0.041915857142857144,-8.188514082670368,0.611602028017343,1.0193367133622384,0.0,-1.248710637163423,结构止损
V63固定方案,前段,SEI,V6_TREND,long,1787179200000,1787246100000,0.04111,0.043300000000000005,97.25104676162918,2.396842208006379,3.9947370133439657,0.0,5.194874684001403,目标止盈
V63固定方案,前段,SEI,V6_BREAKOUT,long,1787248800000,1787250900000,0.04334,0.04264,-20.619046849456296,1.2699809315419788,2.116634885903298,0.0,-1.0907862325581434,V6.2突破连续两根收回箱体
V63固定方案,前段,SEI,V6_BREAKOUT,long,1787292000000,1787320800000,0.04447,0.0468,63.95932531257522,1.6037508666643674,2.6729181111072795,0.0,3.390502550454645,目标止盈
V63固定方案,前段,SEI,V6_TREND,long,1787322600000,1787374500000,0.04674,0.05079,123.79534236066766,1.8603865287146686,3.100644214524448,0.0,6.520972248803897,目标止盈
V63固定方案,前段,SEI,V6_TREND,long,1787505000000,1787530200000,0.04815,0.047641142857142854,-25.00417760160313,2.170453693965142,3.617422823275237,0.0,-1.3011961819202689,结构止损
V63固定方案,前段,SEI,V6_TREND,short,1787756700000,1787765400000,0.04504,0.045523,-8.722096417074898,0.7548000109121205,1.2580000181868676,0.0,-1.3000016563146972,结构止损
V63固定方案,中段,SEI,V6_TREND,long,1788787200000,1788788100000,0.0502,0.049798857142857145,-26.228547008547014,2.80445512820513,4.674091880341884,0.0,-1.3988558404558409,结构止损
V63固定方案,中段,SEI,V6_BREAKOUT,short,1788994800000,1789050000000,0.04694,0.04532,6.540647304437834,0.2459032916579234,0.4098388194298724,0.0,0.9992910606942099,样本段结束强平
V63固定方案,后段,SEI,V6_TREND,short,1789062000000,1789063200000,0.04477,0.04510471428571428,-9.38187323943662,1.057264964788733,1.7621082746478884,0.0,-1.4296187793427235,结构止损
V63固定方案,后段,SEI,V6_TREND,long,1789715400000,1789729800000,0.04666,0.04663057142857143,-8.987923362038279,2.815397001348221,4.692328335580369,0.0,-0.47980606060605346,结构止损
V63固定方案,后段,SEI,V6_TREND,long,1789789800000,1789792800000,0.04849,0.04805171428571429,-25.311553213916387,2.473498718454057,4.1224978640900956,0.0,-1.3524338983050879,结构止损
V63固定方案,后段,SEI,V6_TREND,long,1789968000000,1790004300000,0.05628,0.058535,40.47705836809374,1.3462219180260133,2.2437031967100225,0.0,2.168247644683716,结构止损
V63固定方案,前段,STX,V6_TREND,long,1787178000000,1787195400000,0.1283,0.1301342857142857,21.496115273775448,2.346017291066323,3.910028818443872,0.0,1.146459481268024,结构止损
V63固定方案,前段,STX,V6_BREAKOUT,long,1787205600000,1787265000000,0.1336,0.1455,74.7640413708731,1.093120177690407,1.8218669628173452,0.0,3.978862531017373,目标止盈
V63固定方案,前段,STX,V6_TREND,long,1787285100000,1787334900000,0.1561,0.1757,126.47218237123911,1.3203588873774075,2.2005981456290127,0.0,6.680872872872848,目标止盈
V63固定方案,前段,STX,V6_BREAKOUT,long,1787338800000,1787360400000,0.1747,0.1988,60.89988454777704,0.5806923602337135,0.9678206003895227,0.0,3.177226728466593,目标止盈
V63固定方案,前段,STX,V6_TREND,long,1787362200000,1787375400000,0.196,0.19632285714285713,-1.113303353449762,0.8596244266523105,1.432707377753851,0.0,-0.05773852813853149,结构止损
V63固定方案,前段,STX,V6_TREND,long,1787424300000,1787455500000,0.2144,0.20804142857142857,-21.329127639992965,0.7685267492245548,1.280877915374258,0.0,-1.1062984497865647,结构止损
V63固定方案,中段,STX,V6_TREND,long,1788402000000,1788408300000,0.2664,0.27930000000000005,106.29818181818301,2.8938636363636636,4.823106060606107,0.0,5.669236363636427,目标止盈
V63固定方案,中段,STX,V6_TREND,long,1788412200000,1788413100000,0.2791,0.2755664285714286,-23.708480737981173,1.7846893676520288,2.974482279420048,0.0,-1.2511527794623014,结构止损
V63固定方案,中段,STX,V6_TREND,short,1788750600000,1788754200000,0.2601,0.2633442857142857,-8.324797405781542,0.640536717917873,1.0675611965297884,0.0,-1.258149537648614,结构止损
V63固定方案,中段,STX,V6_BREAKOUT,short,1788854400000,1788860700000,0.2665,0.2698,-6.2214790589320526,0.48145959952265716,0.8024326658710953,0.0,-0.9410462334303294,V6.2突破连续两根收回箱体
V63固定方案,中段,STX,V6_RANGE,long,1788967800000,1788974100000,0.2692,0.2756314285714286,41.089239343364156,2.415963005893464,4.026605009822441,0.0,2.1766156599552495,目标止盈
V63固定方案,后段,STX,V6_BREAKOUT,short,1789088400000,1789101000000,0.2509,0.2562014285714286,-7.566864187550525,0.3766365703314472,0.6277276172190788,0.0,-1.1530459714362706,结构止损
V63固定方案,后段,STX,V6_BREAKOUT,short,1789509600000,1789596000000,0.2388,0.2394,-1.2004357862709256,0.2523067831376411,0.4205113052294019,0.0,-0.1830620689655165,V6.2持仓到期
V63固定方案,后段,STX,V6_BREAKOUT,long,1789768800000,1789797000000,0.2874,0.2793,-17.1446594486099,0.6472419599717032,1.0787365999528389,0.0,-0.9151842067063445,V6.2突破连续两根收回箱体
V63固定方案,后段,STX,V6_TREND,long,1790027700000,1790033700000,0.3431,0.3389064285714286,-23.567715039259166,1.824862486191085,3.041437476985142,0.0,-1.2602102537898154,结构止损
V63固定方案,后段,STX,V6_TREND,short,1790151900000,1790172900000,0.3309,0.31029999999999996,54.3581509936526,1.0683857351292096,1.7806428918820163,0.0,8.324335358444978,目标止盈
V63固定方案,前段,SOL,V6_TREND,long,1787217000000,1787227800000,87.45,86.94535714285713,-24.58169187898075,3.887794585987168,1.943897292993584,0.0,-1.3110235668789734,结构止损
V63固定方案,前段,SOL,V6_TREND,long,1787274300000,1787301600000,88.34,91.77999999999999,98.47768776470046,3.246806384135524,1.623403192067762,0.0,5.265085819183046,目标止盈
V63固定方案,前段,SOL,V6_TREND,long,1787303400000,1787312100000,91.4,90.15785714285714,-21.37331670409983,1.6565078078760698,0.8282539039380349,0.0,-1.1315485336400222,结构止损
V63固定方案,前段,SOL,V6_BREAKOUT,long,1787353200000,1787373300000,94.3,98.66,27.06102068848176,0.7483911303893581,0.37419556519467906,0.0,1.435713683797949,目标止盈
V63固定方案,中段,SOL,V6_RANGE,long,1787943600000,1787958000000,103.11,104.13,15.946760204081725,2.379030612244923,1.1895153061224615,0.0,0.8504938775510253,V6.2持仓到期
V63固定方案,中段,SOL,V6_TREND,long,1788441300000,1788442800000,101.57,101.11878571428572,-24.993389154679107,4.796975689525725,2.3984878447628626,0.0,-1.4042866392274937,结构止损
V63固定方案,中段,SOL,V6_TREND,short,1788768900000,1788772500000,104.54,105.01535714285716,-9.157905441140334,1.7342281942594429,0.8671140971297214,0.0,-1.3967539444026997,结构止损
V63固定方案,中段,SOL,V6_TREND,short,1788799500000,1788809700000,103.76,104.33828571428572,-8.67207034773361,1.4143447156187916,0.7071723578093958,0.0,-1.3238683794466415,结构止损
V63固定方案,后段,SOL,V6_TREND,long,1789722600000,1789729800000,106.31,105.72157142857144,-24.830657774945436,4.053771849963626,2.026885924981813,0.0,-1.32430174799709,结构止损
V63固定方案,后段,SOL,V6_TREND,long,1789744500000,1789797600000,110.07,111.91514285714287,30.912933842827194,2.5023925820093336,1.2511962910046668,0.0,1.6527938006744936,结构止损
V63固定方案,后段,SOL,V6_TREND,long,1789945800000,1789980000000,110.89,114.29999999999998,96.09170113333919,4.048020676061003,2.0240103380305015,0.0,5.121775521843267,目标止盈
V63固定方案,后段,SOL,V6_TREND,long,1790025900000,1790033700000,119.2,118.52742857142857,-24.967165181443217,4.017059316127288,2.008529658063644,0.0,-1.318114443500424,结构止损
V63固定方案,前段,SUI,V6_TREND,long,1787179200000,1787195100000,0.7103,0.7016414285714286,-23.642059066160716,1.8345221498102675,3.057536916350446,0.0,-1.2609098168619048,结构止损
V63固定方案,前段,SUI,V6_TREND,long,1787242800000,1787249700000,0.7363,0.7293207142857143,-24.990651056937846,2.3568674691325855,3.9281124485543097,0.0,-1.3359932862552488,结构止损
V63固定方案,前段,SUI,V6_TREND,long,1787289000000,1787302500000,0.7584,0.8046,88.6966062446542,1.9034599566178938,3.1724332610298234,0.0,4.753603729603747,目标止盈
V63固定方案,前段,SUI,V6_TREND,long,1787304600000,1787339100000,0.7831,0.7914542857142858,9.503885641722754,1.5387544266399718,2.5645907110666197,0.0,0.5048512700080364,结构止损
V63固定方案,前段,SUI,V6_TREND,long,1787353500000,1787355600000,0.8544,0.8431485714285715,-23.39159649862158,1.7057463404307878,2.8429105673846466,0.0,-1.2413984763839512,结构止损
V63固定方案,前段,SUI,V6_BREAKOUT,short,1787461200000,1787480700000,0.7833,0.8105,-6.647366484445578,0.2136714799336881,0.3561191332228135,0.0,-1.0102874884781434,V6.2突破连续两根收回箱体
V63固定方案,前段,SUI,V6_TREND,long,1787514300000,1787515500000,0.8411,0.8282285714285714,-22.684991677480138,1.4618906783502146,2.436484463917025,0.0,-1.2075081021087686,结构止损
V63固定方案,中段,SUI,V6_TREND,long,1788401400000,1788413400000,0.757,0.7606042857142857,2.960598388952878,2.292123849252035,3.820206415420059,0.0,0.1578985807441535,结构止损
V63固定方案,中段,SUI,V6_TREND,long,1788449100000,1788449400000,0.7821,0.7748578571428572,-25.207034504273274,2.4193062683602458,4.032177113933743,0.0,-1.3439772758654696,结构止损
V63固定方案,中段,SUI,V6_TREND,long,1788450900000,1788451800000,0.7872,0.7775942857142858,-23.584489106907156,1.8285754404837689,3.047625734139615,0.0,-1.2606439024390261,结构止损
V63固定方案,中段,SUI,V6_TREND,long,1788454200000,1788474600000,0.7868,0.7784242857142858,-24.24466825653383,2.0927254654970655,3.4878757758284427,0.0,-1.2990024219682763,结构止损
V63固定方案,中段,SUI,V6_TREND,long,1788614700000,1788678900000,0.7994,0.7909542857142857,-24.228115274597567,2.103565129638842,3.505941882731404,0.0,-1.3012849797023005,结构止损
V63固定方案,中段,SUI,V6_TREND,long,1788788400000,1788791700000,0.828,0.8187778571428571,-23.879696037562148,1.9899433093030123,3.3165721821716874,0.0,-1.2857084966307801,结构止损
V63固定方案,中段,SUI,V6_TREND,short,1788997500000,1789050000000,0.7723,0.7439,23.176075512300525,0.8117222790970864,1.3528704651618106,0.0,3.5738291891891785,样本段结束强平
V63固定方案,后段,SUI,V6_TREND,short,1789081500000,1789088700000,0.7298,0.7360371428571428,-9.030182775996343,0.9253810409986294,1.542301734997716,0.0,-1.3760278515803954,结构止损
V63固定方案,后段,SUI,V6_TREND,long,1789700700000,1789764600000,0.7676,0.8155000000000001,131.2241545449546,2.747469868787342,4.579116447978903,0.0,7.004947171059998,目标止盈
V63固定方案,后段,SUI,V6_TREND,long,1789771500000,1789780800000,0.8165,0.81267,-20.511784793261796,3.1150120215824253,5.191686702637376,0.0,-1.0807556728232188,结构止损
V63固定方案,后段,SUI,V6_TREND,long,1789812900000,1789847100000,0.8361,0.8766999999999999,118.63834812426998,3.220385720694553,5.367309534490922,0.0,6.263688017017354,目标止盈
V63固定方案,后段,SUI,V6_TREND,long,1789849500000,1789852200000,0.8758,0.86468,-23.962092950685843,1.7996219802650273,2.9993699671083793,0.0,-1.2504287769784168,结构止损
V63固定方案,后段,SUI,V6_TREND,long,1789975800000,1790004600000,0.9557,1.0104157142857144,63.32485622971662,1.4485650495260445,2.4142750825434076,0.0,3.312286131118967,结构止损
V63固定方案,前段,TIA,V6_TREND,short,1785355500000,1785360900000,0.3119,0.3164485714285714,-8.012990577889456,0.5439339667085458,0.9065566111809098,0.0,-1.2210271356783935,结构止损
V63固定方案,前段,TIA,V6_TREND,long,1787178000000,1787188500000,0.3276,0.3214342857142857,-21.890396986087676,1.1832830037829567,1.9721383396382612,0.0,-1.168424096385541,结构止损
V63固定方案,前段,TIA,V6_TREND,long,1787243400000,1787250900000,0.3378,0.3349692857142857,-25.802640222527515,2.665765902828737,4.442943171381229,0.0,-1.3802682816048433,结构止损
V63固定方案,前段,TIA,V6_TREND,long,1787304600000,1787324100000,0.3583,0.38670000000000004,117.18056752837208,1.9251585447361896,3.2085975745603164,0.0,6.284639498432629,目标止盈
V63固定方案,前段,TIA,V6_TREND,long,1787354400000,1787355000000,0.3974,0.39382285714285714,-25.541712097499193,2.5036677508061977,4.172779584676997,0.0,-1.3539015974440913,结构止损
V63固定方案,前段,TIA,V6_TREND,long,1787360700000,1787375400000,0.4035,0.40058,-9.564831276516028,1.0969934634198484,1.8283224390330806,0.0,-0.5082978767478037,结构止损
V63固定方案,前段,TIA,V6_TREND,short,1787458800000,1787474400000,0.3641,0.3683407142857143,-8.398107619195994,0.6818638580923462,1.1364397634872436,0.0,-1.276346168098364,结构止损
V63固定方案,中段,TIA,V6_TREND,long,1788462300000,1788463800000,0.3747,0.3716928571428571,-26.196199524940575,2.792324821852715,4.653874703087858,0.0,-1.397130641330164,结构止损
V63固定方案,中段,TIA,V6_TREND,long,1788651000000,1788653400000,0.3814,0.3778485714285714,-25.097685103831587,2.3988011167278174,3.9980018612130293,0.0,-1.3420588897827816,结构止损
V63固定方案,中段,TIA,V6_TREND,long,1788682500000,1788684000000,0.3909,0.38535285714285716,-22.83041275039425,1.5662207940274468,2.610367990045745,0.0,-1.2238998712335825,结构止损
V63固定方案,中段,TIA,V6_TREND,short,1788878100000,1788879900000,0.4146,0.4180042857142857,-9.062861421813048,0.9558770594880477,1.5931284324800798,0.0,-1.3913205203524994,结构止损
V63固定方案,后段,TIA,V6_TREND,short,1789122300000,1789130100000,0.3655,0.36826285714285717,-9.35110237849014,1.0457258919338024,1.7428764865563373,0.0,-1.4249298862461168,结构止损
V63固定方案,后段,TIA,V6_TREND,long,1789715100000,1789731300000,0.3919,0.38742,-22.975503064308796,1.8759082431939245,3.1265137386565414,0.0,-1.2265070827596853,结构止损
V63固定方案,后段,TIA,V6_TREND,long,1789765500000,1789768500000,0.4085,0.4055828571428572,-27.034380404132246,3.129372296001559,5.2156204933359325,0.0,-1.446509696376113,结构止损
V63固定方案,后段,TIA,V6_BREAKOUT,long,1789790400000,1789791600000,0.4123,0.41,-10.235213211712924,1.3966527719253055,2.3277546198755097,0.0,-0.5491377739205943,V6.2突破连续两根收回箱体
V63固定方案,后段,TIA,V6_TREND,long,1789859100000,1789872600000,0.4235,0.41826714285714284,-23.411776860143643,1.7971011500169758,2.9951685833616266,0.0,-1.2573789789789784,结构止损
V63固定方案,后段,TIA,V6_TREND,long,1789965300000,1789967400000,0.4299,0.42531357142857146,-24.117565337212923,2.078233234522743,3.4637220575379057,0.0,-1.298345802834451,结构止损
V63固定方案,后段,TIA,V6_TREND,long,1789982100000,1789984800000,0.4336,0.43027642857142856,-26.23678239416524,2.889897294007589,4.816495490012649,0.0,-1.4158786159467016,结构止损
V63固定方案,后段,TIA,V6_TREND,long,1789997700000,1790004300000,0.4396,0.43434,-23.394186098024296,1.8423714205756352,3.0706190342927258,0.0,-1.265837262357415,结构止损
V63固定方案,后段,TIA,V6_TREND,long,1790124300000,1790125200000,0.5167,0.5063442857142858,-21.351619236559383,1.092857884626464,1.8214298077107738,0.0,-1.1580645054490284,结构止损
V63固定方案,后段,TIA,V6_TREND,long,1790154600000,1790163000000,0.5256,0.5150699999999999,-21.306397404424075,1.0909125548514316,1.8181875914190528,0.0,-1.158126495726495,结构止损
V63固定方案,前段,WIF,V6_TREND,short,1785355500000,1785370200000,0.1423,0.14448857142857144,-7.938411227154046,0.5159667101827675,0.8599445169712794,0.0,-1.2096626631853786,结构止损
V63固定方案,前段,WIF,V6_BREAKOUT,long,1787227200000,1787298000000,0.1589,0.1719,34.39500852028337,0.547419979849267,0.9123666330821117,0.0,1.8358578338590898,目标止盈
V63固定方案,前段,WIF,V6_TREND,long,1787304900000,1787351400000,0.1758,0.19740000000000002,109.46222176983336,1.1670199848164193,1.9450333080273656,0.0,5.8225805940593975,目标止盈
V63固定方案,前段,WIF,V6_BREAKOUT,long,1787367600000,1787375400000,0.2144,0.2137642857142857,-2.6150942091415605,0.5086505093707973,0.8477508489513289,0.0,-0.1376014287840462,结构止损
V63固定方案,前段,WIF,V6_TREND,short,1787458800000,1787474700000,0.1913,0.19386928571428572,-8.245050048365798,0.5981510545989301,0.9969184243315503,0.0,-1.239860772866277,结构止损
V63固定方案,中段,WIF,V6_BREAKOUT,short,1788084000000,1788085800000,0.1979,0.1988,-5.694765751211686,0.8832022415185798,1.4720037358643,0.0,-0.8677738287560666,V6.2突破连续两根收回箱体
V63固定方案,中段,WIF,V6_TREND,long,1788401400000,1788447600000,0.2002,0.20829999999999999,85.08566443937885,2.800614572691739,4.667690954486232,0.0,4.5404878048780395,目标止盈
V63固定方案,中段,WIF,V6_TREND,short,1789002900000,1789050000000,0.2018,0.1952,19.713302936244,0.7872365811784677,1.3120609686307796,0.0,2.980271234832303,样本段结束强平
V63固定方案,后段,WIF,V6_TREND,long,1789719900000,1789729800000,0.1934,0.19200714285714288,-27.051076923077098,3.112903846153913,5.1881730769231895,0.0,-1.4427241025641118,结构止损
V63固定方案,后段,WIF,V6_BREAKOUT,long,1789768800000,1789792800000,0.2131,0.2089,-15.04690126717574,0.7814808419857421,1.3024680699762368,0.0,-0.8046781419476539,V6.2突破连续两根收回箱体
V63固定方案,后段,WIF,V6_TREND,short,1789902900000,1789906500000,0.1963,0.19786285714285715,-9.171894049498103,0.9888828178820473,1.6481380298034123,0.0,-1.4035305301645333,结构止损
V63固定方案,后段,WIF,V6_TREND,short,1789913700000,1789915200000,0.1952,0.19682142857142856,-9.054479535690533,0.9471095210054505,1.5785158683424176,0.0,-1.3868405286343661,结构止损
V63固定方案,后段,WIF,V6_TREND,long,1789989300000,1789999500000,0.2159,0.2333,112.00259793301409,1.8096297283485416,3.0160495472475697,0.0,6.009725167267146,目标止盈
V63固定方案,后段,WIF,V6_TREND,long,1790007000000,1790008500000,0.2465,0.23971357142857144,-21.007353715170723,0.8101713763594764,1.3502856272657942,0.0,-1.1146319755815184,结构止损
V63固定方案,后段,WIF,V6_TREND,long,1790049900000,1790053800000,0.2555,0.24788,-20.795397338226213,0.7454585305862665,1.2424308843104444,0.0,-1.1056965879265088,结构止损
V63固定方案,前段,XRP,V6_TREND,long,1787303400000,1787339100000,1.3581,1.3629571428571428,1.963321479594855,1.3310345363066034,0.6655172681533017,0.0,0.10471047891172558,结构止损
V63固定方案,前段,XRP,V6_TREND,long,1787358300000,1787373300000,1.4577,1.6192,76.41183152493404,0.8887181790718849,0.44435908953594244,0.0,4.074497726439327,目标止盈
V63固定方案,前段,XRP,V6_TREND,long,1787493900000,1787496300000,1.5274,1.5082814285714286,-21.59739667821326,1.8002955108865146,0.9001477554432573,0.0,-1.142903631472763,结构止损
V63固定方案,前段,XRP,V6_TREND,short,1787753700000,1787782500000,1.3921,1.4067399999999999,-7.735314095530697,0.7570357952943693,0.37851789764718463,0.0,-1.1720598360655738,结构止损
V63固定方案,中段,XRP,V6_TREND,long,1788401700000,1788413400000,1.359,1.351527857142857,-24.871424397763064,4.080949598508708,2.040474799254354,0.0,-1.3264759678806968,结构止损
V63固定方案,中段,XRP,V6_TREND,long,1788444600000,1788447900000,1.3924,1.4554,131.71243831297429,3.7237864813333346,1.8618932406666673,0.0,7.04217827715354,目标止盈
V63固定方案,中段,XRP,V6_TREND,long,1788452100000,1788474600000,1.4518,1.4529442857142858,-1.4965789963231528,1.774378033455759,0.8871890167278795,0.0,-0.07897378257031497,结构止损
V63固定方案,中段,XRP,V6_TREND,long,1788887100000,1788896100000,1.4364,1.424135,-22.92469503563599,2.651449480108713,1.3257247400543566,0.0,-1.2099047289033844,结构止损
V63固定方案,后段,XRP,V6_TREND,short,1789086000000,1789100700000,1.3417,1.3480192857142856,-9.076416168616465,1.6759441124109768,0.8379720562054884,0.0,-1.3830729399796522,结构止损
V63固定方案,后段,XRP,V6_TREND,short,1789128600000,1789129800000,1.3252,1.3337314285714286,-8.395633002909653,1.2260596006802065,0.6130298003401032,0.0,-1.2804967849966489,结构止损
V63固定方案,后段,XRP,V6_RANGE,long,1789484400000,1789495500000,1.3848,1.39845,12.1050758348523,1.8137941099913377,0.9068970549956689,0.0,0.6467340213877145,结构止损
V63固定方案,后段,XRP,V6_TREND,long,1789705200000,1789706100000,1.3211,1.3142485714285714,-25.227290465962223,4.324902360645658,2.162451180322829,0.0,-1.3461779816513795,结构止损
V63固定方案,后段,XRP,V6_TREND,long,1789707000000,1789729800000,1.3207,1.31727,-13.99681242630107,3.8168922197400885,1.9084461098700443,0.0,-0.7487875230372495,结构止损
V63固定方案,后段,XRP,V6_TREND,long,1789746600000,1789833000000,1.3774,1.4313,63.13813991840955,2.0711925572406615,1.0355962786203308,0.0,3.3824501716596824,V6.2持仓到期
V63固定方案,后段,XRP,V6_TREND,long,1789988700000,1789997700000,1.4941,1.4816285714285713,-22.8186804581682,2.68926980916696,1.34463490458348,0.0,-1.2147432989690699,结构止损
V63固定方案,后段,XRP,V6_BREAKOUT,long,1790028000000,1790040000000,1.5497,1.5098,-15.555797591235251,0.6694818517621748,0.3347409258810874,0.0,-0.8299970811441918,V6.2突破连续两根收回箱体
V63固定方案,后段,XRP,V6_TREND,long,1790136600000,1790142900000,1.6223,1.60748,-22.383165909851897,2.4468948745178483,1.2234474372589241,0.0,-1.1961404858299587,结构止损
V63固定方案,前段,UNI,V6_TREND,long,1787179200000,1787195100000,3.665,3.6170142857142857,-23.30261387317654,1.7072302024412023,2.8453836707353375,0.0,-1.2428060732360822,结构止损
V63固定方案,前段,UNI,V6_TREND,long,1787274600000,1787302800000,3.846,4.043,51.36844404200375,1.318746924943271,2.1979115415721187,0.0,2.7460493617021093,目标止盈
V63固定方案,前段,UNI,V6_TREND,long,1787363700000,1787375400000,4.251,4.1871857142857145,-22.780667574013368,1.4917665534175546,2.4862775890292577,0.0,-1.211568569509738,结构止损
V63固定方案,中段,UNI,V6_TREND,long,1788641100000,1788678600000,7.112,6.977485714285715,-21.892302463891262,1.1783634239592216,1.963939039932036,0.0,-1.1675894647408673,结构止损
V63固定方案,中段,UNI,V6_BREAKOUT,short,1788994800000,1789050000000,6.133,5.901,4.67859984196748,0.1587875956021744,0.2646459926702907,0.0,0.7144936909274104,样本段结束强平
V63固定方案,后段,UNI,V6_TREND,long,1789698900000,1789725300000,7.917,9.148,175.6268134067032,1.4939344672336154,2.4898907787226925,0.0,9.366763381690838,目标止盈
V63固定方案,后段,UNI,V6_TREND,long,1789811400000,1789815000000,9.298,9.115528571428571,-22.159824111572267,1.1551964386630111,1.9253273977716856,0.0,-1.161458952477883,结构止损
V63固定方案,后段,UNI,V6_TREND,long,1790125500000,1790151000000,10.446,10.296714285714286,-13.173308671570776,0.8984844714380101,1.4974741190633505,0.0,-0.6919572036078966,结构止损
V63固定方案,前段,WLD,V6_RANGE,long,1786365600000,1786371300000,0.3394,0.34655214285714286,35.739545761188005,2.4294459748145174,4.049076624690863,0.0,1.9061091072633602,目标止盈
V63固定方案,前段,WLD,V6_TREND,long,1787173500000,1787177700000,0.3684,0.36159571428571424,-22.047055402657858,1.2112664078833622,2.0187773464722705,0.0,-1.1716555112324154,结构止损
V63固定方案,前段,WLD,V6_TREND,long,1787299500000,1787303400000,0.3797,0.37652571428571424,-25.93250721237161,2.6838126723560136,4.473021120593357,0.0,-1.3811758775877554,结构止损
V63固定方案,前段,WLD,V6_TREND,long,1787304600000,1787337900000,0.3832,0.3856428571428571,3.2569796783392593,1.238931901965906,2.0648865032765102,0.0,0.1739184593321024,结构止损
V63固定方案,前段,WLD,V6_BREAKOUT,long,1787371200000,1787375700000,0.4315,0.4118342857142857,-20.018505564790058,0.48200578481029643,0.8033429746838275,0.0,-1.0686135696643906,结构止损
V63固定方案,前段,WLD,V6_TREND,short,1787458800000,1787477400000,0.3773,0.3825878571428572,-8.047986953753204,0.5641947060661957,0.9403245101103264,0.0,-1.2299268945022275,结构止损
V63固定方案,中段,WLD,V6_TREND,long,1788416100000,1788454800000,0.3748,0.39619999999999994,109.37355371900883,2.508935950413246,4.18155991735541,0.0,5.833256198347137,目标止盈
V63固定方案,中段,WLD,V6_BREAKOUT,long,1788458400000,1788483900000,0.3997,0.3913,-14.316647001544444,0.7029755697455904,1.1716259495759842,0.0,-0.7552935923197166,V6.2突破连续两根收回箱体
V63固定方案,中段,WLD,V6_TREND,long,1788599100000,1788633600000,0.397,0.3948742857142857,-19.35111593713789,2.70998174002836,4.5166362333806,0.0,-1.0223414550150776,结构止损
V63固定方案,中段,WLD,V6_TREND,long,1788789900000,1788791100000,0.4709,0.45994857142857143,-21.46119024619644,0.9634657081812473,1.605776180302079,0.0,-1.135996660579181,结构止损
V63固定方案,中段,WLD,V6_TREND,long,1788792600000,1788795600000,0.4687,0.45487714285714287,-20.867038106537994,0.755748555201187,1.2595809253353119,0.0,-1.1069043406366266,结构止损
V63固定方案,中段,WLD,V6_TREND,short,1789002900000,1789008900000,0.4071,0.41247428571428574,-8.19099020637336,0.6024698178863456,1.0041163631439094,0.0,-1.2439987240829342,结构止损
V63固定方案,后段,WLD,V6_TREND,long,1789132500000,1789135200000,0.409,0.42319999999999997,44.652690019828384,1.7326040978189126,2.8876734963648545,0.0,2.381476801057514,目标止盈
V63固定方案,后段,WLD,V6_TREND,long,1789706400000,1789729800000,0.4179,0.4298271428571429,28.817410676165235,1.3866130524500675,2.311021754083446,0.0,1.530096277915653,结构止损
V63固定方案,后段,WLD,V6_TREND,long,1789839000000,1789842900000,0.435,0.43076285714285717,-25.06260341689525,2.3155676167838477,3.859279361306413,0.0,-1.326923263654756,结构止损
V63固定方案,后段,WLD,V6_TREND,long,1790039400000,1790040000000,0.4728,0.46238428571428575,-21.54738000234537,1.014980979355148,1.6916349655919134,0.0,-1.1436574406802913,结构止损
V63固定方案,后段,WLD,V6_TREND,long,1790040900000,1790045700000,0.4681,0.4563042857142857,-21.157711899475284,0.8840059423430133,1.4733432372383557,0.0,-1.1253884946106334,结构止损
V63固定方案,后段,WLD,V6_TREND,long,1790121900000,1790124000000,0.4735,0.46782142857142855,-23.73654669496031,1.8659455068292161,3.109909178048694,0.0,-1.2652276729559753,结构止损
V63固定方案,后段,WLD,V6_TREND,short,1790172300000,1790172900000,0.4471,0.419,37.495325268054415,0.7293795641873827,1.2156326069789714,0.0,5.723895928986826,目标止盈
