day,side,level,tf,entry_t,entry,stop,tp,risk_pct,res,exit_t,R,R_net,bias_pd
2024-12-09,-1,LonH,4,2024-12-09 10:19:00-05:00,1.0857,1.1192,1.0522000000000002,3.0855669153541365,TP,2024-12-09 15:39:00-05:00,1.0,0.954627462686567,-1.0
2025-01-02,-1,LonH,3,2025-01-02 10:23:00-05:00,1.0224,1.044,1.0008,2.1126760563380342,EOD,2025-01-02 15:59:00-05:00,0.2916666666666645,0.22539999999999805,1.0
2025-03-04,1,PDL,5,2025-03-04 10:49:00-05:00,0.393,0.3789,0.4071,3.5877862595419847,SL,2025-03-04 11:29:00-05:00,-1.0,-1.0390212765957447,-1.0
2025-05-05,-1,LonH,4,2025-05-05 10:27:00-04:00,0.6934,0.7017,0.6851,1.1970002884338007,SL,2025-05-05 12:28:00-04:00,-1.0,-1.1169590361445787,-1.0
2025-08-26,1,LonL,4,2025-08-26 10:55:00-04:00,0.7846,0.7663,0.8029,2.3323986744838114,TP,2025-08-26 15:32:00-04:00,1.0,0.939975956284153,-1.0
2025-10-13,-1,LonH,2,2025-10-13 10:31:00-04:00,0.5595,0.5793,0.5397,3.538873994638077,SL,2025-10-13 12:04:00-04:00,-1.0,-1.039560606060606,1.0
2025-11-13,1,LonL,4,2025-11-13 09:39:00-05:00,0.4674,0.4614,0.4734,1.283697047496792,TP,2025-11-13 09:51:00-05:00,1.0,0.8909400000000001,-1.0
2025-12-08,-1,LonH,3,2025-12-08 09:59:00-05:00,0.3973,0.4019,0.3927,1.157815252957461,SL,2025-12-08 11:40:00-05:00,-1.0,-1.120917391304348,1.0
2025-12-17,-1,LonH,5,2025-12-17 10:54:00-05:00,0.3547,0.3752,0.33420000000000005,5.779531998872275,EOD,2025-12-17 15:59:00-05:00,-0.04878048780487818,-0.07300390243902458,1.0
2026-01-22,1,PDL,5,2026-01-22 09:39:00-05:00,0.3623,0.3591,0.36550000000000005,0.8832459287883069,SL,2026-01-22 09:49:00-05:00,-1.0,-1.158506249999998,-1.0
2026-05-01,-1,PDH,5,2026-05-01 10:34:00-04:00,0.2374,0.2395,0.2353,0.8845829823083364,TP,2026-05-01 11:52:00-04:00,1.0,0.8417333333333327,1.0
2026-05-29,1,PDL,5,2026-05-29 10:54:00-04:00,0.2096,0.2061,0.2131,1.6698473282442763,TP,2026-05-29 11:28:00-04:00,1.0,0.9161600000000001,-1.0
2026-08-28,1,PDL,2,2026-08-28 10:33:00-04:00,0.3169,0.3115,0.32230000000000003,1.7040075733669977,SL,2026-08-28 11:57:00-04:00,-1.0,-1.082159259259259,1.0
2026-08-31,1,LonL,5,2026-08-31 10:44:00-04:00,0.3047,0.3002,0.30920000000000003,1.4768624876928138,TP,2026-08-31 10:52:00-04:00,1.0,0.9052044444444445,1.0
