组合,挑选_单数,挑选_PF,挑选_随机,挑选_过关,验证1换时间_单数,验证1换时间_PF,验证1换时间_随机,验证1换时间_过关,验证2换币_单数,验证2换币_PF,验证2换币_随机,验证2换币_过关
5分钟 2倍 收高位+突破 跟着做 原版止损 止盈1倍,24023,0.59,0.57,,22867,0.58,0.6,,15666,0.65,0.65,
5分钟 2倍 收高位+突破 跟着做 原版止损 止盈2倍,21118,0.64,0.62,,20093,0.64,0.66,,13811,0.67,0.68,
5分钟 2倍 收高位+突破 跟着做 原版止损 止盈3倍,19651,0.64,0.63,,18771,0.67,0.67,,12830,0.68,0.69,
5分钟 2倍 收高位+突破 跟着做 止损3% 止盈不设 拿12h,6515,0.81,0.83,,6108,0.93,0.91,,4621,0.77,0.85,
5分钟 2倍 收高位+突破 跟着做 止损3% 止盈不设 拿48h,2722,0.99,0.92,,2575,1.02,0.97,,2222,0.88,0.94,
5分钟 2倍 收高位+突破 跟着做 止损3% 止盈2% 拿12h,8885,0.84,0.85,,8674,0.89,0.87,,6973,0.82,0.87,
5分钟 2倍 收高位+突破 跟着做 止损3% 止盈2% 拿48h,6746,0.84,0.91,,7107,0.92,0.89,,6059,0.85,0.91,
5分钟 2倍 收高位+突破 跟着做 止损3% 止盈5% 拿12h,7036,0.84,0.85,,6630,0.9,0.9,,5202,0.78,0.89,
5分钟 2倍 收高位+突破 跟着做 止损3% 止盈5% 拿48h,4077,0.84,0.9,,3986,1.0,0.95,,3603,0.83,0.91,
5分钟 2倍 收高位+突破 跟着做 止损5% 止盈不设 拿12h,6028,0.8,0.86,,5572,0.94,0.9,,4120,0.84,0.87,
5分钟 2倍 收高位+突破 跟着做 止损5% 止盈不设 拿48h,2217,0.97,1.0,,2015,1.05,0.98,,1699,0.93,0.96,
5分钟 2倍 收高位+突破 跟着做 止损5% 止盈2% 拿12h,7967,0.86,0.86,,7646,0.91,0.89,,5993,0.85,0.9,
5分钟 2倍 收高位+突破 跟着做 止损5% 止盈2% 拿48h,5104,0.87,0.91,,5205,0.95,0.92,,4526,0.9,0.94,
5分钟 2倍 收高位+突破 跟着做 止损5% 止盈5% 拿12h,6431,0.85,0.88,,5959,0.91,0.91,,4568,0.82,0.86,
5分钟 2倍 收高位+突破 跟着做 止损5% 止盈5% 拿48h,3077,0.88,0.95,,2945,1.02,0.98,,2629,0.89,0.93,
5分钟 2倍 收高位+突破 反着做 原版止损 止盈1倍,24121,0.64,0.56,,22949,0.72,0.59,,15735,0.72,0.64,
5分钟 2倍 收高位+突破 反着做 原版止损 止盈2倍,21459,0.7,0.63,,20528,0.76,0.65,,13991,0.78,0.68,
5分钟 2倍 收高位+突破 反着做 原版止损 止盈3倍,20071,0.7,0.64,,19151,0.76,0.66,,12987,0.8,0.69,
5分钟 2倍 收高位+突破 反着做 止损3% 止盈不设 拿12h,6646,0.8,0.85,,6268,0.87,0.91,,4686,0.88,0.84,
5分钟 2倍 收高位+突破 反着做 止损3% 止盈不设 拿48h,2791,0.91,0.95,,2725,0.95,0.93,,2223,0.93,0.94,
5分钟 2倍 收高位+突破 反着做 止损3% 止盈2% 拿12h,8847,0.89,0.84,,8588,0.82,0.83,,6922,0.89,0.88,
5分钟 2倍 收高位+突破 反着做 止损3% 止盈2% 拿48h,6770,0.97,0.9,,6971,0.85,0.88,,5999,0.91,0.88,
5分钟 2倍 收高位+突破 反着做 止损3% 止盈5% 拿12h,7091,0.85,0.85,,6678,0.82,0.85,,5216,0.9,0.88,
5分钟 2倍 收高位+突破 反着做 止损3% 止盈5% 拿48h,4017,0.92,0.9,,4036,0.86,0.9,,3577,0.92,0.91,
5分钟 2倍 收高位+突破 反着做 止损5% 止盈不设 拿12h,6086,0.84,0.87,,5622,0.93,0.88,,4148,0.92,0.85,
5分钟 2倍 收高位+突破 反着做 止损5% 止盈不设 拿48h,2226,0.91,0.98,,2094,1.04,0.91,,1725,0.93,0.98,
5分钟 2倍 收高位+突破 反着做 止损5% 止盈2% 拿12h,7906,0.91,0.86,,7523,0.86,0.86,,5984,0.96,0.89,
5分钟 2倍 收高位+突破 反着做 止损5% 止盈2% 拿48h,5240,0.98,0.92,,5114,0.84,0.87,,4572,1.01,0.93,
5分钟 2倍 收高位+突破 反着做 止损5% 止盈5% 拿12h,6431,0.9,0.87,,5966,0.86,0.86,,4571,0.98,0.92,
5分钟 2倍 收高位+突破 反着做 止损5% 止盈5% 拿48h,3070,0.97,0.93,,2944,0.85,0.92,,2634,0.97,0.93,
5分钟 2倍 只收高位 跟着做 原版止损 止盈1倍,42763,0.55,0.52,,40913,0.58,0.55,,27050,0.62,0.59,
5分钟 2倍 只收高位 跟着做 原版止损 止盈2倍,35791,0.61,0.59,,34181,0.65,0.62,,22760,0.66,0.65,
5分钟 2倍 只收高位 跟着做 原版止损 止盈3倍,32286,0.62,0.6,,31006,0.67,0.64,,20580,0.66,0.67,
5分钟 2倍 只收高位 跟着做 止损3% 止盈不设 拿12h,7590,0.8,0.81,,7012,0.91,0.92,,5475,0.76,0.87,
5分钟 2倍 只收高位 跟着做 止损3% 止盈不设 拿48h,2941,0.96,0.94,,2796,0.95,0.95,,2414,0.88,0.94,
5分钟 2倍 只收高位 跟着做 止损3% 止盈2% 拿12h,10884,0.85,0.86,,10607,0.86,0.86,,8727,0.82,0.89,
5分钟 2倍 只收高位 跟着做 止损3% 止盈2% 拿48h,8183,0.87,0.9,,8607,0.91,0.88,,7443,0.84,0.92,
5分钟 2倍 只收高位 跟着做 止损3% 止盈5% 拿12h,8292,0.8,0.88,,7740,0.9,0.89,,6234,0.79,0.87,
5分钟 2倍 只收高位 跟着做 止损3% 止盈5% 拿48h,4523,0.88,0.89,,4528,0.98,0.92,,4144,0.85,0.91,
5分钟 2倍 只收高位 跟着做 止损5% 止盈不设 拿12h,6935,0.79,0.82,,6310,0.95,0.93,,4787,0.83,0.86,
5分钟 2倍 只收高位 跟着做 止损5% 止盈不设 拿48h,2343,0.98,0.95,,2141,0.98,0.96,,1839,0.93,0.97,
5分钟 2倍 只收高位 跟着做 止损5% 止盈2% 拿12h,9454,0.87,0.88,,9052,0.87,0.87,,7254,0.86,0.89,
5分钟 2倍 只收高位 跟着做 止损5% 止盈2% 拿48h,5935,0.88,0.91,,5990,0.94,0.9,,5395,0.92,0.93,
5分钟 2倍 只收高位 跟着做 止损5% 止盈5% 拿12h,7401,0.81,0.88,,6850,0.89,0.89,,5340,0.81,0.91,
5分钟 2倍 只收高位 跟着做 止损5% 止盈5% 拿48h,3350,0.92,0.93,,3296,1.0,0.94,,2939,0.92,0.94,
5分钟 2倍 只收高位 反着做 原版止损 止盈1倍,42745,0.58,0.52,,40933,0.62,0.55,,27060,0.67,0.6,
5分钟 2倍 只收高位 反着做 原版止损 止盈2倍,35582,0.65,0.59,,34268,0.69,0.61,,22653,0.74,0.65,
5分钟 2倍 只收高位 反着做 原版止损 止盈3倍,32232,0.66,0.59,,30826,0.7,0.63,,20450,0.77,0.66,
5分钟 2倍 只收高位 反着做 止损3% 止盈不设 拿12h,7607,0.83,0.85,,7133,0.86,0.89,,5415,0.88,0.85,
5分钟 2倍 只收高位 反着做 止损3% 止盈不设 拿48h,3012,0.91,0.92,,2896,0.86,0.88,,2379,0.97,0.97,
5分钟 2倍 只收高位 反着做 止损3% 止盈2% 拿12h,10860,0.91,0.86,,10518,0.82,0.84,,8734,0.9,0.89,
5分钟 2倍 只收高位 反着做 止损3% 止盈2% 拿48h,8219,0.95,0.91,,8454,0.84,0.87,,7502,0.92,0.89,
5分钟 2倍 只收高位 反着做 止损3% 止盈5% 拿12h,8254,0.88,0.86,,7785,0.85,0.88,,6209,0.9,0.87,
5分钟 2倍 只收高位 反着做 止损3% 止盈5% 拿48h,4541,0.91,0.91,,4559,0.86,0.91,,4147,0.88,0.93,
5分钟 2倍 只收高位 反着做 止损5% 止盈不设 拿12h,6966,0.85,0.84,,6375,0.88,0.91,,4787,0.93,0.87,
5分钟 2倍 只收高位 反着做 止损5% 止盈不设 拿48h,2378,0.94,0.96,,2240,0.87,0.93,,1847,0.99,0.98,
5分钟 2倍 只收高位 反着做 止损5% 止盈2% 拿12h,9502,0.94,0.87,,8973,0.85,0.87,,7322,0.96,0.89,
5分钟 2倍 只收高位 反着做 止损5% 止盈2% 拿48h,5992,0.99,0.9,,5934,0.84,0.87,,5524,0.99,0.92,
5分钟 2倍 只收高位 反着做 止损5% 止盈5% 拿12h,7399,0.93,0.89,,6852,0.87,0.85,,5342,1.0,0.92,
5分钟 2倍 只收高位 反着做 止损5% 止盈5% 拿48h,3344,0.91,0.95,,3278,0.88,0.88,,2948,0.98,0.94,
5分钟 2倍 不要确认 跟着做 原版止损 止盈1倍,100286,0.45,0.41,,97900,0.48,0.43,,63423,0.53,0.49,
5分钟 2倍 不要确认 跟着做 原版止损 止盈2倍,77728,0.53,0.49,,76259,0.58,0.52,,49538,0.6,0.58,
5分钟 2倍 不要确认 跟着做 原版止损 止盈3倍,67177,0.56,0.52,,66314,0.6,0.55,,42984,0.62,0.59,
5分钟 2倍 不要确认 跟着做 止损3% 止盈不设 拿12h,8625,0.81,0.84,,7804,0.92,0.92,,6510,0.77,0.85,
5分钟 2倍 不要确认 跟着做 止损3% 止盈不设 拿48h,3147,0.94,0.92,,2865,1.04,0.94,,2698,0.93,0.95,
5分钟 2倍 不要确认 跟着做 止损3% 止盈2% 拿12h,13645,0.85,0.86,,13268,0.88,0.86,,11865,0.86,0.88,
5分钟 2倍 不要确认 跟着做 止损3% 止盈2% 拿48h,10322,0.87,0.9,,10632,0.9,0.89,,10193,0.88,0.91,
5分钟 2倍 不要确认 跟着做 止损3% 止盈5% 拿12h,9602,0.83,0.83,,8915,0.92,0.89,,7691,0.84,0.87,
5分钟 2倍 不要确认 跟着做 止损3% 止盈5% 拿48h,5243,0.86,0.88,,5134,0.98,0.94,,5075,0.87,0.9,
5分钟 2倍 不要确认 跟着做 止损5% 止盈不设 拿12h,7810,0.83,0.84,,7007,0.89,0.93,,5615,0.81,0.86,
5分钟 2倍 不要确认 跟着做 止损5% 止盈不设 拿48h,2476,0.94,0.94,,2244,0.96,0.99,,1997,1.0,0.99,
5分钟 2倍 不要确认 跟着做 止损5% 止盈2% 拿12h,11326,0.86,0.87,,10861,0.87,0.88,,9476,0.9,0.92,
5分钟 2倍 不要确认 跟着做 止损5% 止盈2% 拿48h,7095,0.91,0.93,,7103,0.91,0.9,,6970,0.92,0.94,
5分钟 2倍 不要确认 跟着做 止损5% 止盈5% 拿12h,8428,0.87,0.84,,7778,0.91,0.92,,6432,0.87,0.9,
5分钟 2倍 不要确认 跟着做 止损5% 止盈5% 拿48h,3689,0.87,0.9,,3659,0.97,0.97,,3510,0.89,0.9,
5分钟 2倍 不要确认 反着做 原版止损 止盈1倍,100370,0.46,0.41,,98001,0.49,0.43,,63537,0.55,0.5,
5分钟 2倍 不要确认 反着做 原版止损 止盈2倍,77840,0.57,0.5,,75933,0.59,0.52,,49480,0.64,0.58,
5分钟 2倍 不要确认 反着做 原版止损 止盈3倍,67309,0.59,0.53,,65315,0.61,0.55,,42911,0.67,0.59,
5分钟 2倍 不要确认 反着做 止损3% 止盈不设 拿12h,8743,0.79,0.85,,8057,0.89,0.9,,6461,0.89,0.85,
5分钟 2倍 不要确认 反着做 止损3% 止盈不设 拿48h,3209,0.93,0.94,,3151,0.89,0.86,,2691,0.91,0.96,
5分钟 2倍 不要确认 反着做 止损3% 止盈2% 拿12h,13562,0.9,0.88,,13039,0.84,0.86,,11792,0.92,0.88,
5分钟 2倍 不要确认 反着做 止损3% 止盈2% 拿48h,10344,0.95,0.89,,10555,0.86,0.87,,10103,0.94,0.91,
5分钟 2倍 不要确认 反着做 止损3% 止盈5% 拿12h,9658,0.84,0.85,,9037,0.89,0.87,,7715,0.89,0.86,
5分钟 2倍 不要确认 反着做 止损3% 止盈5% 拿48h,5231,0.9,0.91,,5219,0.86,0.91,,5121,0.91,0.9,
5分钟 2倍 不要确认 反着做 止损5% 止盈不设 拿12h,7835,0.83,0.84,,7108,0.88,0.9,,5633,0.88,0.88,
5分钟 2倍 不要确认 反着做 止损5% 止盈不设 拿48h,2480,1.01,0.99,,2373,0.91,0.88,,2020,0.96,1.01,
5分钟 2倍 不要确认 反着做 止损5% 止盈2% 拿12h,11294,0.9,0.89,,10684,0.86,0.86,,9309,0.91,0.91,
5分钟 2倍 不要确认 反着做 止损5% 止盈2% 拿48h,7086,0.98,0.91,,7060,0.86,0.87,,6884,0.97,0.94,
5分钟 2倍 不要确认 反着做 止损5% 止盈5% 拿12h,8423,0.86,0.9,,7780,0.88,0.89,,6443,0.93,0.9,
5分钟 2倍 不要确认 反着做 止损5% 止盈5% 拿48h,3682,0.97,0.96,,3670,0.88,0.9,,3504,1.0,0.92,
5分钟 3倍 收高位+突破 跟着做 原版止损 止盈1倍,18378,0.59,0.58,,17823,0.57,0.61,,12087,0.65,0.64,
5分钟 3倍 收高位+突破 跟着做 原版止损 止盈2倍,16556,0.64,0.63,,16073,0.64,0.67,,10963,0.67,0.69,
5分钟 3倍 收高位+突破 跟着做 原版止损 止盈3倍,15667,0.64,0.63,,15160,0.68,0.68,,10359,0.68,0.69,
5分钟 3倍 收高位+突破 跟着做 止损3% 止盈不设 拿12h,6084,0.81,0.83,,5721,0.93,0.91,,4356,0.74,0.85,
5分钟 3倍 收高位+突破 跟着做 止损3% 止盈不设 拿48h,2688,0.93,0.96,,2501,1.03,0.97,,2178,0.89,0.97,
5分钟 3倍 收高位+突破 跟着做 止损3% 止盈2% 拿12h,8027,0.83,0.86,,7808,0.89,0.87,,6187,0.79,0.88,
5分钟 3倍 收高位+突破 跟着做 止损3% 止盈2% 拿48h,6110,0.83,0.92,,6418,0.92,0.89,,5376,0.84,0.9,
5分钟 3倍 收高位+突破 跟着做 止损3% 止盈5% 拿12h,6501,0.83,0.84,,6137,0.93,0.91,,4788,0.79,0.87,
5分钟 3倍 收高位+突破 跟着做 止损3% 止盈5% 拿48h,3813,0.84,0.85,,3732,1.0,0.96,,3328,0.86,0.9,
5分钟 3倍 收高位+突破 跟着做 止损5% 止盈不设 拿12h,5663,0.8,0.84,,5227,0.94,0.9,,3920,0.8,0.87,
5分钟 3倍 收高位+突破 跟着做 止损5% 止盈不设 拿48h,2164,0.96,1.03,,1993,1.04,1.06,,1674,0.93,0.96,
5分钟 3倍 收高位+突破 跟着做 止损5% 止盈2% 拿12h,7318,0.85,0.85,,6961,0.9,0.89,,5421,0.83,0.91,
5分钟 3倍 收高位+突破 跟着做 止损5% 止盈2% 拿48h,4721,0.86,0.91,,4769,0.98,0.91,,4144,0.92,0.95,
5分钟 3倍 收高位+突破 跟着做 止损5% 止盈5% 拿12h,6004,0.83,0.85,,5571,0.92,0.9,,4264,0.81,0.88,
5分钟 3倍 收高位+突破 跟着做 止损5% 止盈5% 拿48h,2939,0.87,0.94,,2815,1.04,0.97,,2488,0.91,0.93,
5分钟 3倍 收高位+突破 反着做 原版止损 止盈1倍,18450,0.66,0.57,,17904,0.74,0.6,,12134,0.73,0.65,
5分钟 3倍 收高位+突破 反着做 原版止损 止盈2倍,17002,0.72,0.61,,16442,0.79,0.65,,11159,0.79,0.69,
5分钟 3倍 收高位+突破 反着做 原版止损 止盈3倍,16140,0.71,0.63,,15555,0.78,0.66,,10567,0.8,0.7,
5分钟 3倍 收高位+突破 反着做 止损3% 止盈不设 拿12h,6179,0.86,0.82,,5817,0.89,0.85,,4387,0.92,0.86,
5分钟 3倍 收高位+突破 反着做 止损3% 止盈不设 拿48h,2673,0.99,0.97,,2649,0.9,0.9,,2113,1.01,0.93,
5分钟 3倍 收高位+突破 反着做 止损3% 止盈2% 拿12h,7940,0.9,0.86,,7739,0.84,0.85,,6161,0.92,0.87,
5分钟 3倍 收高位+突破 反着做 止损3% 止盈2% 拿48h,6112,0.99,0.9,,6288,0.85,0.86,,5373,0.93,0.87,
5分钟 3倍 收高位+突破 反着做 止损3% 止盈5% 拿12h,6549,0.89,0.86,,6157,0.84,0.87,,4818,0.94,0.87,
5分钟 3倍 收高位+突破 反着做 止损3% 止盈5% 拿48h,3765,0.96,0.9,,3747,0.83,0.91,,3333,0.93,0.89,
5分钟 3倍 收高位+突破 反着做 止损5% 止盈不设 拿12h,5714,0.91,0.85,,5301,0.92,0.9,,3913,0.96,0.88,
5分钟 3倍 收高位+突破 反着做 止损5% 止盈不设 拿48h,2182,0.9,0.98,,2056,0.94,0.93,,1695,0.99,1.0,
5分钟 3倍 收高位+突破 反着做 止损5% 止盈2% 拿12h,7212,0.9,0.86,,6929,0.84,0.85,,5413,0.96,0.87,
5分钟 3倍 收高位+突破 反着做 止损5% 止盈2% 拿48h,4830,1.01,0.91,,4753,0.83,0.88,,4152,1.01,0.94,
5分钟 3倍 收高位+突破 反着做 止损5% 止盈5% 拿12h,6006,0.91,0.87,,5570,0.86,0.87,,4269,1.0,0.87,
5分钟 3倍 收高位+突破 反着做 止损5% 止盈5% 拿48h,2933,0.99,0.94,,2807,0.82,0.9,,2494,0.96,0.94,
5分钟 3倍 只收高位 跟着做 原版止损 止盈1倍,31557,0.55,0.53,,31044,0.58,0.57,,20222,0.62,0.6,
5分钟 3倍 只收高位 跟着做 原版止损 止盈2倍,27520,0.61,0.59,,26951,0.66,0.63,,17721,0.66,0.66,
5分钟 3倍 只收高位 跟着做 原版止损 止盈3倍,25427,0.62,0.61,,24842,0.68,0.65,,16381,0.66,0.67,
5分钟 3倍 只收高位 跟着做 止损3% 止盈不设 拿12h,7241,0.78,0.83,,6666,0.93,0.91,,5196,0.75,0.86,
5分钟 3倍 只收高位 跟着做 止损3% 止盈不设 拿48h,2855,0.99,0.97,,2683,1.0,0.97,,2385,0.87,0.98,
5分钟 3倍 只收高位 跟着做 止损3% 止盈2% 拿12h,9868,0.82,0.84,,9664,0.88,0.87,,7784,0.8,0.88,
5分钟 3倍 只收高位 跟着做 止损3% 止盈2% 拿48h,7379,0.85,0.9,,7802,0.9,0.89,,6606,0.84,0.9,
5分钟 3倍 只收高位 跟着做 止损3% 止盈5% 拿12h,7765,0.81,0.87,,7274,0.92,0.91,,5814,0.8,0.85,
5分钟 3倍 只收高位 跟着做 止损3% 止盈5% 拿48h,4266,0.88,0.89,,4273,0.97,0.94,,3849,0.87,0.92,
5分钟 3倍 只收高位 跟着做 止损5% 止盈不设 拿12h,6623,0.79,0.8,,6043,0.96,0.93,,4598,0.79,0.86,
5分钟 3倍 只收高位 跟着做 止损5% 止盈不设 拿48h,2320,0.99,0.98,,2142,0.94,0.99,,1832,0.93,0.94,
5分钟 3倍 只收高位 跟着做 止损5% 止盈2% 拿12h,8751,0.83,0.87,,8392,0.9,0.87,,6615,0.84,0.9,
5分钟 3倍 只收高位 跟着做 止损5% 止盈2% 拿48h,5502,0.87,0.93,,5524,0.93,0.91,,4916,0.91,0.93,
5分钟 3倍 只收高位 跟着做 止损5% 止盈5% 拿12h,7019,0.82,0.85,,6495,0.94,0.9,,5055,0.8,0.86,
5分钟 3倍 只收高位 跟着做 止损5% 止盈5% 拿48h,3231,0.91,0.95,,3135,1.04,0.96,,2811,0.85,0.94,
5分钟 3倍 只收高位 反着做 原版止损 止盈1倍,31553,0.6,0.53,,31079,0.64,0.56,,20220,0.68,0.61,
5分钟 3倍 只收高位 反着做 原版止损 止盈2倍,27590,0.67,0.6,,27102,0.72,0.62,,17769,0.75,0.67,
5分钟 3倍 只收高位 反着做 原版止损 止盈3倍,25466,0.67,0.61,,24972,0.72,0.64,,16435,0.77,0.66,
5分钟 3倍 只收高位 反着做 止损3% 止盈不设 拿12h,7190,0.9,0.83,,6791,0.84,0.89,,5136,0.92,0.82,
5分钟 3倍 只收高位 反着做 止损3% 止盈不设 拿48h,2930,0.94,0.94,,2829,0.87,0.88,,2295,0.98,0.96,
5分钟 3倍 只收高位 反着做 止损3% 止盈2% 拿12h,9843,0.94,0.86,,9675,0.83,0.84,,7823,0.92,0.88,
5分钟 3倍 只收高位 反着做 止损3% 止盈2% 拿48h,7415,0.98,0.89,,7731,0.86,0.88,,6746,0.93,0.92,
5分钟 3倍 只收高位 反着做 止损3% 止盈5% 拿12h,7722,0.91,0.87,,7320,0.81,0.86,,5798,0.94,0.86,
5分钟 3倍 只收高位 反着做 止损3% 止盈5% 拿48h,4272,0.93,0.91,,4271,0.88,0.93,,3856,0.9,0.9,
5分钟 3倍 只收高位 反着做 止损5% 止盈不设 拿12h,6610,0.93,0.87,,6113,0.85,0.89,,4568,0.94,0.87,
5分钟 3倍 只收高位 反着做 止损5% 止盈不设 拿48h,2287,1.07,0.98,,2188,0.86,0.93,,1793,1.04,0.97,
5分钟 3倍 只收高位 反着做 止损5% 止盈2% 拿12h,8815,0.95,0.87,,8363,0.83,0.85,,6734,0.96,0.88,
5分钟 3倍 只收高位 反着做 止损5% 止盈2% 拿48h,5617,1.01,0.92,,5576,0.85,0.9,,5019,0.98,0.91,
5分钟 3倍 只收高位 反着做 止损5% 止盈5% 拿12h,7023,0.92,0.88,,6497,0.84,0.86,,5060,1.01,0.91,
5分钟 3倍 只收高位 反着做 止损5% 止盈5% 拿48h,3229,0.94,0.93,,3124,0.85,0.92,,2816,1.03,0.95,
5分钟 3倍 不要确认 跟着做 原版止损 止盈1倍,76575,0.46,0.42,,75433,0.49,0.45,,49150,0.54,0.5,
5分钟 3倍 不要确认 跟着做 原版止损 止盈2倍,62470,0.54,0.51,,61654,0.59,0.53,,40327,0.61,0.58,
5分钟 3倍 不要确认 跟着做 原版止损 止盈3倍,55284,0.56,0.53,,54853,0.61,0.56,,35850,0.62,0.6,
5分钟 3倍 不要确认 跟着做 止损3% 止盈不设 拿12h,8406,0.85,0.83,,7602,0.93,0.91,,6336,0.78,0.86,
5分钟 3倍 不要确认 跟着做 止损3% 止盈不设 拿48h,3099,0.93,0.94,,2874,0.98,0.97,,2637,0.96,0.94,
5分钟 3倍 不要确认 跟着做 止损3% 止盈2% 拿12h,12838,0.84,0.86,,12515,0.89,0.88,,11063,0.86,0.89,
5分钟 3倍 不要确认 跟着做 止损3% 止盈2% 拿48h,9651,0.85,0.91,,10024,0.92,0.9,,9437,0.89,0.9,
5分钟 3倍 不要确认 跟着做 止损3% 止盈5% 拿12h,9230,0.85,0.84,,8611,0.93,0.9,,7425,0.83,0.87,
5分钟 3倍 不要确认 跟着做 止损3% 止盈5% 拿48h,4965,0.88,0.88,,4992,0.97,0.92,,4872,0.89,0.9,
5分钟 3倍 不要确认 跟着做 止损5% 止盈不设 拿12h,7627,0.87,0.83,,6848,0.88,0.96,,5500,0.82,0.85,
5分钟 3倍 不要确认 跟着做 止损5% 止盈不设 拿48h,2442,0.99,0.96,,2211,1.04,0.94,,2005,0.98,0.92,
5分钟 3倍 不要确认 跟着做 止损5% 止盈2% 拿12h,10890,0.84,0.88,,10424,0.9,0.89,,8995,0.88,0.9,
5分钟 3倍 不要确认 跟着做 止损5% 止盈2% 拿48h,6717,0.86,0.91,,6811,0.91,0.9,,6608,0.92,0.94,
5分钟 3倍 不要确认 跟着做 止损5% 止盈5% 拿12h,8213,0.87,0.86,,7536,0.89,0.9,,6266,0.85,0.88,
5分钟 3倍 不要确认 跟着做 止损5% 止盈5% 拿48h,3628,0.9,0.92,,3543,0.97,0.96,,3383,0.91,0.94,
5分钟 3倍 不要确认 反着做 原版止损 止盈1倍,76666,0.47,0.42,,75554,0.5,0.44,,49250,0.56,0.51,
5分钟 3倍 不要确认 反着做 原版止损 止盈2倍,63322,0.57,0.5,,61920,0.6,0.52,,40774,0.65,0.57,
5分钟 3倍 不要确认 反着做 原版止损 止盈3倍,56283,0.6,0.53,,54695,0.62,0.55,,36404,0.67,0.6,
5分钟 3倍 不要确认 反着做 止损3% 止盈不设 拿12h,8476,0.86,0.83,,7844,0.9,0.87,,6328,0.92,0.84,
5分钟 3倍 不要确认 反着做 止损3% 止盈不设 拿48h,3157,0.99,0.94,,3093,0.9,0.91,,2683,0.9,0.95,
5分钟 3倍 不要确认 反着做 止损3% 止盈2% 拿12h,12787,0.91,0.87,,12400,0.82,0.85,,11015,0.9,0.88,
5分钟 3倍 不要确认 反着做 止损3% 止盈2% 拿48h,9658,0.97,0.91,,9991,0.86,0.86,,9396,0.92,0.9,
5分钟 3倍 不要确认 反着做 止损3% 止盈5% 拿12h,9276,0.88,0.85,,8736,0.88,0.86,,7414,0.94,0.88,
5分钟 3倍 不要确认 反着做 止损3% 止盈5% 拿48h,5021,0.94,0.89,,4995,0.89,0.91,,4928,0.92,0.93,
5分钟 3倍 不要确认 反着做 止损5% 止盈不设 拿12h,7661,0.85,0.87,,6956,0.9,0.92,,5524,0.91,0.88,
5分钟 3倍 不要确认 反着做 止损5% 止盈不设 拿48h,2465,1.01,0.97,,2316,0.96,0.89,,2007,0.95,0.99,
5分钟 3倍 不要确认 反着做 止损5% 止盈2% 拿12h,10793,0.9,0.89,,10233,0.84,0.86,,8859,0.92,0.88,
5分钟 3倍 不要确认 反着做 止损5% 止盈2% 拿48h,6694,0.96,0.93,,6768,0.86,0.89,,6527,0.96,0.93,
5分钟 3倍 不要确认 反着做 止损5% 止盈5% 拿12h,8221,0.88,0.89,,7541,0.9,0.87,,6265,0.96,0.9,
5分钟 3倍 不要确认 反着做 止损5% 止盈5% 拿48h,3624,0.95,0.93,,3540,0.9,0.89,,3384,0.96,0.92,
5分钟 5倍 收高位+突破 跟着做 原版止损 止盈1倍,11805,0.6,0.59,,11671,0.58,0.63,,7959,0.65,0.64,
5分钟 5倍 收高位+突破 跟着做 原版止损 止盈2倍,10991,0.64,0.62,,10844,0.65,0.68,,7463,0.67,0.71,
5分钟 5倍 收高位+突破 跟着做 原版止损 止盈3倍,10601,0.63,0.64,,10431,0.68,0.67,,7198,0.66,0.68,
5分钟 5倍 收高位+突破 跟着做 止损3% 止盈不设 拿12h,5226,0.78,0.86,,4923,0.94,0.91,,3759,0.77,0.85,
5分钟 5倍 收高位+突破 跟着做 止损3% 止盈不设 拿48h,2527,0.85,0.97,,2366,1.0,0.99,,2019,0.88,0.96,
5分钟 5倍 收高位+突破 跟着做 止损3% 止盈2% 拿12h,6328,0.81,0.86,,6261,0.88,0.89,,4874,0.81,0.86,
5分钟 5倍 收高位+突破 跟着做 止损3% 止盈2% 拿48h,4852,0.82,0.9,,5226,0.92,0.92,,4262,0.83,0.88,
5分钟 5倍 收高位+突破 跟着做 止损3% 止盈5% 拿12h,5441,0.8,0.84,,5191,0.91,0.9,,4021,0.78,0.85,
5分钟 5倍 收高位+突破 跟着做 止损3% 止盈5% 拿48h,3299,0.82,0.87,,3306,0.99,0.95,,2877,0.81,0.92,
5分钟 5倍 收高位+突破 跟着做 止损5% 止盈不设 拿12h,4899,0.8,0.82,,4566,0.93,0.92,,3444,0.83,0.86,
5分钟 5倍 收高位+突破 跟着做 止损5% 止盈不设 拿48h,2046,0.93,0.92,,1891,1.02,1.02,,1568,0.9,1.01,
5分钟 5倍 收高位+突破 跟着做 止损5% 止盈2% 拿12h,5919,0.83,0.88,,5708,0.89,0.88,,4437,0.85,0.89,
5分钟 5倍 收高位+突破 跟着做 止损5% 止盈2% 拿48h,3939,0.88,0.93,,4056,0.95,0.94,,3413,0.91,0.92,
5分钟 5倍 收高位+突破 跟着做 止损5% 止盈5% 拿12h,5092,0.82,0.83,,4773,0.9,0.91,,3666,0.83,0.87,
5分钟 5倍 收高位+突破 跟着做 止损5% 止盈5% 拿48h,2617,0.87,0.93,,2546,1.04,0.95,,2210,0.92,0.92,
5分钟 5倍 收高位+突破 反着做 原版止损 止盈1倍,11847,0.67,0.59,,11724,0.75,0.6,,7984,0.75,0.66,
5分钟 5倍 收高位+突破 反着做 原版止损 止盈2倍,11296,0.73,0.62,,11095,0.8,0.66,,7602,0.8,0.7,
5分钟 5倍 收高位+突破 反着做 原版止损 止盈3倍,10947,0.72,0.64,,10695,0.79,0.68,,7348,0.8,0.69,
5分钟 5倍 收高位+突破 反着做 止损3% 止盈不设 拿12h,5225,0.89,0.84,,4982,0.9,0.86,,3760,0.89,0.84,
5分钟 5倍 收高位+突破 反着做 止损3% 止盈不设 拿48h,2468,0.91,0.99,,2440,0.91,0.86,,2011,0.88,0.97,
5分钟 5倍 收高位+突破 反着做 止损3% 止盈2% 拿12h,6343,0.92,0.86,,6237,0.83,0.82,,4855,0.92,0.87,
5分钟 5倍 收高位+突破 反着做 止损3% 止盈2% 拿48h,4891,1.0,0.92,,5168,0.84,0.86,,4275,0.93,0.91,
5分钟 5倍 收高位+突破 反着做 止损3% 止盈5% 拿12h,5454,0.9,0.83,,5200,0.85,0.87,,4019,0.91,0.89,
5分钟 5倍 收高位+突破 反着做 止损3% 止盈5% 拿48h,3256,0.93,0.89,,3300,0.82,0.91,,2846,0.91,0.92,
5分钟 5倍 收高位+突破 反着做 止损5% 止盈不设 拿12h,4901,0.95,0.82,,4602,0.91,0.88,,3430,0.92,0.86,
5分钟 5倍 收高位+突破 反着做 止损5% 止盈不设 拿48h,2038,0.95,0.98,,1940,0.9,0.92,,1593,0.94,1.01,
5分钟 5倍 收高位+突破 反着做 止损5% 止盈2% 拿12h,5906,0.94,0.86,,5705,0.85,0.86,,4416,0.98,0.9,
5分钟 5倍 收高位+突破 反着做 止损5% 止盈2% 拿48h,4011,1.03,0.91,,4068,0.87,0.89,,3462,1.03,0.89,
5分钟 5倍 收高位+突破 反着做 止损5% 止盈5% 拿12h,5096,0.92,0.85,,4771,0.87,0.86,,3668,0.97,0.91,
5分钟 5倍 收高位+突破 反着做 止损5% 止盈5% 拿48h,2622,1.0,0.94,,2550,0.83,0.91,,2211,0.96,0.95,
5分钟 5倍 只收高位 跟着做 原版止损 止盈1倍,19609,0.56,0.54,,19575,0.59,0.57,,12939,0.63,0.62,
5分钟 5倍 只收高位 跟着做 原版止损 止盈2倍,17839,0.61,0.6,,17753,0.67,0.64,,11858,0.66,0.67,
5分钟 5倍 只收高位 跟着做 原版止损 止盈3倍,16920,0.61,0.61,,16723,0.69,0.66,,11249,0.66,0.67,
5分钟 5倍 只收高位 跟着做 止损3% 止盈不设 拿12h,6343,0.78,0.8,,5901,0.92,0.92,,4581,0.76,0.82,
5分钟 5倍 只收高位 跟着做 止损3% 止盈不设 拿48h,2736,0.95,0.93,,2578,0.97,0.99,,2240,0.9,0.95,
5分钟 5倍 只收高位 跟着做 止损3% 止盈2% 拿12h,7970,0.83,0.85,,7865,0.85,0.88,,6205,0.8,0.87,
5分钟 5倍 只收高位 跟着做 止损3% 止盈2% 拿48h,5966,0.84,0.89,,6393,0.89,0.87,,5274,0.84,0.89,
5分钟 5倍 只收高位 跟着做 止损3% 止盈5% 拿12h,6630,0.8,0.84,,6290,0.89,0.89,,4945,0.79,0.87,
5分钟 5倍 只收高位 跟着做 止损3% 止盈5% 拿48h,3737,0.82,0.88,,3756,0.94,0.95,,3348,0.86,0.88,
5分钟 5倍 只收高位 跟着做 止损5% 止盈不设 拿12h,5881,0.78,0.85,,5401,0.87,0.92,,4119,0.82,0.86,
5分钟 5倍 只收高位 跟着做 止损5% 止盈不设 拿48h,2195,1.01,0.95,,2046,1.0,1.06,,1736,0.97,0.93,
5分钟 5倍 只收高位 跟着做 止损5% 止盈2% 拿12h,7324,0.84,0.88,,7019,0.84,0.88,,5521,0.84,0.88,
5分钟 5倍 只收高位 跟着做 止损5% 止盈2% 拿48h,4674,0.86,0.91,,4737,0.87,0.92,,4114,0.9,0.94,
5分钟 5倍 只收高位 跟着做 止损5% 止盈5% 拿12h,6131,0.8,0.85,,5689,0.86,0.87,,4410,0.82,0.87,
5分钟 5倍 只收高位 跟着做 止损5% 止盈5% 拿48h,2902,0.87,0.97,,2853,1.0,0.96,,2540,0.92,0.93,
5分钟 5倍 只收高位 反着做 原版止损 止盈1倍,19589,0.61,0.54,,19617,0.65,0.56,,12952,0.68,0.62,
5分钟 5倍 只收高位 反着做 原版止损 止盈2倍,18009,0.67,0.59,,17953,0.73,0.62,,11917,0.74,0.67,
5分钟 5倍 只收高位 反着做 原版止损 止盈3倍,17092,0.67,0.61,,16976,0.73,0.65,,11316,0.75,0.68,
5分钟 5倍 只收高位 反着做 止损3% 止盈不设 拿12h,6279,0.89,0.82,,5949,0.88,0.87,,4543,0.86,0.86,
5分钟 5倍 只收高位 反着做 止损3% 止盈不设 拿48h,2716,0.95,0.96,,2674,0.87,0.89,,2204,0.93,0.96,
5分钟 5倍 只收高位 反着做 止损3% 止盈2% 拿12h,7947,0.91,0.87,,7861,0.82,0.84,,6268,0.91,0.89,
5分钟 5倍 只收高位 反着做 止损3% 止盈2% 拿48h,5967,0.99,0.91,,6338,0.87,0.86,,5404,0.92,0.88,
5分钟 5倍 只收高位 反着做 止损3% 止盈5% 拿12h,6627,0.91,0.86,,6275,0.9,0.85,,4948,0.91,0.86,
5分钟 5倍 只收高位 反着做 止损3% 止盈5% 拿48h,3733,0.94,0.87,,3784,0.88,0.89,,3360,0.9,0.92,
5分钟 5倍 只收高位 反着做 止损5% 止盈不设 拿12h,5870,0.94,0.86,,5422,0.92,0.88,,4080,0.93,0.85,
5分钟 5倍 只收高位 反着做 止损5% 止盈不设 拿48h,2192,1.06,1.01,,2083,0.96,0.93,,1716,0.99,1.01,
5分钟 5倍 只收高位 反着做 止损5% 止盈2% 拿12h,7311,0.93,0.88,,7066,0.85,0.85,,5565,0.97,0.88,
5分钟 5倍 只收高位 反着做 止损5% 止盈2% 拿48h,4674,1.02,0.91,,4805,0.88,0.88,,4200,0.97,0.92,
5分钟 5倍 只收高位 反着做 止损5% 止盈5% 拿12h,6136,0.95,0.87,,5689,0.92,0.84,,4416,0.98,0.91,
5分钟 5倍 只收高位 反着做 止损5% 止盈5% 拿48h,2900,0.97,0.92,,2863,0.86,0.93,,2544,0.98,0.94,
5分钟 5倍 不要确认 跟着做 原版止损 止盈1倍,50251,0.47,0.43,,48911,0.5,0.46,,32971,0.55,0.52,
5分钟 5倍 不要确认 跟着做 原版止损 止盈2倍,43302,0.55,0.51,,42382,0.6,0.55,,28661,0.61,0.59,
5分钟 5倍 不要确认 跟着做 原版止损 止盈3倍,39632,0.56,0.54,,38761,0.62,0.57,,26325,0.63,0.6,
5分钟 5倍 不要确认 跟着做 止损3% 止盈不设 拿12h,7934,0.81,0.81,,7234,0.9,0.92,,6006,0.78,0.83,
5分钟 5倍 不要确认 跟着做 止损3% 止盈不设 拿48h,3087,0.91,0.92,,2821,0.96,0.99,,2585,0.92,0.94,
5分钟 5倍 不要确认 跟着做 止损3% 止盈2% 拿12h,11312,0.84,0.85,,11028,0.86,0.88,,9480,0.84,0.88,
5分钟 5倍 不要确认 跟着做 止损3% 止盈2% 拿48h,8407,0.84,0.89,,8838,0.91,0.9,,8003,0.88,0.9,
5分钟 5倍 不要确认 跟着做 止损3% 止盈5% 拿12h,8530,0.83,0.85,,8018,0.89,0.91,,6757,0.84,0.87,
5分钟 5倍 不要确认 跟着做 止损3% 止盈5% 拿48h,4634,0.84,0.91,,4604,0.99,0.95,,4391,0.87,0.91,
5分钟 5倍 不要确认 跟着做 止损5% 止盈不设 拿12h,7241,0.84,0.81,,6530,0.86,0.94,,5259,0.8,0.86,
5分钟 5倍 不要确认 跟着做 止损5% 止盈不设 拿48h,2424,0.9,0.93,,2195,0.97,0.98,,1981,1.0,0.98,
5分钟 5倍 不要确认 跟着做 止损5% 止盈2% 拿12h,9877,0.87,0.88,,9407,0.88,0.89,,8016,0.88,0.89,
5分钟 5倍 不要确认 跟着做 止损5% 止盈2% 拿48h,6124,0.89,0.94,,6126,0.88,0.88,,5875,0.93,0.9,
5分钟 5倍 不要确认 跟着做 止损5% 止盈5% 拿12h,7679,0.85,0.86,,7079,0.87,0.92,,5846,0.83,0.88,
5分钟 5倍 不要确认 跟着做 止损5% 止盈5% 拿48h,3390,0.87,0.91,,3352,0.97,0.93,,3150,0.88,0.93,
5分钟 5倍 不要确认 反着做 原版止损 止盈1倍,50296,0.48,0.43,,48978,0.51,0.45,,33021,0.56,0.52,
5分钟 5倍 不要确认 反着做 原版止损 止盈2倍,44340,0.58,0.51,,42970,0.62,0.53,,29160,0.63,0.58,
5分钟 5倍 不要确认 反着做 原版止损 止盈3倍,40899,0.6,0.54,,39297,0.64,0.56,,26968,0.65,0.6,
5分钟 5倍 不要确认 反着做 止损3% 止盈不设 拿12h,7961,0.84,0.84,,7411,0.88,0.9,,5996,0.86,0.86,
5分钟 5倍 不要确认 反着做 止损3% 止盈不设 拿48h,3090,0.95,0.95,,2921,0.94,0.91,,2651,0.87,0.91,
5分钟 5倍 不要确认 反着做 止损3% 止盈2% 拿12h,11225,0.91,0.88,,10937,0.85,0.85,,9491,0.92,0.89,
5分钟 5倍 不要确认 反着做 止损3% 止盈2% 拿48h,8341,0.98,0.9,,8767,0.86,0.86,,8022,0.92,0.91,
5分钟 5倍 不要确认 反着做 止损3% 止盈5% 拿12h,8583,0.88,0.89,,8073,0.89,0.86,,6776,0.91,0.89,
5分钟 5倍 不要确认 反着做 止损3% 止盈5% 拿48h,4625,0.94,0.94,,4639,0.94,0.91,,4455,0.9,0.91,
5分钟 5倍 不要确认 反着做 止损5% 止盈不设 拿12h,7235,0.87,0.88,,6582,0.91,0.88,,5274,0.88,0.89,
5分钟 5倍 不要确认 反着做 止损5% 止盈不设 拿48h,2442,0.98,1.0,,2257,1.0,0.93,,1990,0.9,0.97,
5分钟 5倍 不要确认 反着做 止损5% 止盈2% 拿12h,9743,0.89,0.88,,9348,0.87,0.85,,7909,0.93,0.87,
5分钟 5倍 不要确认 反着做 止损5% 止盈2% 拿48h,6012,0.97,0.92,,6040,0.87,0.88,,5771,0.96,0.92,
5分钟 5倍 不要确认 反着做 止损5% 止盈5% 拿12h,7692,0.89,0.87,,7077,0.91,0.87,,5847,0.96,0.89,
5分钟 5倍 不要确认 反着做 止损5% 止盈5% 拿48h,3393,0.98,0.93,,3343,0.89,0.91,,3157,0.99,0.94,
5分钟 10倍 收高位+突破 跟着做 原版止损 止盈1倍,5557,0.61,0.6,,5403,0.64,0.65,,3974,0.68,0.69,
5分钟 10倍 收高位+突破 跟着做 原版止损 止盈2倍,5339,0.63,0.65,,5178,0.71,0.7,,3835,0.69,0.71,
5分钟 10倍 收高位+突破 跟着做 原版止损 止盈3倍,5238,0.61,0.65,,5079,0.75,0.7,,3754,0.67,0.7,
5分钟 10倍 收高位+突破 跟着做 止损3% 止盈不设 拿12h,3422,0.81,0.84,,3273,0.96,0.91,,2502,0.74,0.84,
5分钟 10倍 收高位+突破 跟着做 止损3% 止盈不设 拿48h,1941,0.93,0.95,,1883,1.06,0.98,,1568,0.82,0.95,
5分钟 10倍 收高位+突破 跟着做 止损3% 止盈2% 拿12h,3818,0.83,0.86,,3771,0.91,0.89,,2934,0.81,0.83,
5分钟 10倍 收高位+突破 跟着做 止损3% 止盈2% 拿48h,3031,0.81,0.89,,3225,0.96,0.93,,2601,0.83,0.9,
5分钟 10倍 收高位+突破 跟着做 止损3% 止盈5% 拿12h,3496,0.82,0.83,,3355,0.93,0.91,,2577,0.75,0.86,
5分钟 10倍 收高位+突破 跟着做 止损3% 止盈5% 拿48h,2300,0.85,0.93,,2322,0.96,0.95,,1930,0.79,0.92,
5分钟 10倍 收高位+突破 跟着做 止损5% 止盈不设 拿12h,3304,0.83,0.86,,3121,0.98,0.98,,2368,0.82,0.84,
5分钟 10倍 收高位+突破 跟着做 止损5% 止盈不设 拿48h,1647,0.92,0.97,,1569,1.01,1.0,,1283,0.91,0.92,
5分钟 10倍 收高位+突破 跟着做 止损5% 止盈2% 拿12h,3693,0.85,0.86,,3592,0.94,0.88,,2786,0.84,0.91,
5分钟 10倍 收高位+突破 跟着做 止损5% 止盈2% 拿48h,2625,0.87,0.91,,2725,0.97,0.94,,2234,0.89,0.93,
5分钟 10倍 收高位+突破 跟着做 止损5% 止盈5% 拿12h,3373,0.84,0.83,,3195,0.94,0.91,,2444,0.83,0.87,
5分钟 10倍 收高位+突破 跟着做 止损5% 止盈5% 拿48h,1956,0.85,0.93,,1895,0.99,1.01,,1592,0.9,0.94,
5分钟 10倍 收高位+突破 反着做 原版止损 止盈1倍,5574,0.68,0.59,,5426,0.72,0.62,,3978,0.73,0.67,
5分钟 10倍 收高位+突破 反着做 原版止损 止盈2倍,5457,0.74,0.63,,5283,0.77,0.67,,3880,0.79,0.68,
5分钟 10倍 收高位+突破 反着做 原版止损 止盈3倍,5369,0.72,0.63,,5192,0.76,0.68,,3810,0.78,0.72,
5分钟 10倍 收高位+突破 反着做 止损3% 止盈不设 拿12h,3454,0.82,0.8,,3300,0.8,0.87,,2517,0.85,0.85,
5分钟 10倍 收高位+突破 反着做 止损3% 止盈不设 拿48h,1943,0.91,0.96,,1912,0.87,0.91,,1560,0.88,0.99,
5分钟 10倍 收高位+突破 反着做 止损3% 止盈2% 拿12h,3814,0.89,0.83,,3747,0.81,0.83,,2919,0.91,0.86,
5分钟 10倍 收高位+突破 反着做 止损3% 止盈2% 拿48h,3079,0.96,0.87,,3209,0.82,0.87,,2604,0.94,0.88,
5分钟 10倍 收高位+突破 反着做 止损3% 止盈5% 拿12h,3514,0.88,0.83,,3366,0.81,0.84,,2610,0.86,0.85,
5分钟 10倍 收高位+突破 反着做 止损3% 止盈5% 拿48h,2294,0.96,0.91,,2328,0.82,0.88,,1938,0.89,0.92,
5分钟 10倍 收高位+突破 反着做 止损5% 止盈不设 拿12h,3317,0.85,0.84,,3131,0.84,0.86,,2363,0.94,0.88,
5分钟 10倍 收高位+突破 反着做 止损5% 止盈不设 拿48h,1674,0.9,0.99,,1576,0.89,0.86,,1282,1.0,0.93,
5分钟 10倍 收高位+突破 反着做 止损5% 止盈2% 拿12h,3667,0.9,0.84,,3574,0.84,0.83,,2748,1.02,0.88,
5分钟 10倍 收高位+突破 反着做 止损5% 止盈2% 拿48h,2670,1.0,0.94,,2726,0.85,0.88,,2254,1.11,0.91,✔
5分钟 10倍 收高位+突破 反着做 止损5% 止盈5% 拿12h,3374,0.89,0.87,,3193,0.83,0.85,,2448,0.95,0.91,
5分钟 10倍 收高位+突破 反着做 止损5% 止盈5% 拿48h,1959,1.0,0.91,,1897,0.85,0.9,,1595,0.96,0.92,
5分钟 10倍 只收高位 跟着做 原版止损 止盈1倍,8915,0.58,0.53,,8744,0.62,0.59,,6358,0.65,0.63,
5分钟 10倍 只收高位 跟着做 原版止损 止盈2倍,8452,0.62,0.6,,8276,0.69,0.65,,6052,0.68,0.66,
5分钟 10倍 只收高位 跟着做 原版止损 止盈3倍,8218,0.62,0.61,,8001,0.73,0.67,,5864,0.67,0.69,
5分钟 10倍 只收高位 跟着做 止损3% 止盈不设 拿12h,4330,0.82,0.83,,4144,0.92,0.94,,3206,0.78,0.84,
5分钟 10倍 只收高位 跟着做 止损3% 止盈不设 拿48h,2185,0.96,0.96,,2114,1.04,0.98,,1808,0.87,0.94,
5分钟 10倍 只收高位 跟着做 止损3% 止盈2% 拿12h,5005,0.85,0.86,,4943,0.88,0.86,,3916,0.86,0.87,
5分钟 10倍 只收高位 跟着做 止损3% 止盈2% 拿48h,3861,0.85,0.87,,4088,0.93,0.91,,3354,0.87,0.89,
5分钟 10倍 只收高位 跟着做 止损3% 止盈5% 拿12h,4434,0.83,0.84,,4273,0.91,0.91,,3341,0.8,0.85,
5分钟 10倍 只收高位 跟着做 止损3% 止盈5% 拿48h,2710,0.86,0.89,,2755,0.97,0.98,,2354,0.85,0.94,
5分钟 10倍 只收高位 跟着做 止损5% 止盈不设 拿12h,4145,0.8,0.86,,3890,0.93,0.93,,2975,0.85,0.85,
5分钟 10倍 只收高位 跟着做 止损5% 止盈不设 拿48h,1849,1.01,0.95,,1747,0.98,1.06,,1453,1.02,0.95,
5分钟 10倍 只收高位 跟着做 止损5% 止盈2% 拿12h,4757,0.84,0.85,,4618,0.89,0.88,,3633,0.9,0.88,
5分钟 10倍 只收高位 跟着做 止损5% 止盈2% 拿48h,3230,0.9,0.89,,3302,0.91,0.91,,2793,0.95,0.93,
5分钟 10倍 只收高位 跟着做 止损5% 止盈5% 拿12h,4236,0.82,0.84,,3998,0.91,0.9,,3095,0.87,0.86,
5分钟 10倍 只收高位 跟着做 止损5% 止盈5% 拿48h,2240,0.91,0.91,,2206,0.98,0.97,,1883,0.94,0.93,
5分钟 10倍 只收高位 反着做 原版止损 止盈1倍,8914,0.61,0.54,,8778,0.64,0.57,,6357,0.68,0.61,
5分钟 10倍 只收高位 反着做 原版止损 止盈2倍,8534,0.67,0.61,,8383,0.72,0.65,,6095,0.76,0.67,
5分钟 10倍 只收高位 反着做 原版止损 止盈3倍,8315,0.67,0.62,,8152,0.72,0.65,,5930,0.75,0.68,
5分钟 10倍 只收高位 反着做 止损3% 止盈不设 拿12h,4344,0.84,0.86,,4160,0.82,0.87,,3207,0.81,0.87,
5分钟 10倍 只收高位 反着做 止损3% 止盈不设 拿48h,2229,0.87,0.94,,2190,0.83,0.9,,1813,0.85,0.96,
5分钟 10倍 只收高位 反着做 止损3% 止盈2% 拿12h,5011,0.87,0.84,,4900,0.8,0.83,,3950,0.88,0.84,
5分钟 10倍 只收高位 反着做 止损3% 止盈2% 拿48h,3878,0.92,0.86,,4056,0.82,0.86,,3418,0.93,0.9,
5分钟 10倍 只收高位 反着做 止损3% 止盈5% 拿12h,4453,0.89,0.89,,4272,0.84,0.85,,3362,0.83,0.85,
5分钟 10倍 只收高位 反着做 止损3% 止盈5% 拿48h,2728,0.92,0.92,,2774,0.85,0.89,,2367,0.85,0.91,
5分钟 10倍 只收高位 反着做 止损5% 止盈不设 拿12h,4139,0.86,0.82,,3892,0.86,0.84,,2965,0.91,0.85,
5分钟 10倍 只收高位 反着做 止损5% 止盈不设 拿48h,1860,0.95,1.01,,1761,0.9,0.9,,1446,0.99,0.98,
5分钟 10倍 只收高位 反着做 止损5% 止盈2% 拿12h,4760,0.89,0.86,,4586,0.83,0.85,,3642,0.97,0.88,
5分钟 10倍 只收高位 反着做 止损5% 止盈2% 拿48h,3224,0.93,0.95,,3324,0.84,0.87,,2833,1.06,0.95,
5分钟 10倍 只收高位 反着做 止损5% 止盈5% 拿12h,4235,0.91,0.86,,3997,0.86,0.86,,3100,0.91,0.87,
5分钟 10倍 只收高位 反着做 止损5% 止盈5% 拿48h,2241,0.94,0.9,,2201,0.88,0.89,,1889,0.93,0.99,
5分钟 10倍 不要确认 跟着做 原版止损 止盈1倍,24602,0.48,0.44,,22835,0.55,0.48,,17128,0.55,0.52,
5分钟 10倍 不要确认 跟着做 原版止损 止盈2倍,22470,0.54,0.53,,20989,0.65,0.57,,15835,0.61,0.58,
5分钟 10倍 不要确认 跟着做 原版止损 止盈3倍,21299,0.55,0.56,,19883,0.66,0.6,,15003,0.62,0.6,
5分钟 10倍 不要确认 跟着做 止损3% 止盈不设 拿12h,6408,0.8,0.83,,5894,0.89,0.91,,4869,0.8,0.84,
5分钟 10倍 不要确认 跟着做 止损3% 止盈不设 拿48h,2764,0.87,0.92,,2524,1.05,0.96,,2315,0.93,0.93,
5分钟 10倍 不要确认 跟着做 止损3% 止盈2% 拿12h,8187,0.82,0.85,,7933,0.88,0.87,,6739,0.86,0.87,
5分钟 10倍 不要确认 跟着做 止损3% 止盈2% 拿48h,6045,0.82,0.9,,6332,0.91,0.89,,5614,0.86,0.91,
5分钟 10倍 不要确认 跟着做 止损3% 止盈5% 拿12h,6680,0.81,0.82,,6289,0.9,0.89,,5224,0.82,0.85,
5分钟 10倍 不要确认 跟着做 止损3% 止盈5% 拿48h,3667,0.82,0.89,,3687,1.01,0.94,,3427,0.86,0.91,
5分钟 10倍 不要确认 跟着做 止损5% 止盈不设 拿12h,5958,0.82,0.81,,5403,0.91,0.93,,4408,0.81,0.85,
5分钟 10倍 不要确认 跟着做 止损5% 止盈不设 拿48h,2212,0.94,0.9,,2010,1.0,1.01,,1813,0.97,1.0,
5分钟 10倍 不要确认 跟着做 止损5% 止盈2% 拿12h,7477,0.83,0.87,,7109,0.88,0.88,,5982,0.87,0.89,
5分钟 10倍 不要确认 跟着做 止损5% 止盈2% 拿48h,4626,0.83,0.93,,4741,0.89,0.93,,4344,0.89,0.93,
5分钟 10倍 不要确认 跟着做 止损5% 止盈5% 拿12h,6182,0.82,0.85,,5721,0.91,0.9,,4700,0.82,0.89,
5分钟 10倍 不要确认 跟着做 止损5% 止盈5% 拿48h,2843,0.85,0.93,,2819,0.98,0.99,,2574,0.9,0.91,
5分钟 10倍 不要确认 反着做 原版止损 止盈1倍,24630,0.48,0.44,,22863,0.51,0.47,,17134,0.56,0.51,
5分钟 10倍 不要确认 反着做 原版止损 止盈2倍,23035,0.57,0.52,,21269,0.6,0.55,,15962,0.64,0.59,
5分钟 10倍 不要确认 反着做 原版止损 止盈3倍,22014,0.6,0.55,,20257,0.62,0.58,,15290,0.66,0.61,
5分钟 10倍 不要确认 反着做 止损3% 止盈不设 拿12h,6453,0.83,0.84,,6020,0.83,0.87,,4889,0.85,0.84,
5分钟 10倍 不要确认 反着做 止损3% 止盈不设 拿48h,2763,0.91,0.96,,2698,0.87,0.89,,2355,0.85,0.91,
5分钟 10倍 不要确认 反着做 止损3% 止盈2% 拿12h,8110,0.89,0.87,,7866,0.84,0.84,,6715,0.89,0.88,
5分钟 10倍 不要确认 反着做 止损3% 止盈2% 拿48h,6023,0.97,0.91,,6301,0.86,0.87,,5641,0.92,0.88,
5分钟 10倍 不要确认 反着做 止损3% 止盈5% 拿12h,6709,0.89,0.87,,6330,0.86,0.85,,5282,0.89,0.89,
5分钟 10倍 不要确认 反着做 止损3% 止盈5% 拿48h,3675,0.98,0.88,,3768,0.86,0.89,,3499,0.89,0.93,
5分钟 10倍 不要确认 反着做 止损5% 止盈不设 拿12h,5982,0.85,0.85,,5484,0.86,0.87,,4399,0.9,0.88,
5分钟 10倍 不要确认 反着做 止损5% 止盈不设 拿48h,2214,1.01,0.99,,2082,0.94,0.95,,1838,0.89,1.02,
5分钟 10倍 不要确认 反着做 止损5% 止盈2% 拿12h,7376,0.89,0.88,,7039,0.86,0.85,,5932,0.95,0.88,
5分钟 10倍 不要确认 反着做 止损5% 止盈2% 拿48h,4602,0.99,0.97,,4676,0.85,0.87,,4310,0.98,0.94,
5分钟 10倍 不要确认 反着做 止损5% 止盈5% 拿12h,6188,0.91,0.87,,5724,0.87,0.85,,4708,0.96,0.92,
5分钟 10倍 不要确认 反着做 止损5% 止盈5% 拿48h,2851,0.99,0.92,,2820,0.88,0.9,,2584,0.97,0.95,
15分钟 2倍 收高位+突破 跟着做 原版止损 止盈1倍,9368,0.73,0.72,,8815,0.83,0.76,,6604,0.72,0.77,
15分钟 2倍 收高位+突破 跟着做 原版止损 止盈2倍,8196,0.73,0.75,,7664,0.87,0.81,,5826,0.74,0.78,
15分钟 2倍 收高位+突破 跟着做 原版止损 止盈3倍,7685,0.72,0.78,,7116,0.87,0.81,,5439,0.72,0.79,
15分钟 2倍 收高位+突破 跟着做 止损3% 止盈不设 拿12h,4914,0.75,0.85,,4525,0.96,0.93,,3652,0.77,0.86,
15分钟 2倍 收高位+突破 跟着做 止损3% 止盈不设 拿48h,2483,0.93,0.97,,2270,1.1,1.01,,2029,0.8,0.93,
15分钟 2倍 收高位+突破 跟着做 止损3% 止盈2% 拿12h,6085,0.79,0.87,,5919,0.94,0.87,,4802,0.82,0.88,
15分钟 2倍 收高位+突破 跟着做 止损3% 止盈2% 拿48h,4848,0.81,0.88,,5053,0.98,0.9,,4203,0.8,0.91,
15分钟 2倍 收高位+突破 跟着做 止损3% 止盈5% 拿12h,5213,0.78,0.85,,4830,0.94,0.9,,3976,0.8,0.86,
15分钟 2倍 收高位+突破 跟着做 止损3% 止盈5% 拿48h,3346,0.83,0.89,,3249,1.0,0.95,,2912,0.76,0.9,
15分钟 2倍 收高位+突破 跟着做 止损5% 止盈不设 拿12h,4601,0.76,0.8,,4190,0.97,0.96,,3343,0.82,0.86,
15分钟 2倍 收高位+突破 跟着做 止损5% 止盈不设 拿48h,2030,0.93,1.0,,1832,1.06,1.01,,1569,0.91,0.98,
15分钟 2倍 收高位+突破 跟着做 止损5% 止盈2% 拿12h,5673,0.8,0.85,,5461,0.98,0.88,,4407,0.87,0.88,
15分钟 2倍 收高位+突破 跟着做 止损5% 止盈2% 拿48h,3931,0.82,0.92,,4065,1.01,0.9,,3459,0.88,0.93,
15分钟 2倍 收高位+突破 跟着做 止损5% 止盈5% 拿12h,4862,0.79,0.85,,4464,0.95,0.94,,3628,0.83,0.89,
15分钟 2倍 收高位+突破 跟着做 止损5% 止盈5% 拿48h,2667,0.86,0.93,,2561,0.99,0.99,,2268,0.85,0.96,
15分钟 2倍 收高位+突破 反着做 原版止损 止盈1倍,9408,0.76,0.72,,8849,0.71,0.72,,6618,0.86,0.77,
15分钟 2倍 收高位+突破 反着做 原版止损 止盈2倍,8423,0.8,0.74,,7904,0.76,0.78,,5892,0.88,0.8,
15分钟 2倍 收高位+突破 反着做 原版止损 止盈3倍,7812,0.81,0.74,,7369,0.74,0.78,,5481,0.85,0.81,
15分钟 2倍 收高位+突破 反着做 止损3% 止盈不设 拿12h,4998,0.89,0.83,,4685,0.82,0.88,,3726,0.89,0.86,
15分钟 2倍 收高位+突破 反着做 止损3% 止盈不设 拿48h,2455,1.02,0.95,,2414,0.89,0.9,,2002,0.99,0.96,
15分钟 2倍 收高位+突破 反着做 止损3% 止盈2% 拿12h,6036,0.94,0.84,,5819,0.82,0.83,,4779,0.94,0.84,
15分钟 2倍 收高位+突破 反着做 止损3% 止盈2% 拿48h,4847,0.98,0.89,,4966,0.84,0.86,,4219,0.98,0.87,
15分钟 2倍 收高位+突破 反着做 止损3% 止盈5% 拿12h,5233,0.92,0.85,,4902,0.8,0.83,,3987,0.94,0.87,
15分钟 2倍 收高位+突破 反着做 止损3% 止盈5% 拿48h,3296,0.98,0.91,,3302,0.83,0.89,,2885,0.97,0.91,
15分钟 2倍 收高位+突破 反着做 止损5% 止盈不设 拿12h,4663,0.94,0.83,,4274,0.85,0.88,,3399,0.93,0.89,
15分钟 2倍 收高位+突破 反着做 止损5% 止盈不设 拿48h,2027,1.03,0.99,,1939,0.9,0.91,,1610,1.01,0.91,
15分钟 2倍 收高位+突破 反着做 止损5% 止盈2% 拿12h,5623,0.97,0.86,,5312,0.84,0.84,,4367,0.99,0.87,
15分钟 2倍 收高位+突破 反着做 止损5% 止盈2% 拿48h,4014,1.02,0.93,,3943,0.86,0.85,,3467,1.06,0.93,
15分钟 2倍 收高位+突破 反着做 止损5% 止盈5% 拿12h,4861,0.97,0.85,,4461,0.83,0.85,,3627,0.97,0.89,
15分钟 2倍 收高位+突破 反着做 止损5% 止盈5% 拿48h,2660,0.98,0.91,,2565,0.88,0.85,,2266,1.02,0.92,
15分钟 2倍 只收高位 跟着做 原版止损 止盈1倍,16578,0.72,0.69,,15607,0.8,0.71,,11572,0.73,0.74,
15分钟 2倍 只收高位 跟着做 原版止损 止盈2倍,13784,0.73,0.72,,12812,0.85,0.77,,9654,0.75,0.78,
15分钟 2倍 只收高位 跟着做 原版止损 止盈3倍,12445,0.73,0.74,,11533,0.87,0.79,,8700,0.75,0.76,
15分钟 2倍 只收高位 跟着做 止损3% 止盈不设 拿12h,6398,0.75,0.85,,5767,0.97,0.89,,4724,0.84,0.83,
15分钟 2倍 只收高位 跟着做 止损3% 止盈不设 拿48h,2826,0.88,0.88,,2614,1.0,0.99,,2292,0.93,0.96,
15分钟 2倍 只收高位 跟着做 止损3% 止盈2% 拿12h,8378,0.81,0.86,,8141,0.94,0.9,,6812,0.87,0.87,
15分钟 2倍 只收高位 跟着做 止损3% 止盈2% 拿48h,6433,0.83,0.91,,6744,0.95,0.91,,5824,0.86,0.88,
15分钟 2倍 只收高位 跟着做 止损3% 止盈5% 拿12h,6833,0.77,0.86,,6269,0.93,0.86,,5281,0.85,0.88,
15分钟 2倍 只收高位 跟着做 止损3% 止盈5% 拿48h,3985,0.8,0.9,,3958,0.95,0.94,,3656,0.86,0.9,
15分钟 2倍 只收高位 跟着做 止损5% 止盈不设 拿12h,5890,0.78,0.83,,5302,0.99,0.92,,4263,0.84,0.84,
15分钟 2倍 只收高位 跟着做 止损5% 止盈不设 拿48h,2240,0.91,1.0,,2009,1.05,0.98,,1779,0.94,0.98,
15分钟 2倍 只收高位 跟着做 止损5% 止盈2% 拿12h,7592,0.84,0.86,,7283,0.96,0.88,,6046,0.9,0.86,
15分钟 2倍 只收高位 跟着做 止损5% 止盈2% 拿48h,4992,0.86,0.92,,5069,0.97,0.91,,4557,0.9,0.92,
15分钟 2倍 只收高位 跟着做 止损5% 止盈5% 拿12h,6233,0.8,0.84,,5714,0.98,0.92,,4684,0.85,0.86,
15分钟 2倍 只收高位 跟着做 止损5% 止盈5% 拿48h,3059,0.87,0.9,,2972,0.95,0.95,,2718,0.87,0.91,
15分钟 2倍 只收高位 反着做 原版止损 止盈1倍,16602,0.7,0.68,,15633,0.68,0.71,,11573,0.79,0.75,
15分钟 2倍 只收高位 反着做 原版止损 止盈2倍,13857,0.75,0.73,,12926,0.71,0.74,,9719,0.84,0.76,
15分钟 2倍 只收高位 反着做 原版止损 止盈3倍,12454,0.76,0.73,,11637,0.71,0.76,,8772,0.83,0.78,
15分钟 2倍 只收高位 反着做 止损3% 止盈不设 拿12h,6363,0.91,0.84,,6010,0.83,0.85,,4794,0.88,0.88,
15分钟 2倍 只收高位 反着做 止损3% 止盈不设 拿48h,2783,1.04,0.98,,2744,0.91,0.9,,2294,1.02,1.0,
15分钟 2倍 只收高位 反着做 止损3% 止盈2% 拿12h,8335,0.92,0.85,,8009,0.8,0.84,,6737,0.89,0.88,
15分钟 2倍 只收高位 反着做 止损3% 止盈2% 拿48h,6375,0.97,0.9,,6599,0.82,0.86,,5809,0.94,0.89,
15分钟 2倍 只收高位 反着做 止损3% 止盈5% 拿12h,6805,0.89,0.84,,6388,0.8,0.85,,5272,0.91,0.89,
15分钟 2倍 只收高位 反着做 止损3% 止盈5% 拿48h,3946,0.97,0.91,,3953,0.87,0.89,,3654,0.93,0.89,
15分钟 2倍 只收高位 反着做 止损5% 止盈不设 拿12h,5899,0.95,0.84,,5407,0.86,0.89,,4306,0.9,0.87,
15分钟 2倍 只收高位 反着做 止损5% 止盈不设 拿48h,2231,1.07,0.99,,2127,0.96,0.92,,1770,1.18,0.96,✔
15分钟 2倍 只收高位 反着做 止损5% 止盈2% 拿12h,7606,0.97,0.9,,7033,0.82,0.85,,5965,0.94,0.89,
15分钟 2倍 只收高位 反着做 止损5% 止盈2% 拿48h,5034,1.07,0.92,,4969,0.86,0.86,,4527,0.96,0.94,
15分钟 2倍 只收高位 反着做 止损5% 止盈5% 拿12h,6235,0.95,0.84,,5710,0.81,0.85,,4677,0.94,0.89,
15分钟 2倍 只收高位 反着做 止损5% 止盈5% 拿48h,3049,1.01,0.92,,2977,0.92,0.93,,2707,1.0,0.92,
15分钟 2倍 不要确认 跟着做 原版止损 止盈1倍,40522,0.61,0.57,,37124,0.7,0.62,,27903,0.66,0.64,
15分钟 2倍 不要确认 跟着做 原版止损 止盈2倍,31008,0.66,0.64,,28049,0.76,0.69,,21683,0.71,0.71,
15分钟 2倍 不要确认 跟着做 原版止损 止盈3倍,26546,0.67,0.67,,24034,0.8,0.72,,18801,0.7,0.71,
15分钟 2倍 不要确认 跟着做 止损3% 止盈不设 拿12h,8068,0.8,0.81,,7226,0.95,0.93,,6282,0.78,0.84,
15分钟 2倍 不要确认 跟着做 止损3% 止盈不设 拿48h,3063,0.99,0.91,,2838,1.0,0.96,,2658,0.91,0.93,
15分钟 2倍 不要确认 跟着做 止损3% 止盈2% 拿12h,11995,0.84,0.86,,11549,0.92,0.88,,10458,0.86,0.89,
15分钟 2倍 不要确认 跟着做 止损3% 止盈2% 拿48h,9054,0.84,0.9,,9326,0.96,0.9,,8896,0.86,0.9,
15分钟 2倍 不要确认 跟着做 止损3% 止盈5% 拿12h,8838,0.83,0.85,,8138,0.95,0.9,,7259,0.85,0.88,
15分钟 2倍 不要确认 跟着做 止损3% 止盈5% 拿48h,4823,0.88,0.87,,4725,1.01,0.95,,4813,0.89,0.91,
15分钟 2倍 不要确认 跟着做 止损5% 止盈不设 拿12h,7327,0.85,0.83,,6487,0.94,0.95,,5499,0.79,0.84,
15分钟 2倍 不要确认 跟着做 止损5% 止盈不设 拿48h,2448,0.94,0.92,,2194,1.01,1.01,,2054,0.94,0.96,
15分钟 2倍 不要确认 跟着做 止损5% 止盈2% 拿12h,10319,0.88,0.86,,9790,0.93,0.89,,8693,0.88,0.9,
15分钟 2倍 不要确认 跟着做 止损5% 止盈2% 拿48h,6464,0.89,0.93,,6647,0.98,0.93,,6382,0.9,0.93,
15分钟 2倍 不要确认 跟着做 止损5% 止盈5% 拿12h,7868,0.87,0.85,,7169,0.94,0.9,,6201,0.9,0.88,
15分钟 2倍 不要确认 跟着做 止损5% 止盈5% 拿48h,3520,0.89,0.9,,3496,1.03,0.96,,3348,0.94,0.93,
15分钟 2倍 不要确认 反着做 原版止损 止盈1倍,40593,0.61,0.57,,37139,0.61,0.6,,27954,0.69,0.64,
15分钟 2倍 不要确认 反着做 原版止损 止盈2倍,31211,0.7,0.64,,28437,0.69,0.67,,21721,0.74,0.7,
15分钟 2倍 不要确认 反着做 原版止损 止盈3倍,26680,0.71,0.66,,24215,0.7,0.69,,18789,0.74,0.71,
15分钟 2倍 不要确认 反着做 止损3% 止盈不设 拿12h,8202,0.8,0.85,,7491,0.91,0.89,,6322,0.89,0.85,
15分钟 2倍 不要确认 反着做 止损3% 止盈不设 拿48h,3131,0.95,0.95,,3095,0.86,0.89,,2698,0.97,0.94,
15分钟 2倍 不要确认 反着做 止损3% 止盈2% 拿12h,11890,0.91,0.86,,11379,0.83,0.86,,10379,0.88,0.89,
15分钟 2倍 不要确认 反着做 止损3% 止盈2% 拿48h,8949,0.93,0.92,,9172,0.84,0.87,,8839,0.93,0.9,
15分钟 2倍 不要确认 反着做 止损3% 止盈5% 拿12h,8879,0.86,0.85,,8245,0.86,0.85,,7287,0.94,0.87,
15分钟 2倍 不要确认 反着做 止损3% 止盈5% 拿48h,4822,0.91,0.91,,4865,0.88,0.9,,4789,0.89,0.91,
15分钟 2倍 不要确认 反着做 止损5% 止盈不设 拿12h,7376,0.85,0.85,,6619,0.93,0.88,,5530,0.87,0.89,
15分钟 2倍 不要确认 反着做 止损5% 止盈不设 拿48h,2464,0.97,1.02,,2327,0.92,0.92,,2082,0.91,1.02,
15分钟 2倍 不要确认 反着做 止损5% 止盈2% 拿12h,10190,0.92,0.88,,9510,0.83,0.85,,8580,0.91,0.89,
15分钟 2倍 不要确认 反着做 止损5% 止盈2% 拿48h,6374,0.94,0.92,,6404,0.89,0.87,,6330,0.98,0.91,
15分钟 2倍 不要确认 反着做 止损5% 止盈5% 拿12h,7871,0.88,0.87,,7172,0.84,0.86,,6205,0.91,0.9,
15分钟 2倍 不要确认 反着做 止损5% 止盈5% 拿48h,3513,0.97,0.94,,3501,0.84,0.92,,3348,0.94,0.95,
15分钟 3倍 收高位+突破 跟着做 原版止损 止盈1倍,6761,0.73,0.74,,6338,0.87,0.78,,4885,0.73,0.78,
15分钟 3倍 收高位+突破 跟着做 原版止损 止盈2倍,6094,0.72,0.74,,5679,0.89,0.81,,4429,0.75,0.79,
15分钟 3倍 收高位+突破 跟着做 原版止损 止盈3倍,5803,0.71,0.77,,5343,0.89,0.83,,4195,0.74,0.8,
15分钟 3倍 收高位+突破 跟着做 止损3% 止盈不设 拿12h,4111,0.76,0.83,,3779,0.97,0.96,,3104,0.76,0.84,
15分钟 3倍 收高位+突破 跟着做 止损3% 止盈不设 拿48h,2288,0.89,0.94,,2074,1.09,0.94,,1833,0.84,0.98,
15分钟 3倍 收高位+突破 跟着做 止损3% 止盈2% 拿12h,4879,0.79,0.86,,4687,0.97,0.87,,3822,0.82,0.87,
15分钟 3倍 收高位+突破 跟着做 止损3% 止盈2% 拿48h,3962,0.82,0.91,,4079,1.01,0.9,,3375,0.82,0.89,
15分钟 3倍 收高位+突破 跟着做 止损3% 止盈5% 拿12h,4309,0.78,0.85,,3985,0.95,0.93,,3304,0.81,0.86,
15分钟 3倍 收高位+突破 跟着做 止损3% 止盈5% 拿48h,2904,0.83,0.92,,2818,1.01,0.98,,2489,0.77,0.91,
15分钟 3倍 收高位+突破 跟着做 止损5% 止盈不设 拿12h,3913,0.79,0.87,,3526,0.98,0.96,,2893,0.84,0.86,
15分钟 3倍 收高位+突破 跟着做 止损5% 止盈不设 拿48h,1880,0.96,0.95,,1700,1.1,1.01,,1488,0.92,0.99,
15分钟 3倍 收高位+突破 跟着做 止损5% 止盈2% 拿12h,4651,0.81,0.86,,4404,1.0,0.88,,3599,0.88,0.85,
15分钟 3倍 收高位+突破 跟着做 止损5% 止盈2% 拿48h,3335,0.85,0.95,,3411,1.05,0.89,,2875,0.88,0.89,
15分钟 3倍 收高位+突破 跟着做 止损5% 止盈5% 拿12h,4085,0.8,0.85,,3717,0.97,0.9,,3094,0.86,0.89,
15分钟 3倍 收高位+突破 跟着做 止损5% 止盈5% 拿48h,2375,0.86,0.93,,2293,1.07,1.01,,2024,0.85,0.91,
15分钟 3倍 收高位+突破 反着做 原版止损 止盈1倍,6781,0.78,0.72,,6362,0.68,0.75,,4890,0.87,0.79,
15分钟 3倍 收高位+突破 反着做 原版止损 止盈2倍,6299,0.81,0.78,,5907,0.74,0.79,,4518,0.88,0.8,
15分钟 3倍 收高位+突破 反着做 原版止损 止盈3倍,5965,0.8,0.77,,5606,0.71,0.79,,4290,0.85,0.8,
15分钟 3倍 收高位+突破 反着做 止损3% 止盈不设 拿12h,4207,0.89,0.85,,3892,0.81,0.88,,3175,0.86,0.88,
15分钟 3倍 收高位+突破 反着做 止损3% 止盈不设 拿48h,2269,0.93,0.97,,2174,0.9,0.89,,1829,1.01,0.94,
15分钟 3倍 收高位+突破 反着做 止损3% 止盈2% 拿12h,4859,0.95,0.86,,4583,0.81,0.84,,3801,0.93,0.87,
15分钟 3倍 收高位+突破 反着做 止损3% 止盈2% 拿48h,3980,1.0,0.91,,3981,0.84,0.85,,3405,1.0,0.9,
15分钟 3倍 收高位+突破 反着做 止损3% 止盈5% 拿12h,4351,0.91,0.84,,4022,0.81,0.84,,3330,0.91,0.86,
15分钟 3倍 收高位+突破 反着做 止损3% 止盈5% 拿48h,2846,0.96,0.88,,2845,0.82,0.88,,2484,0.96,0.92,
15分钟 3倍 收高位+突破 反着做 止损5% 止盈不设 拿12h,3968,0.93,0.84,,3605,0.81,0.87,,2955,0.9,0.86,
15分钟 3倍 收高位+突破 反着做 止损5% 止盈不设 拿48h,1907,0.97,0.92,,1772,0.9,0.85,,1491,1.07,0.93,
15分钟 3倍 收高位+突破 反着做 止损5% 止盈2% 拿12h,4591,0.96,0.86,,4271,0.81,0.82,,3563,0.98,0.88,
15分钟 3倍 收高位+突破 反着做 止损5% 止盈2% 拿48h,3410,1.02,0.9,,3295,0.82,0.87,,2897,1.07,0.93,
15分钟 3倍 收高位+突破 反着做 止损5% 止盈5% 拿12h,4086,0.95,0.87,,3715,0.81,0.81,,3092,0.94,0.84,
15分钟 3倍 收高位+突破 反着做 止损5% 止盈5% 拿48h,2370,1.0,0.93,,2287,0.81,0.88,,2025,1.02,0.95,
15分钟 3倍 只收高位 跟着做 原版止损 止盈1倍,11349,0.72,0.69,,10742,0.83,0.74,,8245,0.75,0.74,
15分钟 3倍 只收高位 跟着做 原版止损 止盈2倍,9892,0.73,0.73,,9306,0.85,0.8,,7209,0.77,0.79,
15分钟 3倍 只收高位 跟着做 原版止损 止盈3倍,9179,0.73,0.74,,8585,0.87,0.79,,6670,0.76,0.78,
15分钟 3倍 只收高位 跟着做 止损3% 止盈不设 拿12h,5402,0.75,0.82,,4941,0.98,0.92,,4085,0.82,0.85,
15分钟 3倍 只收高位 跟着做 止损3% 止盈不设 拿48h,2620,0.9,0.94,,2382,1.06,0.99,,2129,0.94,0.99,
15分钟 3倍 只收高位 跟着做 止损3% 止盈2% 拿12h,6727,0.82,0.87,,6525,0.97,0.89,,5441,0.86,0.86,
15分钟 3倍 只收高位 跟着做 止损3% 止盈2% 拿48h,5270,0.84,0.91,,5501,0.99,0.9,,4682,0.85,0.9,
15分钟 3倍 只收高位 跟着做 止损3% 止盈5% 拿12h,5699,0.77,0.84,,5289,0.97,0.92,,4450,0.84,0.86,
15分钟 3倍 只收高位 跟着做 止损3% 止盈5% 拿48h,3482,0.81,0.89,,3471,1.0,0.97,,3151,0.83,0.87,
15分钟 3倍 只收高位 跟着做 止损5% 止盈不设 拿12h,5055,0.8,0.82,,4573,0.97,0.95,,3757,0.85,0.83,
15分钟 3倍 只收高位 跟着做 止损5% 止盈不设 拿48h,2094,1.04,0.95,,1914,1.05,1.05,,1718,0.9,0.99,
15分钟 3倍 只收高位 跟着做 止损5% 止盈2% 拿12h,6248,0.86,0.86,,5973,1.0,0.88,,4965,0.88,0.9,
15分钟 3倍 只收高位 跟着做 止损5% 止盈2% 拿48h,4210,0.87,0.93,,4333,1.02,0.93,,3792,0.88,0.92,
15分钟 3倍 只收高位 跟着做 止损5% 止盈5% 拿12h,5308,0.8,0.84,,4847,0.98,0.91,,4052,0.84,0.89,
15分钟 3倍 只收高位 跟着做 止损5% 止盈5% 拿48h,2745,0.85,0.9,,2687,1.03,1.0,,2438,0.86,0.92,
15分钟 3倍 只收高位 反着做 原版止损 止盈1倍,11355,0.72,0.7,,10747,0.67,0.7,,8242,0.79,0.74,
15分钟 3倍 只收高位 反着做 原版止损 止盈2倍,10047,0.77,0.72,,9442,0.71,0.75,,7290,0.84,0.77,
15分钟 3倍 只收高位 反着做 原版止损 止盈3倍,9317,0.76,0.75,,8741,0.71,0.76,,6786,0.84,0.77,
15分钟 3倍 只收高位 反着做 止损3% 止盈不设 拿12h,5435,0.87,0.84,,5106,0.82,0.87,,4148,0.88,0.85,
15分钟 3倍 只收高位 反着做 止损3% 止盈不设 拿48h,2566,0.99,0.93,,2561,0.84,0.87,,2160,1.01,0.98,
15分钟 3倍 只收高位 反着做 止损3% 止盈2% 拿12h,6677,0.92,0.86,,6392,0.78,0.84,,5409,0.9,0.87,
15分钟 3倍 只收高位 反着做 止损3% 止盈2% 拿48h,5222,0.98,0.89,,5366,0.81,0.86,,4689,0.94,0.9,
15分钟 3倍 只收高位 反着做 止损3% 止盈5% 拿12h,5704,0.87,0.85,,5346,0.79,0.84,,4471,0.91,0.89,
15分钟 3倍 只收高位 反着做 止损3% 止盈5% 拿48h,3440,0.98,0.9,,3487,0.8,0.87,,3152,0.92,0.9,
15分钟 3倍 只收高位 反着做 止损5% 止盈不设 拿12h,5063,0.96,0.82,,4643,0.85,0.88,,3793,0.92,0.86,
15分钟 3倍 只收高位 反着做 止损5% 止盈不设 拿48h,2092,1.06,1.03,,2026,0.84,0.91,,1688,1.09,0.94,
15分钟 3倍 只收高位 反着做 止损5% 止盈2% 拿12h,6186,0.96,0.87,,5818,0.79,0.86,,4929,0.95,0.87,
15分钟 3倍 只收高位 反着做 止损5% 止盈2% 拿48h,4256,1.05,0.91,,4242,0.82,0.86,,3812,1.01,0.92,
15分钟 3倍 只收高位 反着做 止损5% 止盈5% 拿12h,5312,0.95,0.87,,4851,0.81,0.84,,4052,0.95,0.9,
15分钟 3倍 只收高位 反着做 止损5% 止盈5% 拿48h,2744,1.02,0.95,,2685,0.84,0.87,,2442,1.01,0.92,
15分钟 3倍 不要确认 跟着做 原版止损 止盈1倍,28790,0.62,0.59,,25891,0.74,0.64,,20535,0.67,0.66,
15分钟 3倍 不要确认 跟着做 原版止损 止盈2倍,23381,0.67,0.66,,20835,0.79,0.7,,16886,0.72,0.72,
15分钟 3倍 不要确认 跟着做 原版止损 止盈3倍,20651,0.68,0.67,,18430,0.84,0.73,,15001,0.72,0.72,
15分钟 3倍 不要确认 跟着做 止损3% 止盈不设 拿12h,7359,0.78,0.85,,6585,0.96,0.93,,5752,0.82,0.86,
15分钟 3倍 不要确认 跟着做 止损3% 止盈不设 拿48h,2962,0.95,0.9,,2699,1.08,1.0,,2591,0.9,0.94,
15分钟 3倍 不要确认 跟着做 止损3% 止盈2% 拿12h,10399,0.83,0.86,,10000,0.93,0.88,,8972,0.87,0.88,
15分钟 3倍 不要确认 跟着做 止损3% 止盈2% 拿48h,7850,0.83,0.9,,8152,1.0,0.9,,7602,0.87,0.9,
15分钟 3倍 不要确认 跟着做 止损3% 止盈5% 拿12h,7968,0.81,0.86,,7314,0.98,0.9,,6532,0.85,0.85,
15分钟 3倍 不要确认 跟着做 止损3% 止盈5% 拿48h,4435,0.89,0.87,,4379,1.06,0.98,,4354,0.88,0.9,
15分钟 3倍 不要确认 跟着做 止损5% 止盈不设 拿12h,6759,0.8,0.82,,5916,0.96,0.91,,5111,0.81,0.83,
15分钟 3倍 不要确认 跟着做 止损5% 止盈不设 拿48h,2417,0.88,0.93,,2124,1.1,1.0,✔,1996,0.97,0.96,
15分钟 3倍 不要确认 跟着做 止损5% 止盈2% 拿12h,9211,0.84,0.87,,8671,0.95,0.88,,7713,0.86,0.89,
15分钟 3倍 不要确认 跟着做 止损5% 止盈2% 拿48h,5843,0.89,0.91,,5949,0.98,0.92,,5700,0.91,0.91,
15分钟 3倍 不要确认 跟着做 止损5% 止盈5% 拿12h,7207,0.82,0.86,,6494,0.99,0.9,,5693,0.86,0.87,
15分钟 3倍 不要确认 跟着做 止损5% 止盈5% 拿48h,3346,0.88,0.93,,3285,1.09,0.97,,3141,0.91,0.93,
15分钟 3倍 不要确认 反着做 原版止损 止盈1倍,28876,0.62,0.59,,25925,0.61,0.62,,20582,0.69,0.65,
15分钟 3倍 不要确认 反着做 原版止损 止盈2倍,23863,0.71,0.65,,21388,0.68,0.69,,17133,0.74,0.7,
15分钟 3倍 不要确认 反着做 原版止损 止盈3倍,21251,0.71,0.67,,18936,0.7,0.71,,15356,0.75,0.72,
15分钟 3倍 不要确认 反着做 止损3% 止盈不设 拿12h,7493,0.85,0.83,,6834,0.86,0.89,,5872,0.88,0.83,
15分钟 3倍 不要确认 反着做 止损3% 止盈不设 拿48h,3059,0.96,0.98,,2933,0.87,0.88,,2627,0.95,0.96,
15分钟 3倍 不要确认 反着做 止损3% 止盈2% 拿12h,10256,0.91,0.85,,9802,0.81,0.84,,8878,0.89,0.89,
15分钟 3倍 不要确认 反着做 止损3% 止盈2% 拿48h,7695,0.94,0.9,,7965,0.82,0.86,,7525,0.92,0.89,
15分钟 3倍 不要确认 反着做 止损3% 止盈5% 拿12h,8056,0.87,0.87,,7406,0.83,0.86,,6589,0.92,0.86,
15分钟 3倍 不要确认 反着做 止损3% 止盈5% 拿48h,4494,0.92,0.91,,4492,0.87,0.92,,4375,0.91,0.91,
15分钟 3倍 不要确认 反着做 止损5% 止盈不设 拿12h,6791,0.88,0.85,,6087,0.85,0.86,,5162,0.88,0.87,
15分钟 3倍 不要确认 反着做 止损5% 止盈不设 拿48h,2382,1.01,0.98,,2261,0.87,0.89,,1982,0.99,0.97,
15分钟 3倍 不要确认 反着做 止损5% 止盈2% 拿12h,8999,0.95,0.89,,8419,0.81,0.84,,7562,0.93,0.88,
15分钟 3倍 不要确认 反着做 止损5% 止盈2% 拿48h,5655,0.94,0.93,,5771,0.83,0.86,,5565,0.99,0.92,
15分钟 3倍 不要确认 反着做 止损5% 止盈5% 拿12h,7213,0.92,0.86,,6499,0.81,0.85,,5696,0.93,0.88,
15分钟 3倍 不要确认 反着做 止损5% 止盈5% 拿48h,3341,0.98,0.94,,3301,0.81,0.89,,3145,0.96,0.92,
15分钟 5倍 收高位+突破 跟着做 原版止损 止盈1倍,3981,0.72,0.7,,3540,0.91,0.8,,2949,0.71,0.75,
15分钟 5倍 收高位+突破 跟着做 原版止损 止盈2倍,3727,0.71,0.76,,3313,0.91,0.8,,2781,0.75,0.8,
15分钟 5倍 收高位+突破 跟着做 原版止损 止盈3倍,3609,0.72,0.75,,3203,0.95,0.84,,2688,0.71,0.8,
15分钟 5倍 收高位+突破 跟着做 止损3% 止盈不设 拿12h,2912,0.75,0.8,,2603,0.99,0.95,,2232,0.75,0.84,
15分钟 5倍 收高位+突破 跟着做 止损3% 止盈不设 拿48h,1842,0.84,0.91,,1672,1.13,1.02,✔,1507,0.83,0.96,
15分钟 5倍 收高位+突破 跟着做 止损3% 止盈2% 拿12h,3256,0.78,0.84,,3007,0.95,0.87,,2546,0.79,0.85,
15分钟 5倍 收高位+突破 跟着做 止损3% 止盈2% 拿48h,2754,0.79,0.89,,2710,1.0,0.94,,2309,0.8,0.9,
15分钟 5倍 收高位+突破 跟着做 止损3% 止盈5% 拿12h,2995,0.76,0.86,,2702,0.97,0.92,,2320,0.77,0.88,
15分钟 5倍 收高位+突破 跟着做 止损3% 止盈5% 拿48h,2173,0.79,0.92,,2079,1.06,0.97,,1848,0.77,0.93,
15分钟 5倍 收高位+突破 跟着做 止损5% 止盈不设 拿12h,2823,0.78,0.85,,2487,1.0,0.91,,2135,0.81,0.82,
15分钟 5倍 收高位+突破 跟着做 止损5% 止盈不设 拿48h,1570,0.95,1.0,,1423,1.11,1.04,,1255,0.92,0.98,
15分钟 5倍 收高位+突破 跟着做 止损5% 止盈2% 拿12h,3171,0.81,0.83,,2892,0.99,0.92,,2460,0.84,0.92,
15分钟 5倍 收高位+突破 跟着做 止损5% 止盈2% 拿48h,2434,0.83,0.95,,2379,1.03,0.91,,2069,0.83,0.9,
15分钟 5倍 收高位+突破 跟着做 止损5% 止盈5% 拿12h,2907,0.79,0.87,,2576,0.99,0.93,,2231,0.81,0.86,
15分钟 5倍 收高位+突破 跟着做 止损5% 止盈5% 拿48h,1851,0.87,0.92,,1764,1.09,0.97,,1576,0.87,0.93,
15分钟 5倍 收高位+突破 反着做 原版止损 止盈1倍,3990,0.81,0.72,,3541,0.68,0.73,,2952,0.92,0.8,
15分钟 5倍 收高位+突破 反着做 原版止损 止盈2倍,3835,0.83,0.74,,3400,0.73,0.79,,2837,0.92,0.79,
15分钟 5倍 收高位+突破 反着做 原版止损 止盈3倍,3723,0.83,0.77,,3308,0.71,0.79,,2747,0.88,0.8,
15分钟 5倍 收高位+突破 反着做 止损3% 止盈不设 拿12h,2982,0.88,0.86,,2664,0.8,0.86,,2267,0.89,0.83,
15分钟 5倍 收高位+突破 反着做 止损3% 止盈不设 拿48h,1820,1.01,0.94,,1735,0.87,0.96,,1486,0.96,0.98,
15分钟 5倍 收高位+突破 反着做 止损3% 止盈2% 拿12h,3243,0.95,0.84,,2961,0.79,0.83,,2536,0.94,0.86,
15分钟 5倍 收高位+突破 反着做 止损3% 止盈2% 拿48h,2761,1.02,0.89,,2674,0.82,0.84,,2313,0.98,0.87,
15分钟 5倍 收高位+突破 反着做 止损3% 止盈5% 拿12h,3030,0.89,0.88,,2723,0.8,0.83,,2329,0.97,0.84,
15分钟 5倍 收高位+突破 反着做 止损3% 止盈5% 拿48h,2155,0.94,0.9,,2091,0.82,0.86,,1846,1.0,0.9,
15分钟 5倍 收高位+突破 反着做 止损5% 止盈不设 拿12h,2863,0.93,0.85,,2527,0.81,0.86,,2170,0.91,0.84,
15分钟 5倍 收高位+突破 反着做 止损5% 止盈不设 拿48h,1567,1.02,0.98,,1477,0.83,0.93,,1257,1.01,0.94,
15分钟 5倍 收高位+突破 反着做 止损5% 止盈2% 拿12h,3125,0.99,0.87,,2820,0.78,0.84,,2434,0.99,0.86,
15分钟 5倍 收高位+突破 反着做 止损5% 止盈2% 拿48h,2453,1.07,0.9,,2354,0.8,0.79,,2062,1.06,0.99,
15分钟 5倍 收高位+突破 反着做 止损5% 止盈5% 拿12h,2908,0.95,0.87,,2577,0.8,0.84,,2229,0.99,0.93,
15分钟 5倍 收高位+突破 反着做 止损5% 止盈5% 拿48h,1848,0.98,0.91,,1761,0.79,0.89,,1575,1.0,0.94,
15分钟 5倍 只收高位 跟着做 原版止损 止盈1倍,6277,0.71,0.72,,5689,0.87,0.77,,4868,0.73,0.74,
15分钟 5倍 只收高位 跟着做 原版止损 止盈2倍,5733,0.71,0.75,,5234,0.89,0.82,,4466,0.75,0.76,
15分钟 5倍 只收高位 跟着做 原版止损 止盈3倍,5469,0.71,0.74,,4991,0.93,0.82,,4263,0.73,0.78,
15分钟 5倍 只收高位 跟着做 止损3% 止盈不设 拿12h,3881,0.75,0.83,,3498,0.99,0.96,,3031,0.82,0.82,
15分钟 5倍 只收高位 跟着做 止损3% 止盈不设 拿48h,2228,0.79,0.98,,1993,1.08,1.01,,1828,0.89,0.92,
15分钟 5倍 只收高位 跟着做 止损3% 止盈2% 拿12h,4482,0.79,0.86,,4204,0.96,0.87,,3655,0.85,0.89,
15分钟 5倍 只收高位 跟着做 止损3% 止盈2% 拿48h,3635,0.79,0.89,,3667,0.99,0.93,,3209,0.85,0.89,
15分钟 5倍 只收高位 跟着做 止损3% 止盈5% 拿12h,4011,0.76,0.85,,3659,0.98,0.91,,3193,0.82,0.85,
15分钟 5倍 只收高位 跟着做 止损3% 止盈5% 拿48h,2661,0.77,0.87,,2617,1.05,0.96,,2382,0.82,0.9,
15分钟 5倍 只收高位 跟着做 止损5% 止盈不设 拿12h,3707,0.78,0.84,,3301,0.99,0.94,,2855,0.85,0.88,
15分钟 5倍 只收高位 跟着做 止损5% 止盈不设 拿48h,1835,0.95,0.93,,1634,1.14,1.03,,1502,0.93,0.96,
15分钟 5倍 只收高位 跟着做 止损5% 止盈2% 拿12h,4287,0.84,0.86,,3986,0.99,0.89,,3448,0.86,0.89,
15分钟 5倍 只收高位 跟着做 止损5% 止盈2% 拿48h,3088,0.84,0.95,,3091,0.98,0.92,,2753,0.87,0.94,
15分钟 5倍 只收高位 跟着做 止损5% 止盈5% 拿12h,3827,0.79,0.84,,3450,0.98,0.93,,3015,0.83,0.88,
15分钟 5倍 只收高位 跟着做 止损5% 止盈5% 拿48h,2220,0.84,0.91,,2129,1.09,0.98,,1966,0.89,0.92,
15分钟 5倍 只收高位 反着做 原版止损 止盈1倍,6278,0.75,0.7,,5684,0.67,0.71,,4862,0.83,0.75,
15分钟 5倍 只收高位 反着做 原版止损 止盈2倍,5885,0.8,0.74,,5269,0.71,0.76,,4532,0.86,0.77,
15分钟 5倍 只收高位 反着做 原版止损 止盈3倍,5628,0.79,0.76,,5040,0.7,0.8,,4321,0.85,0.78,
15分钟 5倍 只收高位 反着做 止损3% 止盈不设 拿12h,3926,0.88,0.83,,3587,0.81,0.88,,3064,0.88,0.87,
15分钟 5倍 只收高位 反着做 止损3% 止盈不设 拿48h,2161,1.0,0.96,,2079,0.84,0.87,,1800,0.98,0.97,
15分钟 5倍 只收高位 反着做 止损3% 止盈2% 拿12h,4454,0.95,0.88,,4165,0.78,0.83,,3659,0.9,0.87,
15分钟 5倍 只收高位 反着做 止损3% 止盈2% 拿48h,3630,1.02,0.89,,3616,0.81,0.84,,3231,0.95,0.9,
15分钟 5倍 只收高位 反着做 止损3% 止盈5% 拿12h,4027,0.88,0.84,,3699,0.78,0.83,,3213,0.93,0.85,
15分钟 5倍 只收高位 反着做 止损3% 止盈5% 拿48h,2655,0.93,0.93,,2629,0.81,0.84,,2371,0.95,0.94,
15分钟 5倍 只收高位 反着做 止损5% 止盈不设 拿12h,3733,0.97,0.82,,3348,0.84,0.9,,2883,0.9,0.85,
15分钟 5倍 只收高位 反着做 止损5% 止盈不设 拿48h,1819,1.02,0.98,,1724,0.82,0.9,,1478,1.08,0.96,
15分钟 5倍 只收高位 反着做 止损5% 止盈2% 拿12h,4252,1.0,0.88,,3913,0.78,0.84,,3434,0.94,0.88,
15分钟 5倍 只收高位 反着做 止损5% 止盈2% 拿48h,3131,1.1,0.95,,3053,0.8,0.87,,2746,1.02,0.95,
15分钟 5倍 只收高位 反着做 止损5% 止盈5% 拿12h,3829,0.95,0.85,,3453,0.81,0.84,,3014,0.96,0.9,
15分钟 5倍 只收高位 反着做 止损5% 止盈5% 拿48h,2219,1.01,0.9,,2129,0.8,0.9,,1962,0.97,0.95,
15分钟 5倍 不要确认 跟着做 原版止损 止盈1倍,16544,0.63,0.62,,14185,0.81,0.68,,12618,0.67,0.68,
15分钟 5倍 不要确认 跟着做 原版止损 止盈2倍,14369,0.66,0.67,,12388,0.85,0.73,,11066,0.71,0.73,
15分钟 5倍 不要确认 跟着做 原版止损 止盈3倍,13223,0.68,0.68,,11445,0.9,0.76,,10221,0.72,0.73,
15分钟 5倍 不要确认 跟着做 止损3% 止盈不设 拿12h,6020,0.77,0.83,,5267,0.99,0.95,,4758,0.81,0.84,
15分钟 5倍 不要确认 跟着做 止损3% 止盈不设 拿48h,2734,0.89,0.95,,2507,0.99,1.01,,2393,0.88,0.95,
15分钟 5倍 不要确认 跟着做 止损3% 止盈2% 拿12h,7814,0.83,0.87,,7325,0.94,0.89,,6648,0.86,0.87,
15分钟 5倍 不要确认 跟着做 止损3% 止盈2% 拿48h,5941,0.83,0.89,,6078,0.96,0.93,,5619,0.88,0.91,
15分钟 5倍 不要确认 跟着做 止损3% 止盈5% 拿12h,6359,0.78,0.84,,5741,1.0,0.91,,5211,0.84,0.87,
15分钟 5倍 不要确认 跟着做 止损3% 止盈5% 拿48h,3762,0.83,0.89,,3660,1.04,0.97,,3562,0.89,0.88,
15分钟 5倍 不要确认 跟着做 止损5% 止盈不设 拿12h,5596,0.81,0.82,,4842,0.97,0.92,,4314,0.84,0.83,
15分钟 5倍 不要确认 跟着做 止损5% 止盈不设 拿48h,2230,0.95,0.92,,1978,1.05,1.03,,1855,0.98,1.0,
15分钟 5倍 不要确认 跟着做 止损5% 止盈2% 拿12h,7199,0.85,0.87,,6643,0.95,0.9,,5969,0.86,0.89,
15分钟 5倍 不要确认 跟着做 止损5% 止盈2% 拿48h,4677,0.87,0.89,,4698,0.95,0.93,,4472,0.92,0.94,
15分钟 5倍 不要确认 跟着做 止损5% 止盈5% 拿12h,5877,0.82,0.85,,5247,0.99,0.91,,4705,0.87,0.89,
15分钟 5倍 不要确认 跟着做 止损5% 止盈5% 拿48h,2904,0.9,0.91,,2831,1.09,0.97,,2726,0.95,0.92,
15分钟 5倍 不要确认 反着做 原版止损 止盈1倍,16572,0.65,0.61,,14190,0.6,0.65,,12650,0.71,0.66,
15分钟 5倍 不要确认 反着做 原版止损 止盈2倍,14824,0.73,0.66,,12649,0.66,0.7,,11298,0.74,0.72,
15分钟 5倍 不要确认 反着做 原版止损 止盈3倍,13748,0.72,0.68,,11716,0.67,0.71,,10481,0.75,0.72,
15分钟 5倍 不要确认 反着做 止损3% 止盈不设 拿12h,6121,0.84,0.83,,5541,0.84,0.85,,4847,0.88,0.86,
15分钟 5倍 不要确认 反着做 止损3% 止盈不设 拿48h,2759,0.99,0.93,,2644,0.86,0.88,,2454,0.85,0.97,
15分钟 5倍 不要确认 反着做 止损3% 止盈2% 拿12h,7689,0.91,0.86,,7174,0.78,0.84,,6586,0.89,0.86,
15分钟 5倍 不要确认 反着做 止损3% 止盈2% 拿48h,5883,0.94,0.9,,5956,0.81,0.86,,5611,0.92,0.89,
15分钟 5倍 不要确认 反着做 止损3% 止盈5% 拿12h,6443,0.86,0.85,,5866,0.8,0.85,,5282,0.91,0.88,
15分钟 5倍 不要确认 反着做 止损3% 止盈5% 拿48h,3763,0.92,0.89,,3746,0.85,0.87,,3582,0.91,0.9,
15分钟 5倍 不要确认 反着做 止损5% 止盈不设 拿12h,5616,0.92,0.86,,4985,0.87,0.89,,4359,0.89,0.86,
15分钟 5倍 不要确认 反着做 止损5% 止盈不设 拿48h,2233,0.96,1.05,,2105,0.86,0.89,,1906,0.92,0.99,
15分钟 5倍 不要确认 反着做 止损5% 止盈2% 拿12h,6981,0.95,0.9,,6372,0.78,0.85,,5859,0.91,0.92,
15分钟 5倍 不要确认 反着做 止损5% 止盈2% 拿48h,4594,0.94,0.94,,4526,0.84,0.86,,4419,0.98,0.93,
15分钟 5倍 不要确认 反着做 止损5% 止盈5% 拿12h,5883,0.91,0.88,,5250,0.8,0.84,,4705,0.91,0.89,
15分钟 5倍 不要确认 反着做 止损5% 止盈5% 拿48h,2900,0.96,0.95,,2839,0.81,0.84,,2724,0.91,0.92,
15分钟 10倍 收高位+突破 跟着做 原版止损 止盈1倍,1500,0.72,0.78,,1228,1.16,0.74,,1284,0.79,0.8,
15分钟 10倍 收高位+突破 跟着做 原版止损 止盈2倍,1444,0.78,0.83,,1181,1.13,0.87,✔,1238,0.79,0.81,
15分钟 10倍 收高位+突破 跟着做 原版止损 止盈3倍,1416,0.8,0.77,,1163,1.2,0.88,✔,1219,0.75,0.83,
15分钟 10倍 收高位+突破 跟着做 止损3% 止盈不设 拿12h,1269,0.69,0.82,,1073,1.04,0.97,,1102,0.86,0.87,
15分钟 10倍 收高位+突破 跟着做 止损3% 止盈不设 拿48h,977,0.87,0.91,,868,1.15,1.03,✔,846,0.92,0.97,
15分钟 10倍 收高位+突破 跟着做 止损3% 止盈2% 拿12h,1348,0.77,0.85,,1142,0.92,0.91,,1180,0.9,0.85,
15分钟 10倍 收高位+突破 跟着做 止损3% 止盈2% 拿48h,1217,0.75,0.87,,1092,0.99,0.94,,1102,0.87,0.9,
15分钟 10倍 收高位+突破 跟着做 止损3% 止盈5% 拿12h,1287,0.69,0.85,,1097,0.96,0.92,,1125,0.87,0.87,
15分钟 10倍 收高位+突破 跟着做 止损3% 止盈5% 拿48h,1066,0.76,0.9,,962,1.05,0.97,,948,0.86,0.89,
15分钟 10倍 收高位+突破 跟着做 止损5% 止盈不设 拿12h,1246,0.73,0.84,,1056,1.08,0.96,,1080,0.87,0.91,
15分钟 10倍 收高位+突破 跟着做 止损5% 止盈不设 拿48h,899,0.89,0.95,,792,1.28,1.11,✔,774,0.91,0.99,
15分钟 10倍 收高位+突破 跟着做 止损5% 止盈2% 拿12h,1328,0.79,0.86,,1127,0.98,0.84,,1163,0.93,0.94,
15分钟 10倍 收高位+突破 跟着做 止损5% 止盈2% 拿48h,1135,0.77,0.93,,1039,1.06,0.92,,1029,0.91,0.93,
15分钟 10倍 收高位+突破 跟着做 止损5% 止盈5% 拿12h,1263,0.71,0.83,,1080,1.01,0.91,,1105,0.89,0.91,
15分钟 10倍 收高位+突破 跟着做 止损5% 止盈5% 拿48h,974,0.77,0.9,,882,1.2,1.01,✔,866,0.94,0.91,
15分钟 10倍 收高位+突破 反着做 原版止损 止盈1倍,1503,0.83,0.69,,1226,0.57,0.74,,1286,0.84,0.76,
15分钟 10倍 收高位+突破 反着做 原版止损 止盈2倍,1474,0.86,0.78,,1206,0.65,0.8,,1264,0.79,0.81,
15分钟 10倍 收高位+突破 反着做 原版止损 止盈3倍,1453,0.87,0.77,,1200,0.65,0.78,,1245,0.8,0.78,
15分钟 10倍 收高位+突破 反着做 止损3% 止盈不设 拿12h,1283,0.99,0.84,,1088,0.77,0.85,,1106,0.91,0.85,
15分钟 10倍 收高位+突破 反着做 止损3% 止盈不设 拿48h,979,1.08,0.94,,884,0.76,0.88,,841,1.04,0.96,
15分钟 10倍 收高位+突破 反着做 止损3% 止盈2% 拿12h,1344,1.0,0.8,,1133,0.76,0.81,,1170,0.87,0.83,
15分钟 10倍 收高位+突破 反着做 止损3% 止盈2% 拿48h,1225,1.07,0.92,,1072,0.8,0.85,,1095,0.94,0.9,
15分钟 10倍 收高位+突破 反着做 止损3% 止盈5% 拿12h,1293,1.02,0.85,,1098,0.78,0.8,,1127,0.89,0.82,
15分钟 10倍 收高位+突破 反着做 止损3% 止盈5% 拿48h,1058,1.1,0.84,,963,0.75,0.84,,953,0.93,0.89,
15分钟 10倍 收高位+突破 反着做 止损5% 止盈不设 拿12h,1253,1.02,0.87,,1070,0.8,0.92,,1084,0.89,0.84,
15分钟 10倍 收高位+突破 反着做 止损5% 止盈不设 拿48h,902,1.03,0.99,,802,0.75,0.84,,762,0.93,0.95,
15分钟 10倍 收高位+突破 反着做 止损5% 止盈2% 拿12h,1315,1.02,0.85,,1116,0.78,0.89,,1147,0.87,0.91,
15分钟 10倍 收高位+突破 反着做 止损5% 止盈2% 拿48h,1152,1.07,0.91,,1012,0.82,0.8,,1016,0.94,0.93,
15分钟 10倍 收高位+突破 反着做 止损5% 止盈5% 拿12h,1263,1.05,0.9,,1080,0.78,0.89,,1104,0.89,0.87,
15分钟 10倍 收高位+突破 反着做 止损5% 止盈5% 拿48h,973,1.11,0.94,✔,881,0.72,0.81,,868,0.91,0.97,
15分钟 10倍 只收高位 跟着做 原版止损 止盈1倍,2292,0.74,0.7,,1880,1.09,0.78,,2098,0.8,0.77,
15分钟 10倍 只收高位 跟着做 原版止损 止盈2倍,2177,0.79,0.76,,1801,1.1,0.83,,1996,0.77,0.8,
15分钟 10倍 只收高位 跟着做 原版止损 止盈3倍,2117,0.82,0.78,,1768,1.16,0.83,✔,1945,0.74,0.79,
15分钟 10倍 只收高位 跟着做 止损3% 止盈不设 拿12h,1783,0.74,0.77,,1518,1.05,0.88,,1600,0.86,0.84,
15分钟 10倍 只收高位 跟着做 止损3% 止盈不设 拿48h,1235,0.88,0.94,,1124,1.1,1.0,✔,1103,0.94,0.91,
15分钟 10倍 只收高位 跟着做 止损3% 止盈2% 拿12h,1922,0.79,0.86,,1653,0.94,0.89,,1768,0.92,0.86,
15分钟 10倍 只收高位 跟着做 止损3% 止盈2% 拿48h,1662,0.77,0.93,,1536,0.96,0.91,,1597,0.92,0.9,
15分钟 10倍 只收高位 跟着做 止损3% 止盈5% 拿12h,1812,0.74,0.82,,1563,0.97,0.9,,1650,0.86,0.8,
15分钟 10倍 只收高位 跟着做 止损3% 止盈5% 拿48h,1365,0.77,0.89,,1283,1.02,1.0,,1296,0.84,0.92,
15分钟 10倍 只收高位 跟着做 止损5% 止盈不设 拿12h,1745,0.78,0.84,,1487,1.07,0.91,,1541,0.85,0.84,
15分钟 10倍 只收高位 跟着做 止损5% 止盈不设 拿48h,1099,0.94,0.96,,995,1.12,1.05,,966,0.97,0.97,
15分钟 10倍 只收高位 跟着做 止损5% 止盈2% 拿12h,1886,0.81,0.92,,1619,0.97,0.89,,1708,0.92,0.91,
15分钟 10倍 只收高位 跟着做 止损5% 止盈2% 拿48h,1515,0.82,0.96,,1406,1.03,0.94,,1446,0.96,0.94,
15分钟 10倍 只收高位 跟着做 止损5% 止盈5% 拿12h,1772,0.76,0.84,,1530,0.99,0.99,,1590,0.87,0.88,
15分钟 10倍 只收高位 跟着做 止损5% 止盈5% 拿48h,1210,0.82,0.92,,1137,1.08,1.03,,1148,0.92,0.92,
15分钟 10倍 只收高位 反着做 原版止损 止盈1倍,2293,0.75,0.69,,1876,0.57,0.76,,2100,0.78,0.76,
15分钟 10倍 只收高位 反着做 原版止损 止盈2倍,2227,0.81,0.74,,1822,0.63,0.76,,2029,0.78,0.8,
15分钟 10倍 只收高位 反着做 原版止损 止盈3倍,2175,0.82,0.77,,1799,0.63,0.77,,1973,0.82,0.79,
15分钟 10倍 只收高位 反着做 止损3% 止盈不设 拿12h,1799,0.97,0.82,,1549,0.81,0.85,,1599,0.91,0.82,
15分钟 10倍 只收高位 反着做 止损3% 止盈不设 拿48h,1230,1.02,0.95,,1138,0.76,0.9,,1113,1.0,0.98,
15分钟 10倍 只收高位 反着做 止损3% 止盈2% 拿12h,1916,0.92,0.84,,1649,0.74,0.82,,1772,0.86,0.85,
15分钟 10倍 只收高位 反着做 止损3% 止盈2% 拿48h,1672,0.99,0.9,,1515,0.78,0.83,,1595,0.94,0.87,
15分钟 10倍 只收高位 反着做 止损3% 止盈5% 拿12h,1819,0.94,0.86,,1567,0.79,0.85,,1645,0.89,0.91,
15分钟 10倍 只收高位 反着做 止损3% 止盈5% 拿48h,1368,1.0,0.89,,1275,0.79,0.87,,1305,0.92,0.93,
15分钟 10倍 只收高位 反着做 止损5% 止盈不设 拿12h,1754,1.0,0.84,,1512,0.83,0.84,,1545,0.91,0.91,
15分钟 10倍 只收高位 反着做 止损5% 止盈不设 拿48h,1096,1.04,1.05,,1010,0.8,0.89,,982,0.95,1.0,
15分钟 10倍 只收高位 反着做 止损5% 止盈2% 拿12h,1867,0.96,0.87,,1608,0.76,0.83,,1713,0.88,0.87,
15分钟 10倍 只收高位 反着做 止损5% 止盈2% 拿48h,1518,1.01,0.91,,1386,0.79,0.83,,1434,0.93,0.97,
15分钟 10倍 只收高位 反着做 止损5% 止盈5% 拿12h,1772,0.98,0.89,,1530,0.8,0.79,,1589,0.91,0.91,
15分钟 10倍 只收高位 反着做 止损5% 止盈5% 拿48h,1208,1.05,0.93,,1135,0.8,0.83,,1150,0.92,0.94,
15分钟 10倍 不要确认 跟着做 原版止损 止盈1倍,6572,0.65,0.63,,4833,1.08,0.72,,5728,0.7,0.69,
15分钟 10倍 不要确认 跟着做 原版止损 止盈2倍,6060,0.7,0.67,,4525,1.06,0.76,,5297,0.72,0.72,
15分钟 10倍 不要确认 跟着做 原版止损 止盈3倍,5778,0.73,0.69,,4360,1.12,0.78,,5035,0.72,0.72,
15分钟 10倍 不要确认 跟着做 止损3% 止盈不设 拿12h,3500,0.8,0.82,,2856,1.06,0.9,,2948,0.84,0.82,
15分钟 10倍 不要确认 跟着做 止损3% 止盈不设 拿48h,1961,0.88,0.95,,1696,1.12,1.0,✔,1707,0.92,0.97,
15分钟 10倍 不要确认 跟着做 止损3% 止盈2% 拿12h,4086,0.81,0.87,,3438,0.98,0.89,,3633,0.87,0.86,
15分钟 10倍 不要确认 跟着做 止损3% 止盈2% 拿48h,3280,0.81,0.9,,2981,1.01,0.9,,3117,0.88,0.92,
15分钟 10倍 不要确认 跟着做 止损3% 止盈5% 拿12h,3594,0.79,0.83,,3005,1.05,0.91,,3100,0.84,0.87,
15分钟 10倍 不要确认 跟着做 止损3% 止盈5% 拿48h,2352,0.78,0.85,,2152,1.09,0.96,,2205,0.9,0.88,
15分钟 10倍 不要确认 跟着做 止损5% 止盈不设 拿12h,3327,0.87,0.83,,2738,1.08,0.94,,2758,0.8,0.83,
15分钟 10倍 不要确认 跟着做 止损5% 止盈不设 拿48h,1656,0.89,0.93,,1451,1.13,1.06,,1425,0.94,0.99,
15分钟 10倍 不要确认 跟着做 止损5% 止盈2% 拿12h,3886,0.84,0.88,,3276,1.01,0.9,,3379,0.85,0.92,
15分钟 10倍 不要确认 跟着做 止损5% 止盈2% 拿48h,2734,0.82,0.95,,2547,1.03,0.92,,2611,0.9,0.93,
15分钟 10倍 不要确认 跟着做 止损5% 止盈5% 拿12h,3413,0.84,0.83,,2881,1.07,0.93,,2900,0.81,0.86,
15分钟 10倍 不要确认 跟着做 止损5% 止盈5% 拿48h,1938,0.83,0.89,,1829,1.12,1.01,✔,1834,0.94,0.92,
15分钟 10倍 不要确认 反着做 原版止损 止盈1倍,6576,0.64,0.61,,4833,0.49,0.68,,5741,0.69,0.66,
15分钟 10倍 不要确认 反着做 原版止损 止盈2倍,6218,0.72,0.67,,4571,0.56,0.71,,5392,0.7,0.71,
15分钟 10倍 不要确认 反着做 原版止损 止盈3倍,5971,0.73,0.69,,4419,0.56,0.73,,5152,0.74,0.72,
15分钟 10倍 不要确认 反着做 止损3% 止盈不设 拿12h,3533,0.83,0.85,,2970,0.8,0.85,,2968,0.92,0.84,
15分钟 10倍 不要确认 反着做 止损3% 止盈不设 拿48h,1963,0.96,0.95,,1835,0.73,0.86,,1724,1.0,0.98,
15分钟 10倍 不要确认 反着做 止损3% 止盈2% 拿12h,4021,0.9,0.84,,3368,0.74,0.83,,3589,0.87,0.88,
15分钟 10倍 不要确认 反着做 止损3% 止盈2% 拿48h,3241,0.97,0.9,,2929,0.74,0.85,,3111,0.9,0.89,
15分钟 10倍 不要确认 反着做 止损3% 止盈5% 拿12h,3611,0.86,0.86,,3055,0.76,0.81,,3120,0.92,0.86,
15分钟 10倍 不要确认 反着做 止损3% 止盈5% 拿48h,2323,0.98,0.88,,2215,0.76,0.9,,2249,0.94,0.9,
15分钟 10倍 不要确认 反着做 止损5% 止盈不设 拿12h,3346,0.84,0.89,,2799,0.76,0.84,,2766,0.96,0.87,
15分钟 10倍 不要确认 反着做 止损5% 止盈不设 拿48h,1642,1.0,0.95,,1542,0.75,0.9,,1420,1.04,0.97,
15分钟 10倍 不要确认 反着做 止损5% 止盈2% 拿12h,3795,0.93,0.86,,3171,0.74,0.82,,3334,0.92,0.88,
15分钟 10倍 不要确认 反着做 止损5% 止盈2% 拿48h,2744,1.01,0.91,,2453,0.75,0.86,,2593,0.95,0.94,
15分钟 10倍 不要确认 反着做 止损5% 止盈5% 拿12h,3417,0.89,0.88,,2881,0.74,0.84,,2901,0.97,0.9,
15分钟 10倍 不要确认 反着做 止损5% 止盈5% 拿48h,1934,1.02,0.89,,1824,0.76,0.88,,1830,0.92,0.9,
60分钟 2倍 收高位+突破 跟着做 原版止损 止盈1倍,2595,0.79,0.86,,2303,0.91,0.94,,1924,0.74,0.92,
60分钟 2倍 收高位+突破 跟着做 原版止损 止盈2倍,2242,0.8,0.87,,1960,0.94,1.01,,1679,0.78,0.87,
60分钟 2倍 收高位+突破 跟着做 原版止损 止盈3倍,2082,0.82,0.92,,1819,0.99,1.02,,1584,0.76,0.86,
60分钟 2倍 收高位+突破 跟着做 止损3% 止盈不设 拿12h,2295,0.74,0.81,,2033,0.97,0.91,,1747,0.74,0.87,
60分钟 2倍 收高位+突破 跟着做 止损3% 止盈不设 拿48h,1535,0.93,0.91,,1414,0.97,1.02,,1282,0.87,0.92,
60分钟 2倍 收高位+突破 跟着做 止损3% 止盈2% 拿12h,2603,0.73,0.87,,2356,0.86,0.88,,1985,0.75,0.88,
60分钟 2倍 收高位+突破 跟着做 止损3% 止盈2% 拿48h,2292,0.75,0.94,,2195,0.9,0.94,,1857,0.73,0.91,
60分钟 2倍 收高位+突破 跟着做 止损3% 止盈5% 拿12h,2393,0.75,0.85,,2115,0.95,0.9,,1824,0.74,0.86,
60分钟 2倍 收高位+突破 跟着做 止损3% 止盈5% 拿48h,1861,0.8,0.9,,1750,0.99,1.03,,1549,0.73,0.91,
60分钟 2倍 收高位+突破 跟着做 止损5% 止盈不设 拿12h,2222,0.76,0.84,,1963,0.97,0.96,,1682,0.78,0.87,
60分钟 2倍 收高位+突破 跟着做 止损5% 止盈不设 拿48h,1350,0.96,0.97,,1228,1.16,1.13,,1102,0.91,0.93,
60分钟 2倍 收高位+突破 跟着做 止损5% 止盈2% 拿12h,2539,0.76,0.87,,2287,0.89,0.9,,1930,0.79,0.89,
60分钟 2倍 收高位+突破 跟着做 止损5% 止盈2% 拿48h,2077,0.79,0.93,,1989,0.93,0.97,,1693,0.77,0.92,
60分钟 2倍 收高位+突破 跟着做 止损5% 止盈5% 拿12h,2319,0.77,0.88,,2040,0.95,0.95,,1759,0.77,0.9,
60分钟 2倍 收高位+突破 跟着做 止损5% 止盈5% 拿48h,1629,0.86,0.96,,1517,1.1,1.05,,1353,0.82,0.96,
60分钟 2倍 收高位+突破 反着做 原版止损 止盈1倍,2604,0.95,0.81,,2313,0.86,0.81,,1929,1.07,0.88,
60分钟 2倍 收高位+突破 反着做 原版止损 止盈2倍,2299,0.98,0.84,,2061,0.88,0.81,,1713,1.06,0.85,
60分钟 2倍 收高位+突破 反着做 原版止损 止盈3倍,2107,0.98,0.84,,1899,0.8,0.89,,1568,1.07,0.82,
60分钟 2倍 收高位+突破 反着做 止损3% 止盈不设 拿12h,2383,0.98,0.85,,2110,0.82,0.82,,1792,0.98,0.82,
60分钟 2倍 收高位+突破 反着做 止损3% 止盈不设 拿48h,1583,1.05,0.94,,1489,0.77,0.86,,1278,1.13,0.96,
60分钟 2倍 收高位+突破 反着做 止损3% 止盈2% 拿12h,2561,1.04,0.81,,2300,0.83,0.82,,1954,1.0,0.88,
60分钟 2倍 收高位+突破 反着做 止损3% 止盈2% 拿48h,2253,1.09,0.9,,2146,0.83,0.8,,1835,1.05,0.88,
60分钟 2倍 收高位+突破 反着做 止损3% 止盈5% 拿12h,2429,1.01,0.87,,2160,0.84,0.79,,1850,1.01,0.88,
60分钟 2倍 收高位+突破 反着做 止损3% 止盈5% 拿48h,1860,1.02,0.92,,1777,0.8,0.84,,1553,1.08,0.88,
60分钟 2倍 收高位+突破 反着做 止损5% 止盈不设 拿12h,2274,0.96,0.84,,1993,0.83,0.86,,1703,0.98,0.84,
60分钟 2倍 收高位+突破 反着做 止损5% 止盈不设 拿48h,1385,1.02,0.95,,1270,0.77,0.87,,1113,1.12,0.91,✔
60分钟 2倍 收高位+突破 反着做 止损5% 止盈2% 拿12h,2458,1.01,0.86,,2179,0.8,0.85,,1865,1.01,0.91,
60分钟 2倍 收高位+突破 反着做 止损5% 止盈2% 拿48h,2028,1.05,0.93,,1893,0.83,0.82,,1671,1.13,0.89,✔
60分钟 2倍 收高位+突破 反着做 止损5% 止盈5% 拿12h,2318,0.99,0.87,,2038,0.83,0.85,,1758,1.03,0.88,
60分钟 2倍 收高位+突破 反着做 止损5% 止盈5% 拿48h,1627,1.0,0.9,,1514,0.79,0.83,,1350,1.07,0.93,
60分钟 2倍 只收高位 跟着做 原版止损 止盈1倍,4292,0.8,0.81,,3813,0.96,0.93,,3340,0.77,0.83,
60分钟 2倍 只收高位 跟着做 原版止损 止盈2倍,3596,0.82,0.85,,3127,1.06,0.93,,2781,0.81,0.87,
60分钟 2倍 只收高位 跟着做 原版止损 止盈3倍,3235,0.84,0.89,,2778,1.1,0.98,✔,2533,0.82,0.86,
60分钟 2倍 只收高位 跟着做 止损3% 止盈不设 拿12h,3447,0.77,0.82,,3082,1.03,0.94,,2799,0.77,0.86,
60分钟 2倍 只收高位 跟着做 止损3% 止盈不设 拿48h,2045,0.88,0.96,,1822,1.13,1.03,✔,1762,0.96,0.88,
60分钟 2倍 只收高位 跟着做 止损3% 止盈2% 拿12h,4069,0.78,0.87,,3730,0.94,0.88,,3343,0.8,0.86,
60分钟 2倍 只收高位 跟着做 止损3% 止盈2% 拿48h,3444,0.81,0.9,,3354,0.99,0.93,,3020,0.81,0.9,
60分钟 2倍 只收高位 跟着做 止损3% 止盈5% 拿12h,3625,0.78,0.82,,3258,1.01,0.93,,2954,0.77,0.87,
60分钟 2倍 只收高位 跟着做 止损3% 止盈5% 拿48h,2593,0.83,0.85,,2440,1.09,0.98,,2320,0.8,0.88,
60分钟 2倍 只收高位 跟着做 止损5% 止盈不设 拿12h,3284,0.78,0.84,,2911,1.04,0.92,,2610,0.82,0.87,
60分钟 2倍 只收高位 跟着做 止损5% 止盈不设 拿48h,1718,1.0,0.92,,1526,1.25,1.08,✔,1451,0.99,0.96,
60分钟 2倍 只收高位 跟着做 止损5% 止盈2% 拿12h,3875,0.81,0.84,,3529,0.97,0.9,,3160,0.84,0.85,
60分钟 2倍 只收高位 跟着做 止损5% 止盈2% 拿48h,2969,0.84,0.91,,2885,1.03,0.97,,2628,0.87,0.94,
60分钟 2倍 只收高位 跟着做 止损5% 止盈5% 拿12h,3438,0.81,0.85,,3069,1.04,0.9,,2768,0.8,0.89,
60分钟 2倍 只收高位 跟着做 止损5% 止盈5% 拿48h,2155,0.9,0.91,,2027,1.16,1.02,✔,1915,0.88,0.88,
60分钟 2倍 只收高位 反着做 原版止损 止盈1倍,4299,0.9,0.81,,3814,0.78,0.81,,3344,0.99,0.85,
60分钟 2倍 只收高位 反着做 原版止损 止盈2倍,3569,0.98,0.85,,3182,0.81,0.85,,2754,1.01,0.85,
60分钟 2倍 只收高位 反着做 原版止损 止盈3倍,3188,0.98,0.86,,2855,0.76,0.86,,2455,1.02,0.86,
60分钟 2倍 只收高位 反着做 止损3% 止盈不设 拿12h,3518,0.94,0.87,,3185,0.77,0.86,,2813,0.92,0.87,
60分钟 2倍 只收高位 反着做 止损3% 止盈不设 拿48h,2065,0.98,0.99,,2019,0.74,0.89,,1706,1.04,0.93,
60分钟 2倍 只收高位 反着做 止损3% 止盈2% 拿12h,4027,0.94,0.86,,3684,0.77,0.81,,3365,0.97,0.87,
60分钟 2倍 只收高位 反着做 止损3% 止盈2% 拿48h,3444,0.98,0.91,,3310,0.78,0.83,,3059,1.0,0.89,
60分钟 2倍 只收高位 反着做 止损3% 止盈5% 拿12h,3648,0.95,0.84,,3297,0.77,0.83,,2977,0.94,0.87,
60分钟 2倍 只收高位 反着做 止损3% 止盈5% 拿48h,2561,0.95,0.92,,2482,0.74,0.86,,2303,0.96,0.91,
60分钟 2倍 只收高位 反着做 止损5% 止盈不设 拿12h,3326,0.93,0.89,,2979,0.73,0.86,,2628,1.01,0.85,
60分钟 2倍 只收高位 反着做 止损5% 止盈不设 拿48h,1754,0.96,0.99,,1645,0.69,0.85,,1432,1.03,0.96,
60分钟 2倍 只收高位 反着做 止损5% 止盈2% 拿12h,3808,0.96,0.85,,3439,0.77,0.85,,3157,1.01,0.88,
60分钟 2倍 只收高位 反着做 止损5% 止盈2% 拿48h,2983,1.0,0.94,,2775,0.76,0.85,,2657,1.03,0.95,
60分钟 2倍 只收高位 反着做 止损5% 止盈5% 拿12h,3436,0.95,0.88,,3071,0.76,0.84,,2765,1.0,0.91,
60分钟 2倍 只收高位 反着做 止损5% 止盈5% 拿48h,2157,0.96,0.94,,2026,0.75,0.84,,1910,0.99,0.94,
60分钟 2倍 不要确认 跟着做 原版止损 止盈1倍,10447,0.75,0.77,,8624,0.93,0.83,,8172,0.79,0.79,
60分钟 2倍 不要确认 跟着做 原版止损 止盈2倍,7876,0.77,0.8,,6405,1.0,0.89,,6206,0.84,0.82,
60分钟 2倍 不要确认 跟着做 原版止损 止盈3倍,6759,0.8,0.8,,5444,1.02,0.93,,5305,0.83,0.85,
60分钟 2倍 不要确认 跟着做 止损3% 止盈不设 拿12h,5871,0.78,0.79,,5047,1.0,0.97,,4781,0.82,0.84,
60分钟 2倍 不要确认 跟着做 止损3% 止盈不设 拿48h,2668,0.94,0.93,,2387,1.03,0.99,,2379,0.92,0.91,
60分钟 2倍 不要确认 跟着做 止损3% 止盈2% 拿12h,7723,0.83,0.85,,6981,0.96,0.88,,6703,0.86,0.88,
60分钟 2倍 不要确认 跟着做 止损3% 止盈2% 拿48h,6032,0.85,0.92,,6007,1.0,0.91,,5784,0.86,0.9,
60分钟 2倍 不要确认 跟着做 止损3% 止盈5% 拿12h,6253,0.78,0.84,,5529,1.0,0.91,,5285,0.83,0.85,
60分钟 2倍 不要确认 跟着做 止损3% 止盈5% 拿48h,3769,0.85,0.89,,3650,1.03,0.99,,3735,0.85,0.89,
60分钟 2倍 不要确认 跟着做 止损5% 止盈不设 拿12h,5460,0.79,0.79,,4647,1.02,0.92,,4328,0.84,0.87,
60分钟 2倍 不要确认 跟着做 止损5% 止盈不设 拿48h,2182,0.95,0.91,,1899,1.14,1.04,,1878,0.93,0.91,
60分钟 2倍 不要确认 跟着做 止损5% 止盈2% 拿12h,7096,0.84,0.87,,6359,0.96,0.91,,6053,0.88,0.9,
60分钟 2倍 不要确认 跟着做 止损5% 止盈2% 拿48h,4784,0.89,0.92,,4760,1.03,0.91,,4645,0.88,0.93,
60分钟 2倍 不要确认 跟着做 止损5% 止盈5% 拿12h,5766,0.81,0.84,,5049,1.0,0.92,,4738,0.85,0.88,
60分钟 2倍 不要确认 跟着做 止损5% 止盈5% 拿48h,2926,0.87,0.91,,2815,1.11,1.01,✔,2846,0.87,0.92,
60分钟 2倍 不要确认 反着做 原版止损 止盈1倍,10447,0.83,0.74,,8628,0.72,0.76,,8199,0.85,0.8,
60分钟 2倍 不要确认 反着做 原版止损 止盈2倍,7869,0.93,0.81,,6604,0.75,0.81,,6296,0.9,0.82,
60分钟 2倍 不要确认 反着做 原版止损 止盈3倍,6642,0.95,0.82,,5649,0.74,0.81,,5388,0.93,0.85,
60分钟 2倍 不要确认 反着做 止损3% 止盈不设 拿12h,5996,0.88,0.87,,5293,0.81,0.86,,4896,0.88,0.86,
60分钟 2倍 不要确认 反着做 止损3% 止盈不设 拿48h,2754,1.02,0.96,,2684,0.82,0.92,,2381,1.01,0.98,
60分钟 2倍 不要确认 反着做 止损3% 止盈2% 拿12h,7586,0.9,0.85,,6849,0.79,0.84,,6586,0.89,0.87,
60分钟 2倍 不要确认 反着做 止损3% 止盈2% 拿48h,5961,0.94,0.89,,5816,0.82,0.82,,5704,0.93,0.9,
60分钟 2倍 不要确认 反着做 止损3% 止盈5% 拿12h,6330,0.91,0.85,,5612,0.8,0.83,,5357,0.88,0.89,
60分钟 2倍 不要确认 反着做 止损3% 止盈5% 拿48h,3800,0.91,0.89,,3753,0.83,0.85,,3735,0.95,0.93,
60分钟 2倍 不要确认 反着做 止损5% 止盈不设 拿12h,5495,0.92,0.89,,4790,0.8,0.88,,4352,0.91,0.88,
60分钟 2倍 不要确认 反着做 止损5% 止盈不设 拿48h,2196,1.03,1.0,,2089,0.8,0.89,,1886,0.98,0.94,
60分钟 2倍 不要确认 反着做 止损5% 止盈2% 拿12h,6852,0.95,0.89,,6106,0.78,0.83,,5857,0.91,0.9,
60分钟 2倍 不要确认 反着做 止损5% 止盈2% 拿48h,4649,0.98,0.93,,4434,0.81,0.82,,4521,0.95,0.93,
60分钟 2倍 不要确认 反着做 止损5% 止盈5% 拿12h,5764,0.93,0.9,,5049,0.79,0.83,,4733,0.94,0.9,
60分钟 2倍 不要确认 反着做 止损5% 止盈5% 拿48h,2924,0.98,0.92,,2811,0.78,0.88,,2836,1.0,0.96,
60分钟 3倍 收高位+突破 跟着做 原版止损 止盈1倍,1734,0.78,0.88,,1521,0.94,1.0,,1343,0.77,0.88,
60分钟 3倍 收高位+突破 跟着做 原版止损 止盈2倍,1554,0.79,0.86,,1348,0.99,1.02,,1206,0.82,0.87,
60分钟 3倍 收高位+突破 跟着做 原版止损 止盈3倍,1452,0.79,0.85,,1281,1.04,1.03,,1143,0.82,0.89,
60分钟 3倍 收高位+突破 跟着做 止损3% 止盈不设 拿12h,1575,0.71,0.88,,1381,0.99,0.95,,1225,0.8,0.84,
60分钟 3倍 收高位+突破 跟着做 止损3% 止盈不设 拿48h,1191,0.83,0.93,,1090,1.02,1.06,,977,0.93,0.94,
60分钟 3倍 收高位+突破 跟着做 止损3% 止盈2% 拿12h,1750,0.72,0.82,,1552,0.87,0.92,,1370,0.8,0.92,
60分钟 3倍 收高位+突破 跟着做 止损3% 止盈2% 拿48h,1610,0.73,0.89,,1491,0.89,0.96,,1312,0.77,0.89,
60分钟 3倍 收高位+突破 跟着做 止损3% 止盈5% 拿12h,1627,0.74,0.9,,1428,0.96,0.91,,1277,0.79,0.86,
60分钟 3倍 收高位+突破 跟着做 止损3% 止盈5% 拿48h,1362,0.78,0.86,,1266,0.95,0.99,,1151,0.75,0.87,
60分钟 3倍 收高位+突破 跟着做 止损5% 止盈不设 拿12h,1531,0.73,0.82,,1345,0.99,1.0,,1198,0.86,0.85,
60分钟 3倍 收高位+突破 跟着做 止损5% 止盈不设 拿48h,1070,0.92,1.0,,964,1.16,1.02,✔,874,0.97,1.0,
60分钟 3倍 收高位+突破 跟着做 止损5% 止盈2% 拿12h,1716,0.73,0.88,,1523,0.88,0.88,,1347,0.85,0.91,
60分钟 3倍 收高位+突破 跟着做 止损5% 止盈2% 拿48h,1492,0.76,0.94,,1401,0.93,0.93,,1222,0.81,1.01,
60分钟 3倍 收高位+突破 跟着做 止损5% 止盈5% 拿12h,1587,0.76,0.85,,1391,0.96,0.93,,1250,0.85,0.9,
60分钟 3倍 收高位+突破 跟着做 止损5% 止盈5% 拿48h,1230,0.88,0.96,,1140,1.09,1.05,,1033,0.82,0.93,
60分钟 3倍 收高位+突破 反着做 原版止损 止盈1倍,1737,0.99,0.82,,1529,0.85,0.76,,1345,1.04,0.89,
60分钟 3倍 收高位+突破 反着做 原版止损 止盈2倍,1598,1.0,0.89,,1419,0.89,0.84,,1241,1.01,0.87,
60分钟 3倍 收高位+突破 反着做 原版止损 止盈3倍,1503,1.01,0.84,,1341,0.81,0.87,,1162,1.03,0.84,
60分钟 3倍 收高位+突破 反着做 止损3% 止盈不设 拿12h,1644,0.97,0.85,,1436,0.82,0.86,,1278,0.85,0.85,
60分钟 3倍 收高位+突破 反着做 止损3% 止盈不设 拿48h,1232,1.05,0.85,,1143,0.79,0.88,,1002,1.07,0.99,
60分钟 3倍 收高位+突破 反着做 止损3% 止盈2% 拿12h,1726,1.02,0.81,,1523,0.81,0.8,,1344,0.93,0.85,
60分钟 3倍 收高位+突破 反着做 止损3% 止盈2% 拿48h,1579,1.07,0.87,,1454,0.83,0.82,,1289,1.0,0.9,
60分钟 3倍 收高位+突破 反着做 止损3% 止盈5% 拿12h,1662,1.01,0.84,,1462,0.85,0.84,,1307,0.89,0.91,
60分钟 3倍 收高位+突破 反着做 止损3% 止盈5% 拿48h,1372,1.01,0.86,,1292,0.84,0.84,,1145,1.0,0.89,
60分钟 3倍 收高位+突破 反着做 止损5% 止盈不设 拿12h,1569,0.96,0.89,,1364,0.81,0.84,,1224,0.85,0.8,
60分钟 3倍 收高位+突破 反着做 止损5% 止盈不设 拿48h,1107,0.98,0.95,,1002,0.77,0.91,,899,1.09,0.92,
60分钟 3倍 收高位+突破 反着做 止损5% 止盈2% 拿12h,1657,1.02,0.84,,1456,0.77,0.83,,1288,0.97,0.85,
60分钟 3倍 收高位+突破 反着做 止损5% 止盈2% 拿48h,1453,1.06,0.96,,1329,0.84,0.84,,1200,1.1,0.92,
60分钟 3倍 收高位+突破 反着做 止损5% 止盈5% 拿12h,1588,1.01,0.88,,1391,0.83,0.82,,1249,0.93,0.85,
60分钟 3倍 收高位+突破 反着做 止损5% 止盈5% 拿48h,1230,0.98,0.89,,1137,0.8,0.83,,1032,1.06,0.95,
60分钟 3倍 只收高位 跟着做 原版止损 止盈1倍,2650,0.76,0.86,,2338,1.02,0.92,,2225,0.79,0.88,
60分钟 3倍 只收高位 跟着做 原版止损 止盈2倍,2324,0.79,0.87,,2029,1.09,0.99,,1941,0.84,0.87,
60分钟 3倍 只收高位 跟着做 原版止损 止盈3倍,2148,0.79,0.82,,1871,1.13,1.01,✔,1807,0.85,0.87,
60分钟 3倍 只收高位 跟着做 止损3% 止盈不设 拿12h,2284,0.71,0.82,,2031,1.04,0.98,,1944,0.8,0.81,
60分钟 3倍 只收高位 跟着做 止损3% 止盈不设 拿48h,1577,0.83,0.95,,1409,1.09,1.03,,1366,1.0,0.95,
60分钟 3倍 只收高位 跟着做 止损3% 止盈2% 拿12h,2584,0.74,0.86,,2340,0.95,0.92,,2226,0.81,0.85,
60分钟 3倍 只收高位 跟着做 止损3% 止盈2% 拿48h,2302,0.75,0.85,,2200,0.96,0.96,,2075,0.83,0.87,
60分钟 3倍 只收高位 跟着做 止损3% 止盈5% 拿12h,2370,0.73,0.85,,2114,1.01,0.94,,2035,0.8,0.85,
60分钟 3倍 只收高位 跟着做 止损3% 止盈5% 拿48h,1876,0.76,0.88,,1759,1.08,0.98,,1696,0.82,0.89,
60分钟 3倍 只收高位 跟着做 止损5% 止盈不设 拿12h,2208,0.72,0.86,,1952,1.02,0.93,,1851,0.84,0.88,
60分钟 3倍 只收高位 跟着做 止损5% 止盈不设 拿48h,1379,0.92,0.91,,1235,1.14,1.07,,1167,1.07,0.99,
60分钟 3倍 只收高位 跟着做 止损5% 止盈2% 拿12h,2512,0.75,0.88,,2255,0.94,0.89,,2140,0.84,0.91,
60分钟 3倍 只收高位 跟着做 止损5% 止盈2% 拿48h,2080,0.77,0.93,,1996,0.97,0.95,,1873,0.86,0.94,
60分钟 3倍 只收高位 跟着做 止损5% 止盈5% 拿12h,2291,0.75,0.84,,2032,1.0,0.94,,1946,0.84,0.85,
60分钟 3倍 只收高位 跟着做 止损5% 止盈5% 拿48h,1642,0.88,0.92,,1544,1.12,1.02,✔,1468,0.91,0.93,
60分钟 3倍 只收高位 反着做 原版止损 止盈1倍,2650,0.97,0.84,,2347,0.75,0.77,,2227,0.97,0.85,
60分钟 3倍 只收高位 反着做 原版止损 止盈2倍,2332,1.03,0.87,,2109,0.79,0.83,,1961,0.98,0.86,
60分钟 3倍 只收高位 反着做 原版止损 止盈3倍,2155,1.05,0.86,,1964,0.76,0.83,,1812,0.99,0.88,
60分钟 3倍 只收高位 反着做 止损3% 止盈不设 拿12h,2358,0.96,0.85,,2093,0.78,0.8,,1972,0.87,0.85,
60分钟 3倍 只收高位 反着做 止损3% 止盈不设 拿48h,1583,1.08,0.94,,1529,0.75,0.89,,1388,1.0,1.0,
60分钟 3倍 只收高位 反着做 止损3% 止盈2% 拿12h,2566,0.98,0.89,,2311,0.76,0.83,,2215,0.96,0.89,
60分钟 3倍 只收高位 反着做 止损3% 止盈2% 拿48h,2290,1.03,0.91,,2164,0.78,0.82,,2062,0.97,0.89,
60分钟 3倍 只收高位 反着做 止损3% 止盈5% 拿12h,2410,0.99,0.83,,2149,0.8,0.81,,2049,0.9,0.86,
60分钟 3倍 只收高位 反着做 止损3% 止盈5% 拿48h,1872,1.0,0.88,,1794,0.79,0.85,,1690,0.93,0.9,
60分钟 3倍 只收高位 反着做 止损5% 止盈不设 拿12h,2242,0.97,0.85,,1975,0.78,0.85,,1874,0.92,0.86,
60分钟 3倍 只收高位 反着做 止损5% 止盈不设 拿48h,1406,0.95,0.97,,1290,0.79,0.87,,1197,0.98,1.01,
60分钟 3倍 只收高位 反着做 止损5% 止盈2% 拿12h,2454,1.01,0.87,,2189,0.74,0.83,,2112,0.99,0.85,
60分钟 3倍 只收高位 反着做 止损5% 止盈2% 拿48h,2069,1.05,0.93,,1917,0.77,0.82,,1852,1.02,0.92,
60分钟 3倍 只收高位 反着做 止损5% 止盈5% 拿12h,2292,1.03,0.84,,2032,0.79,0.84,,1945,0.95,0.87,
60分钟 3倍 只收高位 反着做 止损5% 止盈5% 拿48h,1643,0.98,0.96,,1539,0.77,0.85,,1468,0.97,0.88,
60分钟 3倍 不要确认 跟着做 原版止损 止盈1倍,6586,0.73,0.81,,5308,0.98,0.86,,5495,0.81,0.8,
60分钟 3倍 不要确认 跟着做 原版止损 止盈2倍,5376,0.77,0.77,,4321,1.02,0.9,,4461,0.86,0.8,
60分钟 3倍 不要确认 跟着做 原版止损 止盈3倍,4805,0.78,0.82,,3841,1.0,0.95,,3990,0.86,0.85,
60分钟 3倍 不要确认 跟着做 止损3% 止盈不设 拿12h,4291,0.81,0.82,,3621,1.03,0.93,,3629,0.87,0.82,
60分钟 3倍 不要确认 跟着做 止损3% 止盈不设 拿48h,2311,0.9,0.93,,2047,1.04,1.02,,2059,0.93,0.95,
60分钟 3倍 不要确认 跟着做 止损3% 止盈2% 拿12h,5367,0.84,0.85,,4673,0.98,0.91,,4751,0.87,0.88,
60分钟 3倍 不要确认 跟着做 止损3% 止盈2% 拿48h,4429,0.86,0.91,,4204,0.99,0.93,,4224,0.86,0.9,
60分钟 3倍 不要确认 跟着做 止损3% 止盈5% 拿12h,4536,0.81,0.83,,3921,1.03,0.93,,3946,0.87,0.87,
60分钟 3倍 不要确认 跟着做 止损3% 止盈5% 拿48h,3054,0.82,0.86,,2867,1.01,1.0,,2967,0.87,0.89,
60分钟 3倍 不要确认 跟着做 止损5% 止盈不设 拿12h,4076,0.83,0.85,,3399,1.06,0.96,,3359,0.88,0.83,
60分钟 3倍 不要确认 跟着做 止损5% 止盈不设 拿48h,1918,0.95,0.94,,1659,1.15,1.03,✔,1650,1.02,0.97,
60分钟 3倍 不要确认 跟着做 止损5% 止盈2% 拿12h,5075,0.85,0.87,,4382,0.99,0.92,,4393,0.87,0.87,
60分钟 3倍 不要确认 跟着做 止损5% 止盈2% 拿48h,3687,0.9,0.91,,3539,1.01,0.97,,3558,0.87,0.91,
60分钟 3倍 不要确认 跟着做 止损5% 止盈5% 拿12h,4294,0.83,0.85,,3673,1.03,0.96,,3627,0.89,0.88,
60分钟 3倍 不要确认 跟着做 止损5% 止盈5% 拿48h,2463,0.9,0.92,,2309,1.07,1.01,,2364,0.9,0.94,
60分钟 3倍 不要确认 反着做 原版止损 止盈1倍,6580,0.88,0.79,,5312,0.71,0.78,,5504,0.84,0.8,
60分钟 3倍 不要确认 反着做 原版止损 止盈2倍,5406,0.94,0.81,,4473,0.73,0.82,,4598,0.89,0.8,
60分钟 3倍 不要确认 反着做 原版止损 止盈3倍,4797,0.97,0.84,,3985,0.72,0.83,,4106,0.91,0.85,
60分钟 3倍 不要确认 反着做 止损3% 止盈不设 拿12h,4468,0.82,0.86,,3820,0.76,0.84,,3733,0.83,0.85,
60分钟 3倍 不要确认 反着做 止损3% 止盈不设 拿48h,2374,0.98,0.99,,2247,0.87,0.86,,2083,0.95,0.95,
60分钟 3倍 不要确认 反着做 止损3% 止盈2% 拿12h,5249,0.88,0.84,,4607,0.78,0.84,,4670,0.88,0.88,
60分钟 3倍 不要确认 反着做 止损3% 止盈2% 拿48h,4317,0.93,0.88,,4105,0.81,0.82,,4156,0.93,0.91,
60分钟 3倍 不要确认 反着做 止损3% 止盈5% 拿12h,4654,0.85,0.87,,3989,0.77,0.82,,4010,0.87,0.86,
60分钟 3倍 不要确认 反着做 止损3% 止盈5% 拿48h,3046,0.92,0.9,,2911,0.81,0.85,,3002,0.91,0.89,
60分钟 3倍 不要确认 反着做 止损5% 止盈不设 拿12h,4138,0.85,0.87,,3515,0.76,0.86,,3381,0.87,0.9,
60分钟 3倍 不要确认 反着做 止损5% 止盈不设 拿48h,1952,1.02,0.99,,1793,0.86,0.84,,1672,0.93,0.96,
60分钟 3倍 不要确认 反着做 止损5% 止盈2% 拿12h,4834,0.91,0.87,,4214,0.75,0.82,,4259,0.9,0.89,
60分钟 3倍 不要确认 反着做 止损5% 止盈2% 拿48h,3573,0.98,0.95,,3339,0.79,0.86,,3442,0.94,0.9,
60分钟 3倍 不要确认 反着做 止损5% 止盈5% 拿12h,4297,0.91,0.88,,3667,0.77,0.83,,3627,0.9,0.89,
60分钟 3倍 不要确认 反着做 止损5% 止盈5% 拿48h,2468,0.94,0.92,,2306,0.82,0.89,,2362,0.97,0.93,
60分钟 5倍 收高位+突破 跟着做 原版止损 止盈1倍,871,0.83,0.87,,705,1.01,0.97,,703,0.81,0.94,
60分钟 5倍 收高位+突破 跟着做 原版止损 止盈2倍,813,0.9,0.87,,667,1.07,0.99,,654,0.9,0.89,
60分钟 5倍 收高位+突破 跟着做 原版止损 止盈3倍,778,0.87,0.93,,651,1.14,1.16,,627,0.98,0.93,
60分钟 5倍 收高位+突破 跟着做 止损3% 止盈不设 拿12h,812,0.82,0.85,,664,1.1,0.91,,659,0.91,0.85,
60分钟 5倍 收高位+突破 跟着做 止损3% 止盈不设 拿48h,682,1.01,0.87,,596,1.06,1.02,,567,1.09,1.0,
60分钟 5倍 收高位+突破 跟着做 止损3% 止盈2% 拿12h,877,0.82,0.87,,720,0.86,0.9,,710,0.83,0.88,
60分钟 5倍 收高位+突破 跟着做 止损3% 止盈2% 拿48h,836,0.76,0.87,,708,0.89,0.96,,692,0.8,0.93,
60分钟 5倍 收高位+突破 跟着做 止损3% 止盈5% 拿12h,833,0.83,0.85,,689,0.97,0.96,,680,0.86,0.86,
60分钟 5倍 收高位+突破 跟着做 止损3% 止盈5% 拿48h,755,0.83,0.91,,653,0.94,1.06,,641,0.83,0.84,
60分钟 5倍 收高位+突破 跟着做 止损5% 止盈不设 拿12h,799,0.81,0.83,,653,1.05,1.0,,651,0.94,0.86,
60分钟 5倍 收高位+突破 跟着做 止损5% 止盈不设 拿48h,645,1.04,0.92,,560,1.1,1.11,,532,1.12,1.01,
60分钟 5倍 收高位+突破 跟着做 止损5% 止盈2% 拿12h,868,0.82,0.82,,713,0.86,0.87,,703,0.85,0.98,
60分钟 5倍 收高位+突破 跟着做 止损5% 止盈2% 拿48h,804,0.8,0.88,,690,0.9,0.98,,664,0.88,0.93,
60分钟 5倍 收高位+突破 跟着做 止损5% 止盈5% 拿12h,822,0.82,0.85,,680,0.95,0.95,,672,0.9,0.85,
60分钟 5倍 收高位+突破 跟着做 止损5% 止盈5% 拿48h,720,0.88,0.94,,624,1.01,1.11,,607,0.91,0.93,
60分钟 5倍 收高位+突破 反着做 原版止损 止盈1倍,873,0.94,0.85,,706,0.82,0.79,,702,1.0,0.84,
60分钟 5倍 收高位+突破 反着做 原版止损 止盈2倍,830,1.01,0.86,,676,0.83,0.85,,671,0.99,0.91,
60分钟 5倍 收高位+突破 反着做 原版止损 止盈3倍,807,1.01,0.87,,661,0.77,0.81,,643,0.97,0.9,
60分钟 5倍 收高位+突破 反着做 止损3% 止盈不设 拿12h,840,0.82,0.91,,695,0.83,0.81,,682,0.83,0.89,
60分钟 5倍 收高位+突破 反着做 止损3% 止盈不设 拿48h,732,0.99,0.95,,628,0.83,0.77,,596,1.04,0.91,
60分钟 5倍 收高位+突破 反着做 止损3% 止盈2% 拿12h,861,0.87,0.85,,711,0.78,0.81,,701,0.87,0.86,
60分钟 5倍 收高位+突破 反着做 止损3% 止盈2% 拿48h,824,0.95,0.86,,696,0.78,0.87,,687,0.95,0.87,
60分钟 5倍 收高位+突破 反着做 止损3% 止盈5% 拿12h,846,0.91,0.9,,700,0.87,0.86,,692,0.86,0.78,
60分钟 5倍 收高位+突破 反着做 止损3% 止盈5% 拿48h,767,0.97,0.86,,665,0.86,0.84,,641,0.9,0.81,
60分钟 5倍 收高位+突破 反着做 止损5% 止盈不设 拿12h,814,0.83,0.84,,675,0.84,0.83,,662,0.83,0.93,
60分钟 5倍 收高位+突破 反着做 止损5% 止盈不设 拿48h,683,0.97,1.01,,584,0.84,0.86,,559,1.01,0.9,
60分钟 5倍 收高位+突破 反着做 止损5% 止盈2% 拿12h,839,0.87,0.83,,693,0.73,0.75,,682,0.89,0.84,
60分钟 5倍 收高位+突破 反着做 止损5% 止盈2% 拿48h,785,0.96,0.93,,665,0.81,0.83,,657,0.98,0.93,
60分钟 5倍 收高位+突破 反着做 止损5% 止盈5% 拿12h,822,0.93,0.86,,680,0.85,0.82,,672,0.88,0.82,
60分钟 5倍 收高位+突破 反着做 止损5% 止盈5% 拿48h,719,0.98,0.88,,623,0.86,0.83,,606,0.95,0.9,
60分钟 5倍 只收高位 跟着做 原版止损 止盈1倍,1226,0.83,0.9,,999,1.11,0.94,✔,1113,0.81,0.92,
60分钟 5倍 只收高位 跟着做 原版止损 止盈2倍,1141,0.89,0.87,,929,1.19,1.01,✔,1028,0.89,0.92,
60分钟 5倍 只收高位 跟着做 原版止损 止盈3倍,1085,0.86,0.87,,898,1.22,1.0,✔,977,0.93,0.89,
60分钟 5倍 只收高位 跟着做 止损3% 止盈不设 拿12h,1094,0.79,0.9,,919,1.15,0.94,✔,1016,0.84,0.82,
60分钟 5倍 只收高位 跟着做 止损3% 止盈不设 拿48h,901,0.96,0.93,,780,1.14,1.08,,816,1.06,0.9,
60分钟 5倍 只收高位 跟着做 止损3% 止盈2% 拿12h,1199,0.81,0.84,,1009,0.92,0.92,,1113,0.83,0.85,
60分钟 5倍 只收高位 跟着做 止损3% 止盈2% 拿48h,1131,0.8,0.89,,976,0.93,1.0,,1065,0.86,0.86,
60分钟 5倍 只收高位 跟着做 止损3% 止盈5% 拿12h,1127,0.8,0.85,,961,1.02,0.88,,1058,0.79,0.82,
60分钟 5倍 只收高位 跟着做 止损3% 止盈5% 拿48h,1008,0.83,0.93,,881,0.98,1.03,,949,0.83,0.89,
60分钟 5倍 只收高位 跟着做 止损5% 止盈不设 拿12h,1072,0.8,0.81,,902,1.08,0.9,,986,0.86,0.88,
60分钟 5倍 只收高位 跟着做 止损5% 止盈不设 拿48h,828,0.98,0.83,,724,1.15,1.1,,739,1.14,0.96,✔
60分钟 5倍 只收高位 跟着做 止损5% 止盈2% 拿12h,1182,0.84,0.85,,994,0.93,0.9,,1084,0.85,0.86,
60分钟 5倍 只收高位 跟着做 止损5% 止盈2% 拿48h,1068,0.81,0.9,,939,0.94,0.93,,1008,0.91,0.95,
60分钟 5倍 只收高位 跟着做 止损5% 止盈5% 拿12h,1106,0.82,0.84,,946,0.98,0.97,,1025,0.8,0.84,
60分钟 5倍 只收高位 跟着做 止损5% 止盈5% 拿48h,937,0.9,0.87,,833,1.04,1.01,,868,0.92,0.95,
60分钟 5倍 只收高位 反着做 原版止损 止盈1倍,1227,0.91,0.87,,1001,0.73,0.83,,1110,0.97,0.81,
60分钟 5倍 只收高位 反着做 原版止损 止盈2倍,1137,1.01,0.9,,948,0.77,0.87,,1036,0.95,0.93,
60分钟 5倍 只收高位 反着做 原版止损 止盈3倍,1097,1.01,0.91,,918,0.72,0.86,,986,1.0,0.91,
60分钟 5倍 只收高位 反着做 止损3% 止盈不设 拿12h,1124,0.83,0.85,,965,0.8,0.86,,1035,0.89,0.82,
60分钟 5倍 只收高位 反着做 止损3% 止盈不设 拿48h,925,1.0,0.93,,829,0.8,0.8,,847,0.93,0.88,
60分钟 5倍 只收高位 反着做 止损3% 止盈2% 拿12h,1184,0.87,0.83,,1004,0.74,0.79,,1121,0.92,0.9,
60分钟 5倍 只收高位 反着做 止损3% 止盈2% 拿48h,1123,0.9,0.88,,972,0.77,0.8,,1078,0.92,0.89,
60分钟 5倍 只收高位 反着做 止损3% 止盈5% 拿12h,1143,0.9,0.87,,977,0.81,0.78,,1062,0.89,0.85,
60分钟 5倍 只收高位 反着做 止损3% 止盈5% 拿48h,1006,0.97,0.85,,893,0.83,0.88,,951,0.88,0.9,
60分钟 5倍 只收高位 反着做 止损5% 止盈不设 拿12h,1087,0.87,0.8,,932,0.86,0.81,,998,0.96,0.9,
60分钟 5倍 只收高位 反着做 止损5% 止盈不设 拿48h,866,0.95,0.98,,761,0.86,0.92,,763,0.98,0.98,
60分钟 5倍 只收高位 反着做 止损5% 止盈2% 拿12h,1148,0.9,0.88,,976,0.72,0.82,,1087,0.98,0.9,
60分钟 5倍 只收高位 反着做 止损5% 止盈2% 拿48h,1061,0.95,0.89,,921,0.79,0.85,,1008,0.99,0.91,
60分钟 5倍 只收高位 反着做 止损5% 止盈5% 拿12h,1108,0.93,0.83,,946,0.82,0.82,,1025,1.0,0.82,
60分钟 5倍 只收高位 反着做 止损5% 止盈5% 拿48h,937,0.95,0.96,,831,0.83,0.88,,867,0.95,1.01,
60分钟 5倍 不要确认 跟着做 原版止损 止盈1倍,3050,0.77,0.79,,2233,1.08,0.89,,2829,0.84,0.8,
60分钟 5倍 不要确认 跟着做 原版止损 止盈2倍,2717,0.8,0.85,,1982,1.08,0.94,,2479,0.88,0.83,
60分钟 5倍 不要确认 跟着做 原版止损 止盈3倍,2522,0.79,0.83,,1851,1.1,0.93,,2284,0.91,0.82,
60分钟 5倍 不要确认 跟着做 止损3% 止盈不设 拿12h,2316,0.81,0.82,,1816,1.12,0.99,✔,2080,0.89,0.85,
60分钟 5倍 不要确认 跟着做 止损3% 止盈不设 拿48h,1582,0.84,0.89,,1299,1.09,1.01,,1399,0.98,0.99,
60分钟 5倍 不要确认 跟着做 止损3% 止盈2% 拿12h,2717,0.84,0.86,,2149,0.99,0.93,,2519,0.86,0.88,
60分钟 5倍 不要确认 跟着做 止损3% 止盈2% 拿48h,2408,0.82,0.9,,2027,1.01,0.93,,2326,0.87,0.9,
60分钟 5倍 不要确认 跟着做 止损3% 止盈5% 拿12h,2410,0.82,0.85,,1939,1.06,0.91,,2232,0.88,0.83,
60分钟 5倍 不要确认 跟着做 止损3% 止盈5% 拿48h,1886,0.8,0.88,,1600,1.01,0.97,,1823,0.9,0.9,
60分钟 5倍 不要确认 跟着做 止损5% 止盈不设 拿12h,2229,0.83,0.8,,1750,1.08,0.95,,1964,0.9,0.85,
60分钟 5倍 不要确认 跟着做 止损5% 止盈不设 拿48h,1379,0.88,0.93,,1147,1.13,1.04,,1189,1.05,0.97,
60分钟 5倍 不要确认 跟着做 止损5% 止盈2% 拿12h,2620,0.85,0.87,,2085,1.01,0.91,,2394,0.86,0.91,
60分钟 5倍 不要确认 跟着做 止损5% 止盈2% 拿48h,2141,0.85,0.94,,1873,1.06,0.94,,2083,0.85,0.94,
60分钟 5倍 不要确认 跟着做 止损5% 止盈5% 拿12h,2319,0.83,0.85,,1870,1.05,0.91,,2097,0.88,0.84,
60分钟 5倍 不要确认 跟着做 止损5% 止盈5% 拿48h,1639,0.89,0.91,,1431,1.07,1.05,,1571,0.93,0.9,
60分钟 5倍 不要确认 反着做 原版止损 止盈1倍,3051,0.87,0.85,,2237,0.69,0.76,,2829,0.83,0.82,
60分钟 5倍 不要确认 反着做 原版止损 止盈2倍,2743,0.95,0.83,,2072,0.7,0.82,,2540,0.87,0.87,
60分钟 5倍 不要确认 反着做 原版止损 止盈3倍,2575,0.95,0.86,,1965,0.68,0.86,,2348,0.92,0.84,
60分钟 5倍 不要确认 反着做 止损3% 止盈不设 拿12h,2377,0.81,0.84,,1916,0.76,0.86,,2121,0.91,0.87,
60分钟 5倍 不要确认 反着做 止损3% 止盈不设 拿48h,1602,0.98,1.01,,1420,0.82,0.86,,1455,0.92,0.94,
60分钟 5倍 不要确认 反着做 止损3% 止盈2% 拿12h,2641,0.88,0.85,,2106,0.75,0.79,,2512,0.85,0.86,
60分钟 5倍 不要确认 反着做 止损3% 止盈2% 拿48h,2354,0.92,0.9,,1969,0.77,0.83,,2322,0.9,0.88,
60分钟 5倍 不要确认 反着做 止损3% 止盈5% 拿12h,2450,0.86,0.83,,1974,0.77,0.79,,2247,0.87,0.84,
60分钟 5倍 不要确认 反着做 止损3% 止盈5% 拿48h,1879,0.95,0.86,,1652,0.79,0.86,,1848,0.94,0.87,
60分钟 5倍 不要确认 反着做 止损5% 止盈不设 拿12h,2251,0.84,0.89,,1810,0.79,0.87,,1988,0.92,0.89,
60分钟 5倍 不要确认 反着做 止损5% 止盈不设 拿48h,1395,0.98,0.99,,1213,0.86,0.88,,1243,0.89,0.98,
60分钟 5倍 不要确认 反着做 止损5% 止盈2% 拿12h,2513,0.92,0.9,,1998,0.73,0.87,,2362,0.88,0.89,
60分钟 5倍 不要确认 反着做 止损5% 止盈2% 拿48h,2089,0.98,0.94,,1740,0.78,0.82,,2025,0.93,0.93,
60分钟 5倍 不要确认 反着做 止损5% 止盈5% 拿12h,2321,0.9,0.91,,1869,0.77,0.84,,2098,0.9,0.93,
60分钟 5倍 不要确认 反着做 止损5% 止盈5% 拿48h,1638,0.97,0.94,,1424,0.81,0.84,,1572,0.94,0.96,
60分钟 10倍 收高位+突破 跟着做 原版止损 止盈1倍,222,0.81,0.92,,149,1.22,0.97,,234,0.9,0.99,
60分钟 10倍 收高位+突破 跟着做 原版止损 止盈2倍,211,0.91,0.91,,148,1.24,1.08,,228,1.03,0.98,
60分钟 10倍 收高位+突破 跟着做 原版止损 止盈3倍,210,0.91,0.86,,146,1.34,1.14,,227,1.06,0.99,
60分钟 10倍 收高位+突破 跟着做 止损3% 止盈不设 拿12h,212,0.81,0.89,,147,1.22,0.86,,229,0.82,0.85,
60分钟 10倍 收高位+突破 跟着做 止损3% 止盈不设 拿48h,199,1.22,1.01,,143,0.98,1.15,,222,1.01,0.9,
60分钟 10倍 收高位+突破 跟着做 止损3% 止盈2% 拿12h,222,0.73,0.91,,150,0.93,0.81,,237,0.78,0.84,
60分钟 10倍 收高位+突破 跟着做 止损3% 止盈2% 拿48h,219,0.7,0.9,,150,0.87,0.88,,233,0.76,0.86,
60分钟 10倍 收高位+突破 跟着做 止损3% 止盈5% 拿12h,215,0.85,0.82,,150,1.18,0.96,,233,0.83,0.82,
60分钟 10倍 收高位+突破 跟着做 止损3% 止盈5% 拿48h,208,0.79,0.98,,149,0.94,1.03,,229,0.82,0.86,
60分钟 10倍 收高位+突破 跟着做 止损5% 止盈不设 拿12h,210,0.74,0.87,,147,1.26,0.99,,225,0.95,0.82,
60分钟 10倍 收高位+突破 跟着做 止损5% 止盈不设 拿48h,196,1.18,1.07,✔,141,1.0,1.22,,211,1.13,1.09,
60分钟 10倍 收高位+突破 跟着做 止损5% 止盈2% 拿12h,221,0.67,0.85,,150,0.92,0.89,,233,0.91,0.92,
60分钟 10倍 收高位+突破 跟着做 止损5% 止盈2% 拿48h,216,0.72,0.97,,150,0.84,0.99,,225,0.9,1.05,
60分钟 10倍 收高位+突破 跟着做 止损5% 止盈5% 拿12h,213,0.77,1.03,,150,1.18,1.0,,229,0.99,1.01,
60分钟 10倍 收高位+突破 跟着做 止损5% 止盈5% 拿48h,204,0.77,1.05,,148,0.97,0.93,,220,0.96,0.93,
60分钟 10倍 收高位+突破 反着做 原版止损 止盈1倍,222,1.0,1.01,,150,0.69,0.91,,234,0.92,0.95,
60分钟 10倍 收高位+突破 反着做 原版止损 止盈2倍,218,1.04,0.85,,150,0.8,0.79,,229,0.91,0.77,
60分钟 10倍 收高位+突破 反着做 原版止损 止盈3倍,215,1.09,0.79,,150,0.76,0.81,,223,1.0,0.86,
60分钟 10倍 收高位+突破 反着做 止损3% 止盈不设 拿12h,217,0.88,0.89,,150,0.77,0.86,,229,0.76,0.88,
60分钟 10倍 收高位+突破 反着做 止损3% 止盈不设 拿48h,205,1.09,0.86,,149,0.92,0.75,,217,0.97,0.97,
60分钟 10倍 收高位+突破 反着做 止损3% 止盈2% 拿12h,220,0.94,0.73,,150,0.71,0.9,,237,0.88,0.9,
60分钟 10倍 收高位+突破 反着做 止损3% 止盈2% 拿48h,217,1.07,0.86,,150,0.75,0.78,,234,0.97,0.92,
60分钟 10倍 收高位+突破 反着做 止损3% 止盈5% 拿12h,217,1.01,0.9,,150,0.76,0.86,,232,0.82,0.86,
60分钟 10倍 收高位+突破 反着做 止损3% 止盈5% 拿48h,210,1.05,0.9,,150,0.89,0.81,,222,0.86,0.95,
60分钟 10倍 收高位+突破 反着做 止损5% 止盈不设 拿12h,212,0.93,0.89,,150,0.78,0.93,,226,0.74,0.77,
60分钟 10倍 收高位+突破 反着做 止损5% 止盈不设 拿48h,199,1.18,0.99,,145,0.95,0.85,,214,0.97,0.85,
60分钟 10倍 收高位+突破 反着做 止损5% 止盈2% 拿12h,217,0.9,0.92,,150,0.63,0.78,,234,0.88,0.94,
60分钟 10倍 收高位+突破 反着做 止损5% 止盈2% 拿48h,213,0.97,0.96,,149,0.79,0.68,,231,1.0,1.02,
60分钟 10倍 收高位+突破 反着做 止损5% 止盈5% 拿12h,213,1.01,0.81,,150,0.69,0.97,,229,0.81,0.75,
60分钟 10倍 收高位+突破 反着做 止损5% 止盈5% 拿48h,204,1.12,0.96,✔,148,0.9,0.79,,219,0.92,0.81,
60分钟 10倍 只收高位 跟着做 原版止损 止盈1倍,311,0.77,0.85,,206,1.19,0.98,,378,0.85,0.91,
60分钟 10倍 只收高位 跟着做 原版止损 止盈2倍,297,0.87,0.85,,201,1.23,0.99,,366,0.97,1.01,
60分钟 10倍 只收高位 跟着做 原版止损 止盈3倍,294,0.87,0.83,,197,1.28,1.01,,352,0.97,0.92,
60分钟 10倍 只收高位 跟着做 止损3% 止盈不设 拿12h,286,0.77,0.75,,201,1.05,0.96,,362,0.7,0.81,
60分钟 10倍 只收高位 跟着做 止损3% 止盈不设 拿48h,268,1.07,0.91,,190,0.87,0.91,,330,0.88,0.97,
60分钟 10倍 只收高位 跟着做 止损3% 止盈2% 拿12h,303,0.74,0.87,,207,0.94,0.98,,381,0.69,0.96,
60分钟 10倍 只收高位 跟着做 止损3% 止盈2% 拿48h,299,0.73,0.92,,204,0.89,0.88,,371,0.72,0.91,
60分钟 10倍 只收高位 跟着做 止损3% 止盈5% 拿12h,291,0.82,0.84,,204,1.05,0.99,,373,0.71,0.78,
60分钟 10倍 只收高位 跟着做 止损3% 止盈5% 拿48h,283,0.78,0.82,,197,0.87,1.0,,353,0.75,0.88,
60分钟 10倍 只收高位 跟着做 止损5% 止盈不设 拿12h,282,0.75,0.8,,201,1.04,1.01,,352,0.72,0.84,
60分钟 10倍 只收高位 跟着做 止损5% 止盈不设 拿48h,260,1.05,0.94,,185,0.88,1.08,,309,0.95,0.88,
60分钟 10倍 只收高位 跟着做 止损5% 止盈2% 拿12h,301,0.7,0.88,,207,0.89,0.94,,372,0.72,0.9,
60分钟 10倍 只收高位 跟着做 止损5% 止盈2% 拿48h,293,0.7,1.02,,201,0.89,0.93,,356,0.74,1.01,
60分钟 10倍 只收高位 跟着做 止损5% 止盈5% 拿12h,287,0.79,0.92,,204,1.01,0.88,,363,0.74,0.94,
60分钟 10倍 只收高位 跟着做 止损5% 止盈5% 拿48h,274,0.78,0.95,,192,0.88,1.04,,332,0.82,0.83,
60分钟 10倍 只收高位 反着做 原版止损 止盈1倍,310,1.02,0.76,,207,0.69,0.79,,378,0.95,0.83,
60分钟 10倍 只收高位 反着做 原版止损 止盈2倍,295,1.07,0.85,,207,0.86,0.73,,366,0.98,0.82,
60分钟 10倍 只收高位 反着做 原版止损 止盈3倍,289,1.16,0.96,✔,205,0.77,0.81,,357,1.13,0.87,
60分钟 10倍 只收高位 反着做 止损3% 止盈不设 拿12h,292,0.95,0.79,,203,0.95,0.79,,360,1.05,0.86,
60分钟 10倍 只收高位 反着做 止损3% 止盈不设 拿48h,270,1.21,0.94,✔,192,0.89,0.87,,327,1.19,0.97,✔
60分钟 10倍 只收高位 反着做 止损3% 止盈2% 拿12h,303,0.91,0.84,,207,0.7,0.76,,385,1.03,0.88,
60分钟 10倍 只收高位 反着做 止损3% 止盈2% 拿48h,298,0.98,0.87,,206,0.77,0.89,,377,1.06,0.84,
60分钟 10倍 只收高位 反着做 止损3% 止盈5% 拿12h,293,0.99,0.88,,205,0.83,1.03,,369,1.02,0.85,
60分钟 10倍 只收高位 反着做 止损3% 止盈5% 拿48h,283,1.07,0.96,,196,0.96,0.78,,346,1.03,0.83,
60分钟 10倍 只收高位 反着做 止损5% 止盈不设 拿12h,285,0.98,0.83,,202,0.98,0.92,,354,1.14,0.74,✔
60分钟 10倍 只收高位 反着做 止损5% 止盈不设 拿48h,261,1.27,1.02,✔,187,0.93,0.76,,312,1.18,0.94,✔
60分钟 10倍 只收高位 反着做 止损5% 止盈2% 拿12h,298,0.91,0.91,,206,0.68,0.93,,380,1.03,0.9,
60分钟 10倍 只收高位 反着做 止损5% 止盈2% 拿48h,292,0.96,0.87,,203,0.85,0.74,,367,1.1,0.95,
60分钟 10倍 只收高位 反着做 止损5% 止盈5% 拿12h,287,0.98,0.9,,204,0.8,0.81,,363,1.08,0.92,
60分钟 10倍 只收高位 反着做 止损5% 止盈5% 拿48h,274,1.09,0.81,,192,0.99,0.87,,331,1.08,0.88,
60分钟 10倍 不要确认 跟着做 原版止损 止盈1倍,742,0.77,0.84,,464,1.16,0.89,✔,971,0.9,0.88,
60分钟 10倍 不要确认 跟着做 原版止损 止盈2倍,699,0.81,0.87,,448,1.03,1.04,,909,0.91,0.88,
60分钟 10倍 不要确认 跟着做 原版止损 止盈3倍,675,0.83,0.78,,429,1.1,1.03,,859,0.94,0.83,
60分钟 10倍 不要确认 跟着做 止损3% 止盈不设 拿12h,629,0.8,0.83,,421,0.99,0.87,,791,0.77,0.86,
60分钟 10倍 不要确认 跟着做 止损3% 止盈不设 拿48h,542,0.91,1.0,,375,0.82,1.05,,641,0.9,0.89,
60分钟 10倍 不要确认 跟着做 止损3% 止盈2% 拿12h,687,0.81,0.83,,453,0.89,0.87,,893,0.76,0.86,
60分钟 10倍 不要确认 跟着做 止损3% 止盈2% 拿48h,662,0.77,0.88,,440,0.91,0.95,,855,0.79,0.89,
60分钟 10倍 不要确认 跟着做 止损3% 止盈5% 拿12h,649,0.82,0.83,,443,1.0,0.97,,831,0.81,0.85,
60分钟 10倍 不要确认 跟着做 止损3% 止盈5% 拿48h,590,0.75,0.89,,415,0.89,0.97,,741,0.84,0.91,
60分钟 10倍 不要确认 跟着做 止损5% 止盈不设 拿12h,617,0.79,0.82,,417,1.04,0.9,,760,0.76,0.89,
60分钟 10倍 不要确认 跟着做 止损5% 止盈不设 拿48h,506,0.89,0.99,,356,0.97,1.0,,574,0.94,0.92,
60分钟 10倍 不要确认 跟着做 止损5% 止盈2% 拿12h,673,0.79,0.89,,451,0.96,0.97,,862,0.77,0.91,
60分钟 10倍 不要确认 跟着做 止损5% 止盈2% 拿48h,627,0.76,0.96,,429,1.07,0.9,,799,0.8,0.93,
60分钟 10倍 不要确认 跟着做 止损5% 止盈5% 拿12h,636,0.8,0.87,,441,1.08,0.97,,796,0.81,0.84,
60分钟 10倍 不要确认 跟着做 止损5% 止盈5% 拿48h,550,0.77,0.89,,398,1.04,1.03,,675,0.87,0.91,
60分钟 10倍 不要确认 反着做 原版止损 止盈1倍,742,0.9,0.85,,466,0.68,0.8,,970,0.8,0.85,
60分钟 10倍 不要确认 反着做 原版止损 止盈2倍,711,0.97,0.87,,457,0.71,0.85,,913,0.85,0.83,
60分钟 10倍 不要确认 反着做 原版止损 止盈3倍,697,1.04,0.84,,450,0.68,0.86,,874,0.99,0.81,
60分钟 10倍 不要确认 反着做 止损3% 止盈不设 拿12h,648,0.91,0.86,,438,0.84,0.74,,789,1.08,0.87,
60分钟 10倍 不要确认 反着做 止损3% 止盈不设 拿48h,552,1.17,0.94,,389,0.89,0.84,,630,1.08,0.88,
60分钟 10倍 不要确认 反着做 止损3% 止盈2% 拿12h,686,0.89,0.86,,455,0.79,0.83,,905,0.93,0.86,
60分钟 10倍 不要确认 反着做 止损3% 止盈2% 拿48h,663,0.96,0.91,,447,0.86,0.8,,860,0.95,0.92,
60分钟 10倍 不要确认 反着做 止损3% 止盈5% 拿12h,655,0.92,0.82,,445,0.84,0.81,,833,0.94,0.84,
60分钟 10倍 不要确认 反着做 止损3% 止盈5% 拿48h,590,1.11,0.83,✔,413,0.87,0.84,,738,0.96,0.9,
60分钟 10倍 不要确认 反着做 止损5% 止盈不设 拿12h,629,0.96,0.88,,432,0.83,0.88,,755,1.14,0.95,✔
60分钟 10倍 不要确认 反着做 止损5% 止盈不设 拿48h,520,1.17,1.0,,377,0.83,0.86,,573,0.95,0.98,
60分钟 10倍 不要确认 反着做 止损5% 止盈2% 拿12h,669,0.89,0.83,,450,0.73,0.84,,868,0.95,0.94,
60分钟 10倍 不要确认 反着做 止损5% 止盈2% 拿48h,634,0.94,0.89,,432,0.85,0.87,,791,1.0,0.91,
60分钟 10倍 不要确认 反着做 止损5% 止盈5% 拿12h,637,0.96,0.82,,441,0.75,0.81,,797,1.0,0.9,
60分钟 10倍 不要确认 反着做 止损5% 止盈5% 拿48h,553,1.11,0.93,✔,398,0.84,0.88,,672,1.0,0.94,
