period,symbol,engine,side,entry_ms,exit_ms,entry,exit,net_pnl,fees,slippage,funding_cost,net_R,reason
前段,BTC,V6_TREND,long,1735909200000,1735912500000,65451.72572599064,65143.34387664879,-25.896308397358258,4.7642055982388385,2.3821027991194192,0.0,-1.381136447859107,结构止损
前段,BTC,V6_BREAKOUT,short,1735947300000,1735947900000,63420.13078054142,63539.77044648739,-10.531448502626738,3.4298021736970203,1.7149010868485102,0.0,-0.5631355667039145,V6突破失败，连续两根收回箱体
前段,BTC,V6_BREAKOUT,long,1735976700000,1735983900000,66015.19009120007,66474.95883282264,15.411748631434184,3.7665687568857,1.88328437844285,0.0,0.8249650897839855,V6持仓到期
前段,BTC,V6_BREAKOUT,long,1735990800000,1735998000000,67753.69931715346,68054.56952682366,7.268772550324327,3.3155310880960753,1.6577655440480377,0.0,0.38848430829416203,V6持仓到期
前段,BTC,V6_TREND,long,1736008500000,1736011200000,68152.77970136203,67814.1546443673,-25.490668843792204,4.510963273842584,2.255481636921292,0.0,-1.3613738510586975,结构止损
前段,BTC,V6_TREND,long,1736015400000,1736029800000,67732.51581844914,68141.03965252817,16.556297529629777,4.571030535239065,2.2855152676195325,0.0,0.8864809002094352,V6持仓到期
前段,BTC,V6_TREND,long,1736036400000,1736047500000,68050.04920639917,68763.06314952778,26.415840176581042,4.733674279024005,2.3668371395120027,0.0,1.4120475602048166,目标止盈
前段,BTC,V6_TREND,long,1736051100000,1736058300000,68771.17582511269,69134.91295192752,19.250550799457386,4.69696650013266,2.34848325006633,0.0,1.026312793512743,结构止损
前段,BTC,V6_TREND,long,1736062500000,1736070000000,69338.27903596417,70227.27598931707,27.001427406120435,3.8893813248045235,1.9446906624022617,0.0,1.4367737349390748,目标止盈
前段,BTC,V6_BREAKOUT,long,1736071200000,1736078400000,70437.6653976674,70411.5680343864,-7.948827754954451,4.394507549030519,2.1972537745152594,0.0,-0.4218289173227634,V6持仓到期
前段,BTC,V6_TREND,long,1736085300000,1736091000000,70511.02536811541,70870.17585553804,18.183026228922138,4.835439655552861,2.4177198277764305,0.0,0.9775919017534032,结构止损
前段,BTC,V6_TREND,long,1736095200000,1736107200000,70545.51834673995,70195.1858324508,-25.683010259672667,4.546731327502109,2.2733656637510546,0.0,-1.3615611700166932,结构止损
前段,BTC,V6_TREND,long,1736109000000,1736110800000,70638.06933569258,70233.05509010422,-24.704452819027992,3.9264634632302458,1.9632317316151229,0.0,-1.313035932351068,结构止损
前段,BTC,V6_BREAKOUT,short,1736177400000,1736181900000,69769.88334983317,69878.02225845706,-11.43645726518097,4.098187021696455,2.0490935108482273,0.0,-0.6093452215650192,V6突破失败，连续两根收回箱体
前段,BTC,V6_BREAKOUT,long,1736272200000,1736279100000,71684.73552957509,72435.35639226896,24.779831253865414,4.31558938283723,2.157794691418615,0.0,1.321802952700177,目标止盈
前段,BTC,V6_TREND,long,1736285700000,1736290500000,72882.35792627145,73695.04239011263,27.96343278964872,4.470299437608892,2.235149718804446,0.0,1.4879345971691194,目标止盈
前段,BTC,V6_BREAKOUT,short,1736348400000,1736355600000,70694.85089212641,70066.27362958995,22.449814007292474,4.126078482775426,2.063039241387713,0.0,1.1912314852676789,V6持仓到期
前段,BTC,V6_TREND,short,1736369400000,1736383800000,69873.71568756399,69385.62336220394,18.6761375066946,4.463811821874792,2.231905910937396,0.0,0.9887842465154917,V6持仓到期
前段,BTC,V6_TREND,short,1736385000000,1736386500000,69211.6211754784,69516.11364472983,-25.042547917202853,4.854943617912129,2.4274718089560645,0.0,-1.4100428547383526,结构止损
前段,BTC,V6_BREAKOUT,long,1736397300000,1736400900000,70666.19744853079,70401.91007087726,-16.246269495045173,3.5146401382312247,1.7573200691156123,0.0,-0.8606819307363727,V6突破失败，连续两根收回箱体
前段,BTC,V6_BREAKOUT,long,1736409600000,1736416800000,71441.46214743274,72017.22678589688,16.05229594888285,3.093471786575914,1.546735893287957,0.0,0.8517803395420743,V6持仓到期
前段,BTC,V6_TREND,long,1736434200000,1736437800000,71516.72023299364,71193.03222984362,-25.45739501362535,4.821238685924671,2.4106193429623355,0.0,-1.396798077057636,结构止损
前段,BTC,V6_BREAKOUT,short,1736444700000,1736450100000,70463.80574649124,70709.01446963732,-15.88077213192843,3.6134546695410843,1.8067273347705421,0.0,-0.8434680660927469,V6突破失败，连续两根收回箱体
前段,BTC,V6_BREAKOUT,short,1736464500000,1736471700000,70413.54469576085,70199.38875681559,3.254976025136597,3.134721012211615,1.5673605061058076,0.0,0.1731538714450244,V6持仓到期
前段,BTC,V6_TREND,short,1736525400000,1736532000000,69801.56440631213,70138.30973024917,-25.83724720717544,4.688648980883326,2.344324490441663,0.0,-1.3740093114001308,结构止损
前段,BTC,V6_BREAKOUT,short,1736565000000,1736567700000,69147.66018091081,69300.49304342434,-11.478202756003409,3.436759813298119,1.7183799066490595,0.0,-0.6119805644864417,V6突破失败，连续两根收回箱体
前段,BTC,V6_BREAKOUT,short,1736583600000,1736584500000,69171.92108433571,69430.93781963832,-17.962320462740692,3.8924850781219296,1.9462425390609648,0.0,-0.9587928823084029,V6突破失败，连续两根收回箱体
前段,BTC,V6_BREAKOUT,short,1736622900000,1736623800000,68400.65453015435,68613.61346621363,-15.047667656447503,3.67871223536751,1.839356117683755,0.0,-0.8046610907289397,V6突破失败，连续两根收回箱体
前段,BTC,V6_BREAKOUT,short,1736685000000,1736688900000,68026.94545450617,68309.82100001765,-15.053180616355437,3.0361095847188317,1.5180547923594159,0.0,-0.8061721953916219,V6突破失败，连续两根收回箱体
前段,BTC,V6_BREAKOUT,long,1736772600000,1736776500000,69257.19691206331,68965.65587853584,-20.055040767673127,3.998731948160444,1.999365974080222,0.0,-1.0756724765590855,V6突破失败，连续两根收回箱体
前段,BTC,V6_BREAKOUT,short,1736864100000,1736865300000,68389.73831237204,68593.86485185848,-15.7935569242324,3.964655735056115,1.9823278675280576,0.0,-0.848815427133656,V6突破失败，连续两根收回箱体
前段,BTC,V6_BREAKOUT,long,1736898300000,1736903400000,69016.23041958617,69808.00374250476,24.136835679891263,3.9042980460731656,1.9521490230365828,0.0,1.2992878906067122,目标止盈
前段,BTC,V6_TREND,long,1736928900000,1736935200000,71985.2640333211,72875.39218580855,29.26836276792836,3.996977813617096,1.998488906808548,0.0,1.5716895297765272,目标止盈
前段,BTC,V6_TREND,long,1736946300000,1736947500000,73566.74463810526,73254.53414557228,-24.066427884458992,4.77119372538734,2.38559686269367,0.0,-1.4232373801189684,结构止损
前段,BTC,V6_TREND,long,1736958900000,1736964300000,72275.32061735888,71927.7465380654,-25.589090225465334,4.638071550360678,2.319035775180339,0.0,-1.3733959698712088,结构止损
前段,BTC,V6_BREAKOUT,short,1736973900000,1736981100000,70465.54080363635,69690.48089389988,25.679706055339047,4.035970767301785,2.0179853836508923,0.0,1.3818177689572695,目标止盈
前段,BTC,V6_BREAKOUT,long,1737007800000,1737015000000,71226.00151867657,71650.27205682576,13.051537849536984,3.7602473313073146,1.8801236656536573,0.0,0.70048469365875,V6持仓到期
前段,BTC,V6_BREAKOUT,long,1737024900000,1737032100000,72200.33036858513,72152.10344955289,-5.80492106324863,2.8222807459709323,1.4111403729854661,0.0,-0.31114530297358234,V6持仓到期
前段,BTC,V6_TREND,long,1737043500000,1737053100000,73081.2722488413,73826.52206761658,26.166206302941436,4.793323208705982,2.396661604352991,0.0,1.4191533082475316,目标止盈
前段,BTC,V6_BREAKOUT,long,1737054000000,1737054600000,74123.17295727013,73996.2932186228,-12.437430513303312,4.248230096127794,2.124115048063897,0.0,-0.6652881701820225,V6突破失败，连续两根收回箱体
前段,BTC,V6_BREAKOUT,long,1737056100000,1737063300000,74340.1885614546,74769.17096679761,14.022499224251105,4.255765593047821,2.1278827965239104,0.0,0.7510115948656568,V6持仓到期
前段,BTC,V6_TREND,long,1737076800000,1737080100000,74164.64669963786,73832.31694805904,-25.037823981514407,4.775905726808268,2.387952863404134,0.0,-1.40079850404648,结构止损
前段,BTC,V6_TREND,long,1737102300000,1737105300000,74089.93618505106,73732.09748430115,-25.584966072334375,4.62275876037937,2.311379380189685,0.0,-1.3717871488567601,结构止损
前段,BTC,V6_TREND,long,1737111600000,1737123600000,74212.453673831,73796.98775367216,-24.56738507152173,3.9763526340946904,1.9881763170473452,0.0,-1.3206243660943981,结构止损
前段,BTC,V6_BREAKOUT,short,1737125400000,1737132600000,73396.07531187474,73282.29363699992,-0.8343577400779072,4.02819215373515,2.014096076867575,0.0,-0.04496239047064341,V6持仓到期
前段,BTC,V6_TREND,short,1737171900000,1737186300000,70488.66703589854,69915.17831301168,17.899894870543456,3.459304147654579,1.7296520738272896,0.0,0.9646820299233143,V6持仓到期
前段,BTC,V6_TREND,short,1737194400000,1737204300000,69356.61535911649,68705.82449368351,23.80473975554498,4.740181272806641,2.3700906364033205,0.0,1.407416756468539,目标止盈
前段,BTC,V6_TREND,short,1737209100000,1737223500000,68907.67113944908,69056.7903971558,-10.354920672130302,3.136504028087766,1.568252014043883,0.0,-0.555717545443854,V6持仓到期
前段,BTC,V6_TREND,short,1737240900000,1737243300000,68482.40194113756,68810.96352644156,-25.614284909250564,4.666850895319299,2.3334254476596494,0.0,-1.3760757022355397,结构止损
前段,BTC,V6_TREND,short,1737262500000,1737269400000,68495.63911055017,68461.3912909949,0.4489744192823517,4.748348437963356,2.374174218981678,0.0,0.025641530036473213,结构止损
前段,BTC,V6_TREND,long,1737331200000,1737336000000,69998.98366384115,69681.47324525722,-25.079953015647146,4.742326966390712,2.371163483195356,0.0,-1.3959316099889114,结构止损
前段,BTC,V6_BREAKOUT,short,1737342900000,1737350100000,68547.33654230635,68072.68781278367,14.60934480484652,3.4973895110054904,1.7486947555027452,0.0,0.7888500865323343,V6持仓到期
前段,BTC,V6_TREND,short,1737368100000,1737382500000,67444.79452940417,67564.18896761711,-14.132851052899504,4.752283607374267,2.3761418036871333,0.0,-0.7665454975568385,V6持仓到期
前段,BTC,V6_TREND,short,1737391500000,1737397800000,67690.98836246034,68093.30452321433,-24.14645960660516,3.750511655747785,1.8752558278738924,0.0,-1.3037557908886304,结构止损
前段,BTC,V6_BREAKOUT,short,1737417300000,1737419100000,67463.98483392285,67848.9732859739,-17.922344885705478,2.8712729115813915,1.4356364557906958,0.0,-0.9700644044888451,V6突破失败，连续两根收回箱体
前段,BTC,V6_RANGE,short,1737483600000,1737486000000,68972.95507396063,69142.88653197649,-16.783359240933727,4.726919944921593,2.3634599724607965,0.0,-1.7314964450769712,结构止损
前段,BTC,V6_BREAKOUT,long,1737488100000,1737495300000,69729.10955726192,70281.1259286827,15.34998887106733,3.0967427390957196,1.5483713695478598,0.0,0.8337697876590305,V6持仓到期
前段,BTC,V6_TREND,long,1737500700000,1737515100000,70086.24450229663,70104.16775971118,-5.6875459169168625,4.419510216916062,2.209755108458031,0.0,-0.30844987214825126,V6持仓到期
前段,BTC,V6_TREND,long,1737526800000,1737531000000,70423.4762079533,70118.22868016345,-24.101698976507603,4.707461813756283,2.3537309068781416,0.0,-1.4143769330914517,结构止损
前段,BTC,V6_TREND,long,1737533100000,1737535800000,70242.30565327886,70344.8639983282,2.5457734840103723,4.711885463008197,2.3559427315040984,0.0,0.15446483733268762,结构止损
前段,BTC,V6_TREND,long,1737539400000,1737545700000,70317.1172964575,69956.02861253456,-24.816974127432186,4.285953394138625,2.1429766970693125,0.0,-1.349625554438689,结构止损
前段,BTC,V6_BREAKOUT,short,1737583800000,1737591000000,68111.0641221574,67240.30568334501,24.8161963797549,3.1101372192486014,1.5550686096243007,0.0,1.3530071073737828,V6持仓到期
前段,BTC,V6_TREND,short,1737605400000,1737607800000,67385.02580506545,67707.84027396941,-25.313643043394674,4.6170669769648836,2.3085334884824418,0.0,-1.3766360903336796,结构止损
前段,BTC,V6_TREND,short,1737714600000,1737716400000,67306.88539527389,67608.82390024107,-24.610747965297506,4.705719652385725,2.3528598261928626,0.0,-1.4021485712104207,结构止损
前段,BTC,V6_BREAKOUT,long,1737792300000,1737794400000,68596.30001830637,68500.77255061438,-11.278001775404945,4.2377604293447595,2.1188802146723797,0.0,-0.6164717401392006,V6突破失败，连续两根收回箱体
前段,BTC,V6_TREND,long,1737806100000,1737807300000,68870.183577797,68537.22505424189,-25.060309559870102,4.52468097892862,2.26234048946431,0.0,-1.371417636192058,结构止损
前段,BTC,V6_RANGE,long,1737825900000,1737827400000,67201.15571689485,67023.67572100673,-17.25869839808457,4.659771378030795,2.3298856890153976,0.0,-1.6806533192071027,结构止损
前段,BTC,V6_RANGE,long,1737828300000,1737829500000,66724.16797735552,66564.23298147594,-16.281588036268257,4.652066534657768,2.326033267328884,0.0,-1.750051983327465,结构止损
前段,BTC,V6_BREAKOUT,short,1737864000000,1737871200000,65940.14298424419,65813.9385257242,0.3845722532844853,3.9866555064823537,1.9933277532411768,0.0,0.021172908142767177,V6持仓到期
前段,BTC,V6_TREND,short,1737883800000,1737890400000,66190.05975365602,66498.32355854496,-25.03819189099341,4.660846213564891,2.3304231067824457,0.0,-1.3873939888077578,结构止损
前段,BTC,V6_TREND,short,1737894600000,1737909000000,66016.36550487074,65435.810987112156,21.506650487711862,4.021593275355831,2.0107966376779154,0.0,1.1870855644335097,V6持仓到期
前段,BTC,V6_TREND,short,1737924600000,1737930000000,64785.634589178,65131.332387909824,-24.29892143788517,4.094273354035612,2.047136677017806,0.0,-1.3382297217636727,结构止损
前段,BTC,V6_BREAKOUT,long,1737945600000,1737950400000,66122.6341666824,66155.69548376574,1.3777310470278725,3.43946297035807,1.719731485179035,0.0,0.07606751213153913,结构止损
前段,BTC,V6_TREND,short,1738019400000,1738023000000,64413.32306548905,64756.49173504316,-24.25106734042916,4.091022110386842,2.045511055193421,0.0,-1.3387629572114823,结构止损
前段,BTC,V6_RANGE,short,1738036800000,1738039500000,66445.33675050503,66612.66255101666,-16.654429732733828,4.631504540191378,2.315752270095689,0.0,-1.715682811647695,结构止损
前段,BTC,V6_TREND,long,1738071900000,1738075800000,68221.88424942318,67909.4084939701,-24.53593642168282,4.607110948166538,2.303555474083269,0.0,-1.3920885423299678,结构止损
前段,BTC,V6_BREAKOUT,short,1738114500000,1738115100000,65617.53570042636,65774.59018848829,-10.669427708170234,3.0552294235304807,1.5276147117652403,0.0,-0.5930150977598984,V6突破失败，连续两根收回箱体
前段,BTC,V6_TREND,short,1738120200000,1738122600000,65350.99443355054,65708.48779018881,-23.901560069815076,3.953155839814559,1.9765779199072795,0.0,-1.3299460865806172,结构止损
前段,BTC,V6_TREND,short,1738137300000,1738151700000,65898.2106903684,65667.89426292492,8.055651703497322,3.66059425994032,1.83029712997016,0.0,0.4493583316923527,V6持仓到期
前段,BTC,V6_BREAKOUT,short,1738161600000,1738168800000,64739.59112553027,64154.35808428489,17.909927591448234,3.0116872084842514,1.5058436042421257,0.0,0.9982060286626115,V6持仓到期
前段,BTC,V6_BREAKOUT,short,1738172400000,1738179600000,63390.31397404002,63143.463209689915,6.764624707829858,3.862305031293165,1.9311525156465825,0.0,0.37632059295896597,V6持仓到期
前段,BTC,V6_TREND,short,1738184400000,1738188000000,63062.07704214857,62906.47302579338,8.203856031451675,4.045252549000938,2.022626274500469,0.0,0.4560641938565538,结构止损
前段,BTC,V6_BREAKOUT,short,1738191900000,1738199100000,62329.503622847944,62001.45601769369,11.295059080861861,3.345679294404812,1.672839647202406,0.0,0.6273721528628639,V6持仓到期
后段,BTC,V6_BREAKOUT,long,1738230300000,1738233900000,63822.65327200427,63581.683416307955,-17.788085329494596,3.823505204696499,1.9117526023482494,0.0,-0.9486978842397118,V6突破失败，连续两根收回箱体
后段,BTC,V6_BREAKOUT,short,1738346400000,1738351500000,62793.61434211405,62130.85321981686,24.33798186212136,4.237545558777002,2.118772779388501,0.0,1.3003387529826695,目标止盈
后段,BTC,V6_BREAKOUT,short,1738353000000,1738360200000,61686.72927918944,61472.70903492056,5.928962737901228,4.246350396373816,2.123175198186908,0.0,0.31600436643100066,V6持仓到期
后段,BTC,V6_TREND,short,1738368000000,1738371900000,61853.85770819501,61183.9800043195,26.59774125055559,4.55627855468205,2.278139277341025,0.0,1.416778222424113,目标止盈
后段,BTC,V6_TREND,short,1738378800000,1738385100000,61249.097207776016,60415.907457370806,28.069866955601363,3.632931068108385,1.8164655340541924,0.0,1.4912323419144944,目标止盈
后段,BTC,V6_TREND,short,1738391100000,1738395900000,60253.95276402213,60587.39991717703,-25.03246836649877,4.10437915998665,2.052189579993325,0.0,-1.326160281724035,结构止损
后段,BTC,V6_TREND,short,1738397100000,1738401900000,60465.74221560078,60731.63592638935,-24.910006336376586,4.830812991682204,2.415406495841102,0.0,-1.4102302382568508,结构止损
后段,BTC,V6_TREND,short,1738412700000,1738416900000,60776.43097818237,61043.996750670616,-24.86839672041617,4.81884199676659,2.409420998383295,0.0,-1.4097623695900168,结构止损
后段,BTC,V6_BREAKOUT,short,1738421400000,1738428600000,60611.71505117717,59988.27784191252,23.352206814655204,3.701196851841088,1.850598425920544,0.0,1.246406326271559,V6持仓到期
后段,BTC,V6_TREND,short,1738442400000,1738450800000,58709.5582494783,58660.3942150966,2.7975711905829708,4.242897503213146,2.121448751606573,0.0,0.14897009548197618,结构止损
后段,BTC,V6_TREND,short,1738451700000,1738466100000,58347.34875515549,57858.63667003966,21.19380819180292,3.8811790307391245,1.9405895153695623,0.0,1.128250823046558,V6持仓到期
后段,BTC,V6_TREND,short,1738481100000,1738495500000,58188.52738186085,58077.8586972472,0.279595227256036,3.235149997745364,1.617574998872682,0.0,0.014852810715324793,V6持仓到期
后段,BTC,V6_BREAKOUT,short,1738547400000,1738554600000,57043.34927627088,56549.94799404765,20.485455753702475,3.707179326719997,1.8535896633599984,0.0,1.0882092889149744,V6持仓到期
后段,BTC,V6_TREND,short,1738558200000,1738562100000,56593.07511050684,56933.23241712611,-24.52934699882822,3.777342707679571,1.8886713538397855,0.0,-1.3003718420466845,结构止损
后段,BTC,V6_TREND,short,1738591200000,1738605600000,55892.76107450836,55819.498508482,-1.9592117031311291,4.814081998614757,2.4070409993073785,0.0,-0.10809713321140661,V6持仓到期
后段,BTC,V6_TREND,short,1738609200000,1738610700000,55962.02142542531,56200.37858685567,-24.334749895342476,4.826555673605089,2.4132778368025445,0.0,-1.4235079802313542,结构止损
后段,BTC,V6_TREND,short,1738611900000,1738615800000,55971.02381137956,56274.31574288788,-25.01931810374977,4.167519246707234,2.083759623353617,0.0,-1.3330810849350583,结构止损
后段,BTC,V6_TREND,short,1738704600000,1738716900000,54660.85401271856,54526.8814497057,6.812262779624253,4.576257617297145,2.2881288086485725,0.0,0.3638809998611597,结构止损
后段,BTC,V6_TREND,short,1738719000000,1738729800000,54263.84732835326,54510.96405707942,-25.41049648080599,4.806798836204682,2.403399418102341,0.0,-1.3961582477703163,结构止损
后段,BTC,V6_TREND,short,1738765200000,1738779600000,54283.422289797,54154.44808104901,2.3044562964246578,4.777998746308463,2.3889993731542316,0.0,0.12763390004460623,V6持仓到期
后段,BTC,V6_BREAKOUT,short,1738836900000,1738840200000,54251.80673368075,54392.71841904818,-13.54547649532249,3.6992694027708795,1.8496347013854397,0.0,-0.7247222151116466,V6突破失败，连续两根收回箱体
后段,BTC,V6_BREAKOUT,long,1738916400000,1738923600000,54152.88400384129,54049.52720778422,-8.549695486800609,2.7650765107071416,1.3825382553535708,0.0,-0.4580558964077649,V6持仓到期
后段,BTC,V6_TREND,long,1739009100000,1739023500000,55001.52212516081,55154.61690736247,3.255891520711127,3.9884501259917036,1.9942250629958518,0.0,0.17458660271711052,V6持仓到期
后段,BTC,V6_TREND,long,1739029800000,1739031300000,54719.166237660844,54464.46540522524,-25.671627411409343,4.764630093996553,2.3823150469982766,0.0,-1.3858066247327279,结构止损
后段,BTC,V6_BREAKOUT,long,1739035800000,1739043000000,54883.736248757945,55460.05248701448,21.980162918090585,2.9436336896502815,1.4718168448251407,0.0,1.1812770504412058,V6持仓到期
后段,BTC,V6_TREND,long,1739052300000,1739060400000,55423.28946260688,55112.455991956434,-24.616725818009204,3.978929190125905,1.9894645950629526,0.0,-1.3200497382116916,结构止损
后段,BTC,V6_TREND,long,1739062500000,1739064600000,55237.12663144976,55299.16549039762,2.4099351100104256,4.412068077850817,2.2060340389254085,0.0,0.1295512499459574,结构止损
后段,BTC,V6_BREAKOUT,short,1739154600000,1739155500000,54170.61635992755,54405.52006877012,-14.467333854686604,2.8334977009970865,1.4167488504985433,0.0,-0.7775338069856815,V6突破失败，连续两根收回箱体
后段,BTC,V6_TREND,short,1739269200000,1739274300000,53915.850303070314,53270.42600158839,28.658858811423123,4.0765576917228445,2.0382788458614223,0.0,1.542493277315797,目标止盈
后段,BTC,V6_TREND,short,1739290200000,1739292000000,52925.35287663939,53170.639390408534,-25.59468986394221,4.78117942527702,2.39058971263851,0.0,-1.3892851326111246,结构止损
后段,BTC,V6_TREND,short,1739292900000,1739306700000,53140.625403062644,52564.634256643265,26.86112728989871,4.50655822212226,2.25327911106113,0.0,1.4452878335093353,目标止盈
后段,BTC,V6_BREAKOUT,short,1739314800000,1739321700000,51623.3871634354,51901.14063364848,-21.985130735547934,3.6816018317757244,1.8408009158878622,0.0,-1.1797333458693722,V6突破失败，连续两根收回箱体
后段,BTC,V6_TREND,short,1739329800000,1739331900000,52398.706101116644,52653.221758189895,-25.50187017037721,4.604942873863977,2.3024714369319885,0.0,-1.3714770877383191,结构止损
后段,BTC,V6_BREAKOUT,long,1739358900000,1739366100000,54367.44682108548,54415.98559035363,-2.206533953864071,2.9173858336149445,1.4586929168074723,0.0,-0.11897216807742951,V6持仓到期
后段,BTC,V6_TREND,long,1739383200000,1739392200000,54172.424393791116,53712.76749896944,-22.459370436352675,2.6112452230029164,1.3056226115014582,0.0,-1.2112372811054073,结构止损
后段,BTC,V6_TREND,long,1739393100000,1739400900000,53921.834902145776,53620.78110729046,-24.44824000142904,3.965232479432603,1.9826162397163014,0.0,-1.3214985363496508,结构止损
后段,BTC,V6_BREAKOUT,long,1739420400000,1739421000000,54087.36897170549,53897.45582124613,-17.435250989532356,3.934683071309284,1.967341535654642,0.0,-0.9447670196902155,V6突破失败，连续两根收回箱体
后段,BTC,V6_TREND,long,1739448900000,1739458500000,55062.28429828069,55095.62959300174,0.3507579446754807,4.720454956815992,2.360227478407996,0.0,0.02086800747347575,结构止损
后段,BTC,V6_TREND,long,1739465100000,1739471100000,55123.434112830204,54861.85906512691,-25.394074505366667,4.647704731698877,2.3238523658494383,0.0,-1.378425865652305,结构止损
后段,BTC,V6_TREND,long,1739472600000,1739482800000,54913.994295328135,54643.571186786474,-25.074770018596006,4.466577666983478,2.233288833491739,0.0,-1.3646204995780253,结构止损
后段,BTC,V6_TREND,long,1739509200000,1739520300000,56159.20562847219,56752.813897922424,28.239533827848906,4.598677576511477,2.2993387882557386,0.0,1.5407958259082268,目标止盈
后段,BTC,V6_TREND,long,1739524500000,1739533500000,56883.658267853745,57227.363703476294,19.430539428567393,4.030792635233093,2.0153963176165464,0.0,1.057108495798663,结构止损
后段,BTC,V6_TREND,long,1739543400000,1739557800000,57298.54907565091,57654.168285808235,15.165468915250475,4.1480797814947135,2.0740398907473567,0.0,0.8234374124207505,V6持仓到期
后段,BTC,V6_TREND,long,1739563200000,1739568000000,57092.66200693819,57274.77897181785,10.077849980576964,4.473463050979175,2.2367315254895876,0.0,0.5463521182412553,结构止损
后段,BTC,V6_TREND,long,1739570400000,1739574300000,57449.50733471627,57206.555331482195,-23.73379636784053,4.716942809971343,2.3584714049856714,0.0,-1.4247359767606413,结构止损
前段,WIF,V6_TREND,long,1735906800000,1735908900000,2.021727488220157,2.004554402134229,-25.783590590896154,2.637596471586057,4.395994119310096,0.0,-1.3751248315144615,结构止损
前段,WIF,V6_BREAKOUT,long,1735937700000,1735940400000,2.06515452506092,2.0503169679898057,-15.778014704431332,1.8186824476233234,3.0311374127055393,0.0,-0.8436694002105807,V6突破失败，连续两根收回箱体
前段,WIF,V6_BREAKOUT,short,1735958400000,1735959000000,1.9221789339044546,1.9317190851013597,-17.01140161771903,2.5044665984703673,4.1741109974506125,0.0,-0.9110612698346878,V6突破失败，连续两根收回箱体
前段,WIF,V6_RANGE,long,1735968600000,1735969200000,1.8347684637445056,1.8222329171790719,-27.340828284571568,3.2627447522000725,5.437907920333455,0.0,-1.4667688145016482,结构止损
前段,WIF,V6_RANGE,long,1735970100000,1735970400000,1.8034635559913466,1.78796647989384,-25.481646667213774,2.584775665578491,4.3079594426308185,0.0,-1.3707982087240858,结构止损
前段,WIF,V6_BREAKOUT,short,1735972800000,1735977300000,1.768040612658545,1.7201379871185905,28.66663461910058,1.6226095340754148,2.704349223459025,0.0,1.5461101481826558,目标止盈
前段,WIF,V6_TREND,short,1735984500000,1735988400000,1.6862449947706724,1.6314505659010852,31.479367575950832,1.4894411922792066,2.4824019871320115,0.0,1.692904810396799,目标止盈
前段,WIF,V6_TREND,short,1735994400000,1735995300000,1.6113008962200683,1.6277341286867222,-24.536684966662847,2.2060416528913827,3.676736088152305,0.0,-1.3153643721870945,结构止损
前段,WIF,V6_TREND,short,1735998900000,1736010300000,1.6351554515271736,1.6627492976236062,-29.60524658026197,1.7821810198997607,2.970301699832935,0.0,-1.5910040941019248,结构止损
前段,WIF,V6_TREND,short,1736016900000,1736019000000,1.7327023787430038,1.7318360275536324,2.3215041314059635,1.763477452900022,2.939129088166703,0.0,0.1251323410764747,结构止损
前段,WIF,V6_BREAKOUT,long,1736027100000,1736034000000,1.8126320233349167,1.8756513428347261,26.131442661492066,1.2987563617556028,2.164593936259338,0.0,1.4081911550976693,目标止盈
前段,WIF,V6_BREAKOUT,long,1736042400000,1736043000000,1.9235774035642983,1.9170950222832253,-12.523004271476609,2.285341691944201,3.8089028199070016,0.0,-0.6730720743299687,V6突破失败，连续两根收回箱体
前段,WIF,V6_BREAKOUT,long,1736052000000,1736056800000,1.9531489911394027,1.949295824817564,-8.964516937332906,2.078831076960561,3.464718461600936,0.0,-0.48242340058602834,V6突破失败，连续两根收回箱体
前段,WIF,V6_TREND,long,1736059200000,1736060700000,1.9687086421434787,1.9519173965431837,-25.501274234116593,2.600933608941657,4.3348893482360955,0.0,-1.373587630794255,结构止损
前段,WIF,V6_TREND,long,1736063400000,1736065200000,1.9842983344800467,2.0318030484350125,33.059628054755365,2.065158846314202,3.4419314105236705,0.0,1.785304958068276,目标止盈
前段,WIF,V6_BREAKOUT,long,1736066400000,1736067000000,2.0378922422567043,2.018064286395552,-24.660584395351297,2.2803604518745355,3.8006007531242263,0.0,-1.3272919554233102,结构止损
前段,WIF,V6_TREND,long,1736071800000,1736075400000,2.0670881559903767,2.0348731089014573,-22.309171754175566,1.4159201848366192,2.3598669747276992,0.0,-1.203728959504901,结构止损
前段,WIF,V6_TREND,long,1736078400000,1736092800000,2.0512963212867694,2.045324426191593,-6.662391288903274,1.3073076706377966,2.178846117729661,0.0,-0.3602937300733972,V6持仓到期
前段,WIF,V6_TREND,long,1736095800000,1736097300000,2.056883489889181,2.037906738719106,-24.85890195594519,2.3924396407648914,3.987399401274819,0.0,-1.345246892213289,结构止损
前段,WIF,V6_TREND,long,1736102100000,1736116500000,2.065211461045891,2.048527938882587,-9.424134796803134,0.9998089691651717,1.666348281941953,0.0,-0.5112794844170406,V6持仓到期
前段,WIF,V6_TREND,long,1736121300000,1736122500000,2.0466278099979225,2.0267742108226017,-24.45989760248948,2.2669182684357767,3.7781971140596284,0.0,-1.3282751492945624,结构止损
前段,WIF,V6_BREAKOUT,long,1736128500000,1736128800000,2.102056946835175,2.077141125609735,-23.298629689209978,1.8486411664577127,3.081068610762855,0.0,-1.268372326780245,结构止损
前段,WIF,V6_BREAKOUT,long,1736161200000,1736162100000,2.04987440120682,2.0460058611263205,-7.5557714813281525,1.7816746231118334,2.9694577051863895,0.0,-0.4123151211446575,V6突破失败，连续两根收回箱体
前段,WIF,V6_BREAKOUT,short,1736166900000,1736169300000,2.0235835826337363,2.0489600061985525,-23.01292021173053,1.7631946132259568,2.9386576887099283,0.0,-1.2567765203590802,结构止损
前段,WIF,V6_BREAKOUT,long,1736177400000,1736178000000,2.033692792702246,2.028369743625742,-8.400761943157411,1.7318598855766902,2.8864331426278174,0.0,-0.45986420720891286,V6突破失败，连续两根收回箱体
前段,WIF,V6_BREAKOUT,long,1736179200000,1736180100000,2.0368311299951767,2.036470078139608,-6.130602085199908,2.1782998308413073,3.630499718068846,0.0,-0.3358835145052244,V6突破失败，连续两根收回箱体
前段,WIF,V6_BREAKOUT,long,1736187900000,1736189100000,2.0585470264003,2.0367098023400176,-15.35408200807901,1.3289126659720945,2.2148544432868245,0.0,-0.8417497826215092,V6突破失败，连续两根收回箱体
前段,WIF,V6_BREAKOUT,short,1736218200000,1736222700000,2.042945865625489,2.069011129458103,-22.808743546880667,1.723822527675502,2.873037546125837,0.0,-1.2524099212800468,结构止损
前段,WIF,V6_RANGE,short,1736223900000,1736224500000,2.084044501112792,2.0980893091332944,-26.825489310112033,3.2461395866936638,5.41023264448944,0.0,-1.4764332902682469,结构止损
前段,WIF,V6_BREAKOUT,short,1736228100000,1736229300000,2.0355209361102364,2.0539222540070914,-10.932811793295551,1.0754092543811422,1.792348757301904,0.0,-0.6033953769525148,V6突破失败，连续两根收回箱体
前段,WIF,V6_BREAKOUT,short,1736253900000,1736257800000,2.0488105634298575,2.0477861581481425,0.6854190993035583,2.369999930707816,3.9499998845130273,0.0,0.03787197316058739,结构止损
前段,WIF,V6_BREAKOUT,long,1736281500000,1736282400000,2.100529733832593,2.0832026403531696,-12.190425838472581,1.2739188369464132,2.1231980615773556,0.0,-0.6735188724898544,V6突破失败，连续两根收回箱体
前段,WIF,V6_BREAKOUT,short,1736302200000,1736306400000,2.0181092139133563,1.9790610797562742,25.408589547462693,2.2234055792714806,3.7056759654524685,0.0,1.4055951334798236,目标止盈
前段,WIF,V6_TREND,short,1736316300000,1736319600000,1.916003202602755,1.9461155606110276,-21.843715330814348,1.394747193258286,2.324578655430477,0.0,-1.2052110970334637,结构止损
前段,WIF,V6_TREND,short,1736324400000,1736328300000,1.8938579893046728,1.8359006347736715,35.68721427083256,1.5361264740390328,2.560210790065055,0.0,1.9734756794371402,目标止盈
前段,WIF,V6_BREAKOUT,short,1736331300000,1736335500000,1.8171108468448227,1.7733510345307057,27.466533929357198,1.7895050684849687,2.982508447474948,0.0,1.5132788027751005,目标止盈
前段,WIF,V6_BREAKOUT,short,1736337300000,1736340900000,1.752806524052996,1.7089128519534296,28.271726547194017,1.7247282519062863,2.874547086510477,0.0,1.5532340438183982,目标止盈
前段,WIF,V6_BREAKOUT,short,1736342100000,1736344200000,1.696914614866398,1.7250704602990254,-21.804688226121282,1.3311873544086106,2.218645590681018,0.0,-1.1944596596598716,结构止损
前段,WIF,V6_TREND,short,1736345100000,1736346300000,1.7099373845263013,1.730631563008776,-23.059115724765633,1.8169290878092328,3.028215146348722,0.0,-1.2660125078518119,结构止损
前段,WIF,V6_TREND,short,1736347200000,1736353200000,1.7103898732321234,1.7424735635006792,-21.299606085384482,1.1733264137852784,1.9555440229754641,0.0,-1.1721928323247455,结构止损
前段,WIF,V6_TREND,short,1736354700000,1736355600000,1.7167690183223123,1.7366251529260404,-23.17611482180035,1.8919934754700147,3.1533224591166915,0.0,-1.2782732281115756,结构止损
前段,WIF,V6_TREND,short,1736357400000,1736358900000,1.7488914740526496,1.7614640318801513,-26.16754594325954,3.030075851751287,5.050126419585478,0.0,-1.4467323902226603,结构止损
前段,WIF,V6_TREND,short,1736360100000,1736369100000,1.7323262745745909,1.7538576335614824,-22.71125979119823,1.7523676004696518,2.92061266744942,0.0,-1.2590590894152844,结构止损
前段,WIF,V6_TREND,short,1736370000000,1736384400000,1.724767556448279,1.7401113949331695,-9.831938568227885,0.9785634707292771,1.6309391178821286,0.0,-0.5463494502663161,V6持仓到期
前段,WIF,V6_TREND,short,1736385900000,1736387400000,1.7381742843097043,1.7626390641555865,-22.093221081021486,1.5434850204998436,2.5724750341664064,0.0,-1.2289536792413551,结构止损
前段,WIF,V6_BREAKOUT,long,1736416200000,1736417700000,1.8362150348190172,1.8277328958940526,-9.655304053589335,1.4797298242298063,2.4662163737163443,0.0,-0.5383247218640266,V6突破失败，连续两根收回箱体
前段,WIF,V6_BREAKOUT,long,1736423100000,1736425500000,1.8717875307801661,1.9269462543437441,26.796679639729902,1.4777156434784202,2.4628594057973676,0.0,1.4955396603517914,目标止盈
前段,WIF,V6_BREAKOUT,long,1736428800000,1736435100000,1.9598521240485185,1.9676933113541677,5.846301376824774,1.5264808735149313,2.5441347891915527,0.0,0.3253733906361937,结构止损
前段,WIF,V6_TREND,long,1736437200000,1736445900000,1.9928525912011308,2.057836651107855,27.963162812074675,1.4747181849178554,2.4578636415297597,0.0,1.5553289414601876,目标止盈
前段,WIF,V6_BREAKOUT,long,1736449800000,1736450400000,2.1153217393173476,2.0921808002034377,-23.276931879299333,1.9670860567098027,3.278476761183005,0.0,-1.290913174702866,结构止损
前段,WIF,V6_TREND,long,1736452500000,1736453100000,2.073860954534101,2.0551099057880005,-24.325144559062505,2.3765324043486244,3.960887340581041,0.0,-1.352319140436838,结构止损
前段,WIF,V6_TREND,long,1736454300000,1736462400000,2.072035554172069,2.118752507798245,26.76346596011914,2.1203258040062156,3.5338763400103597,0.0,1.4916561235615047,目标止盈
前段,WIF,V6_TREND,long,1736466000000,1736469300000,2.0959814752965507,2.0615064860655594,-21.463926782754324,1.3018612934979379,2.169768822496563,0.0,-1.1929509156220302,结构止损
前段,WIF,V6_TREND,long,1736473800000,1736478900000,2.019821462729874,2.005915723692165,-26.267495357139737,3.1182913324115944,5.197152220685991,0.0,-1.4632029610802062,结构止损
前段,WIF,V6_BREAKOUT,short,1736487900000,1736491800000,1.9626382779379208,1.8937626071626896,26.439499459175302,1.2065587538690592,2.010931256448432,0.0,1.4768359747972817,目标止盈
前段,WIF,V6_RANGE,long,1736502900000,1736506200000,1.8483686827141474,1.8492928670555044,-1.1257468545146883,3.0107805682178523,5.017967613696421,0.0,-0.0627074076646738,结构止损
前段,WIF,V6_TREND,short,1736513100000,1736516400000,1.8525435513233923,1.8697692884272925,-24.156464969538117,2.3273255374338246,3.8788758957230414,0.0,-1.345744307351157,结构止损
前段,WIF,V6_TREND,short,1736520300000,1736522100000,1.848179660694303,1.8710400352502365,-22.565787424816637,1.747806472594976,2.913010787658294,0.0,-1.2603085745140046,结构止损
前段,WIF,V6_RANGE,short,1736528700000,1736529900000,1.9572553139838096,1.9733550828936937,-24.8402654942106,2.616602317900784,4.361003863167974,0.0,-1.3906252735803581,结构止损
前段,WIF,V6_RANGE,short,1736532600000,1736535900000,2.0091359801491477,1.9913033260355972,17.159590355128977,2.7064229707956975,4.510704951326163,0.0,0.9631516405616619,结构止损
前段,WIF,V6_BREAKOUT,long,1736539500000,1736540700000,1.9990364589627263,1.9720650298764828,-22.052840244395625,1.5767183239273395,2.627863873212233,0.0,-1.2355738126380333,结构止损
前段,WIF,V6_BREAKOUT,long,1736553300000,1736554800000,2.0072677234842,1.9871175749376433,-15.232097989035829,1.3754377748626188,2.292396291437698,0.0,-0.8554038218064733,V6突破失败，连续两根收回箱体
前段,WIF,V6_BREAKOUT,long,1736558400000,1736559000000,2.0103233475877555,1.9852431185443418,-22.310018677866953,1.6993762086744655,2.8322936811241095,0.0,-1.2548982441406442,结构止损
前段,WIF,V6_TREND,long,1736572800000,1736576700000,2.041780403946867,2.0178257138778126,-22.545815373766505,1.8034867015196745,3.0058111691994576,0.0,-1.2711523200590438,结构止损
前段,WIF,V6_TREND,long,1736577600000,1736578500000,2.037324732200877,2.008499181631954,-21.667818626037626,1.4900904475560248,2.483484079260042,0.0,-1.2245687639739795,结构止损
前段,WIF,V6_TREND,long,1736581200000,1736583000000,2.0125697078212634,2.038710310158004,18.993184876962765,1.8083741274977565,3.0139568791629276,0.0,1.0758806505358733,结构止损
前段,WIF,V6_TREND,long,1736584800000,1736585700000,2.0304107264189852,2.011596927318775,-23.769872354921944,2.2802411977424626,3.8004019962374382,0.0,-1.3437483419235705,结构止损
前段,WIF,V6_TREND,long,1736586600000,1736588400000,2.023133795934834,1.9969010613274498,-21.97098968430471,1.6223733877605546,2.7039556462675916,0.0,-1.245191965987758,结构止损
前段,WIF,V6_RANGE,long,1736599800000,1736600100000,1.9056860451147017,1.888718567094376,-23.902071720391703,2.361977503414952,3.936629172358254,0.0,-1.357804935551523,结构止损
前段,WIF,V6_BREAKOUT,long,1736625600000,1736631900000,1.938497138642434,1.911782989418696,-21.60778175110751,1.5184249091117836,2.530708181852973,0.0,-1.2306061912472843,结构止损
前段,WIF,V6_BREAKOUT,short,1736635200000,1736642400000,1.8804860725658068,1.8359807132373889,21.730642209055404,1.1843416868961978,1.9739028114936632,0.0,1.2404655725899467,V6持仓到期
前段,WIF,V6_TREND,short,1736644200000,1736651100000,1.8069237097178048,1.806020247862946,3.5555425778201077,0.9472515481556627,1.5787525802594378,0.0,0.20249257216598196,结构止损
前段,WIF,V6_TREND,short,1736653800000,1736656800000,1.8120581211258544,1.8298374204542696,-23.322522362308806,2.1588662611777414,3.598110435296236,0.0,-1.327742548167539,结构止损
前段,WIF,V6_TREND,short,1736658000000,1736660100000,1.8173087936024437,1.8399311194143717,-22.054080929768343,1.699599372511067,2.8326656208517784,0.0,-1.2586641139144743,结构止损
前段,WIF,V6_BREAKOUT,long,1736669100000,1736672100000,1.91757873103329,1.909470284303979,-7.5754665346846215,1.222269883469803,2.0371164724496715,0.0,-0.4333675755391486,V6突破失败，连续两根收回箱体
前段,WIF,V6_BREAKOUT,long,1736676300000,1736679900000,1.9185031959371026,1.969493268170645,25.74990175163271,1.5952070192993189,2.658678365498865,0.0,1.474265295663409,目标止盈
前段,WIF,V6_BREAKOUT,long,1736691300000,1736691600000,1.9953489280012522,1.9759875711502963,-23.262579931700515,2.155514374127457,3.5925239568790954,0.0,-1.3281866269785103,结构止损
前段,WIF,V6_BREAKOUT,long,1736702400000,1736709000000,1.9968065730047853,1.985695423582817,-13.591950807946592,1.8576731239784219,3.0961218732973705,0.0,-0.777975486762378,V6突破失败，连续两根收回箱体
前段,WIF,V6_TREND,long,1736712300000,1736719800000,1.9747555492836446,1.9474415505865974,-21.453608347890007,1.5030633721248305,2.5051056202080515,0.0,-1.2297545456231866,结构止损
前段,WIF,V6_TREND,long,1736730000000,1736736900000,1.97469117770001,1.9786521002308148,3.5995763337681352,1.8800900644869263,3.133483440811544,0.0,0.20681023323685965,结构止损
前段,WIF,V6_BREAKOUT,short,1736757900000,1736763600000,1.903034699815639,1.8432008531705129,25.32875035747059,1.3118072359965793,2.1863453933276324,0.0,1.45467517311163,目标止盈
前段,WIF,V6_TREND,short,1736771100000,1736773800000,1.8364658394615976,1.8528242949155431,-23.75960847316544,2.3625577577679513,3.937596262946586,0.0,-1.3608448384153344,结构止损
前段,WIF,V6_TREND,short,1736776500000,1736782200000,1.834805750322985,1.8707074597277276,-20.2908088598108,1.0784638774676543,1.7974397957794241,0.0,-1.1651403577819046,结构止损
前段,WIF,V6_TREND,short,1736783100000,1736792700000,1.8368014364039902,1.8753669857057138,-20.053065262314377,1.0035770033860505,1.6726283389767511,0.0,-1.1540097206682356,结构止损
前段,WIF,V6_TREND,short,1736794200000,1736796600000,1.8509863582809893,1.8692070867201827,-23.003613803892144,2.124132517990279,3.540220863317132,0.0,-1.3266779114713265,结构止损
前段,WIF,V6_TREND,short,1736805900000,1736808300000,1.816212577168799,1.8459644152361052,-20.70251902806089,1.2773963930094199,2.128993988349033,0.0,-1.196945250057902,结构止损
前段,WIF,V6_BREAKOUT,long,1736823900000,1736825700000,1.8952447030164914,1.8831737646529483,-18.994998361133053,2.3769961335740932,3.961660222623489,0.0,-1.1006927959380424,V6突破失败，连续两根收回箱体
前段,WIF,V6_BREAKOUT,short,1736828100000,1736829600000,1.8535603221877155,1.8793835304690727,-16.86840187640052,1.1882430230101064,1.9804050383501774,0.0,-0.979485532129513,V6突破失败，连续两根收回箱体
前段,WIF,V6_BREAKOUT,long,1736841300000,1736842500000,1.9219648773470943,1.8951939969718328,-21.11177459522931,1.4706401426811992,2.4510669044686657,0.0,-1.2281379660772778,结构止损
前段,WIF,V6_BREAKOUT,short,1736850000000,1736851200000,1.886226805229733,1.903411870543462,-23.201703133102395,2.2692075608958757,3.782012601493127,0.0,-1.3528308895278471,结构止损
前段,WIF,V6_BREAKOUT,long,1736861400000,1736865000000,1.926598418150649,1.9275617173597241,0.7866559802298112,1.9499367743964673,3.2498946239941127,0.0,0.04598450401349477,结构止损
前段,WIF,V6_BREAKOUT,short,1736868600000,1736869800000,1.8951518018994291,1.8995550438647175,-5.49300629987304,1.19397425254638,1.9899570875773,0.0,-0.32106969202047114,V6突破失败，连续两根收回箱体
前段,WIF,V6_BREAKOUT,short,1736920500000,1736926800000,1.8482599373951123,1.8682711350372116,-12.156684512389704,1.044332603142732,1.74055433857122,0.0,-0.7109939200442342,V6突破失败，连续两根收回箱体
前段,WIF,V6_BREAKOUT,long,1736929800000,1736930400000,1.905062471447304,1.884556211078672,-19.413589539734993,1.6613715474508275,2.7689525790847127,0.0,-1.1369357797074384,V6突破失败，连续两根收回箱体
前段,WIF,V6_BREAKOUT,short,1736950800000,1736951400000,1.8503384996162626,1.8690881796989067,-20.765412079702603,1.8761062988249937,3.12684383137499,0.0,-1.218701771178307,V6突破失败，连续两根收回箱体
前段,WIF,V6_BREAKOUT,long,1736959200000,1736961600000,1.9259638457059411,1.9104800926528747,-15.314348490757176,1.6303524360513066,2.7172540600855113,0.0,-0.9008426532817447,V6突破失败，连续两根收回箱体
前段,WIF,V6_BREAKOUT,short,1736964600000,1736965500000,1.8713103548750134,1.8906878665132771,-22.24307565643766,1.9769115378245656,3.2948525630409433,0.0,-1.3106279725997163,结构止损
前段,WIF,V6_BREAKOUT,long,1736972100000,1736973000000,1.9105405587900994,1.8820667331682421,-16.2134804102,1.0681147969057423,1.7801913281762372,0.0,-0.9576998196264185,V6突破失败，连续两根收回箱体
前段,WIF,V6_BREAKOUT,short,1736989200000,1736989800000,1.835684375443698,1.845701093290351,-14.921082418970107,2.0719361984411107,3.4532269974018512,0.0,-0.8829457933710807,V6突破失败，连续两根收回箱体
前段,WIF,V6_BREAKOUT,short,1737021300000,1737022800000,1.8557225669180302,1.884649257552999,-15.0827474709818,0.969573296095543,1.615955493492572,0.0,-0.893992247559902,V6突破失败，连续两根收回箱体
前段,WIF,V6_BREAKOUT,long,1737042900000,1737043800000,1.8995287042355953,1.877077064830618,-21.376010684526214,1.6998983822335012,2.833163970389169,0.0,-1.269137104935259,结构止损
前段,WIF,V6_BREAKOUT,short,1737047400000,1737052500000,1.8265421068100534,1.7759564593474455,23.82272924349884,1.439522702790059,2.3992045046500987,0.0,1.4177775366286565,目标止盈
前段,WIF,V6_BREAKOUT,short,1737053700000,1737057900000,1.7520196486870743,1.7000082865923936,25.097174469447154,1.3448253205219949,2.241375534203325,0.0,1.489664398100291,目标止盈
前段,WIF,V6_BREAKOUT,short,1737060000000,1737066000000,1.6755313645791725,1.6030532513913203,24.472050149755653,0.9211990635377443,1.5353317725629072,0.0,1.4485137321461188,目标止盈
前段,WIF,V6_TREND,short,1737080400000,1737083700000,1.5381756510275075,1.4943372479907566,26.43133476506945,1.55086884489056,2.584781408150934,0.0,1.5602472618215397,目标止盈
前段,WIF,V6_TREND,short,1737085800000,1737090600000,1.519876606770024,1.4673325283503087,26.98615913440924,1.2791882172393105,2.131980362065518,0.0,1.5883519953063159,目标止盈
前段,WIF,V6_BREAKOUT,short,1737091500000,1737098700000,1.4558138589834893,1.4401985280966128,9.51245977595437,1.5051316415074025,2.508552735845671,0.0,0.5582221086820839,V6持仓到期
前段,WIF,V6_TREND,short,1737102000000,1737113400000,1.4196001894497527,1.360812054568095,28.553358450897335,1.068636011772842,1.7810600196214033,0.0,1.673852068199605,目标止盈
前段,WIF,V6_BREAKOUT,short,1737114300000,1737117900000,1.3460485115009502,1.3546227758985154,-11.038486695719367,1.3870744458833277,2.31179074313888,0.0,-0.6450724993614786,V6突破失败，连续两根收回箱体
前段,WIF,V6_TREND,short,1737119700000,1737122400000,1.3519175471223626,1.3269834707826231,25.24921233767433,2.4274161113918247,4.045693518986375,0.0,1.4773126799336096,目标止盈
前段,WIF,V6_TREND,short,1737125700000,1737129000000,1.3349709215753796,1.3039211541140956,26.37535726149334,1.9264261837539447,3.2107103062565745,0.0,1.538939780274346,目标止盈
前段,WIF,V6_TREND,short,1737132600000,1737133500000,1.3171686845429869,1.333497282691578,-21.652416510663052,1.6741155636073466,2.7901926060122446,0.0,-1.259732373164025,结构止损
前段,WIF,V6_TREND,short,1737134700000,1737139500000,1.3328631101895407,1.3534583321855729,-20.726105053944362,1.3419731226969,2.2366218711615002,0.0,-1.2086947306821092,结构止损
前段,WIF,V6_TREND,short,1737144900000,1737150600000,1.3985958671180259,1.3946924499904723,5.277149056507199,1.1154351217868552,1.8590585363114256,0.0,0.3084492046007355,结构止损
前段,WIF,V6_BREAKOUT,short,1737156600000,1737158400000,1.3409409012275706,1.353707543303845,-22.899666380536186,2.167921167354531,3.613201945590885,0.0,-1.3377111604987073,结构止损
前段,WIF,V6_TREND,short,1737160200000,1737164400000,1.3481444976563537,1.3651908820312055,-21.424385201559502,1.6307920531620879,2.7179867552701467,0.0,-1.2546778549652309,结构止损
前段,WIF,V6_BREAKOUT,long,1737179700000,1737180300000,1.3844551050988925,1.36999929009371,-22.229008570454273,1.947589837342474,3.2459830622374573,0.0,-1.304868804057617,结构止损
前段,WIF,V6_BREAKOUT,short,1737182400000,1737184500000,1.3343913800716718,1.3461219484513793,-10.6687749958906,1.0711192162067456,1.7851986936779094,0.0,-0.6278055787212445,V6突破失败，连续两根收回箱体
前段,WIF,V6_BREAKOUT,long,1737190200000,1737197400000,1.3787166869425143,1.3569315210919037,-20.384088732995497,1.278876152365521,2.131460253942535,0.0,-1.2009182377986072,结构止损
前段,WIF,V6_BREAKOUT,long,1737210900000,1737211800000,1.3888581639237294,1.3728845245509074,-17.32199612867141,1.4075488290658935,2.345914715109823,0.0,-1.0228197121117915,V6突破失败，连续两根收回箱体
前段,WIF,V6_BREAKOUT,short,1737230700000,1737232200000,1.3627015469026937,1.3746655097096818,-14.01558044901502,1.40845722571872,2.3474287095312003,0.0,-0.8291744753314757,V6突破失败，连续两根收回箱体
前段,WIF,V6_BREAKOUT,short,1737255600000,1737256500000,1.3713692342261947,1.3809880664213525,-9.891933321323924,1.1649534623460205,1.9415891039100344,0.0,-0.5861270170246548,V6突破失败，连续两根收回箱体
前段,WIF,V6_BREAKOUT,short,1737268800000,1737269400000,1.3715205358516906,1.385566913521168,-13.13678551947945,1.177369833748378,1.9622830562472968,0.0,-0.7792507274065423,V6突破失败，连续两根收回箱体
前段,WIF,V6_BREAKOUT,short,1737290100000,1737297000000,1.3787446447127065,1.346461803868554,23.974381274482603,1.7083234715000648,2.847205785833442,0.0,1.424198501086274,目标止盈
前段,WIF,V6_RANGE,long,1737299400000,1737300900000,1.3318596036290464,1.3344073449103708,2.9732996824921014,2.4125533866950932,4.02092231115849,0.0,0.17615850617316736,结构止损
前段,WIF,V6_RANGE,long,1737302400000,1737303600000,1.324151364959687,1.3137622551576715,-23.74343658520366,2.5722428726272213,4.287071454378703,0.0,-1.406258271653744,结构止损
前段,WIF,V6_RANGE,long,1737305700000,1737306900000,1.3018315378301946,1.2923668093800114,-24.22454141463719,2.7693517875137657,4.615586312522944,0.0,-1.4385458470766783,结构止损
前段,WIF,V6_BREAKOUT,short,1737308400000,1737315600000,1.280593482837326,1.2775915949998917,-0.8911525764175585,1.2535094811909047,2.089182468651508,0.0,-0.05306317155118932,V6持仓到期
前段,WIF,V6_TREND,short,1737317400000,1737322500000,1.260837941949869,1.2205114897184095,25.751914595414565,1.368441051848908,2.280735086414847,0.0,1.533535633821502,目标止盈
前段,WIF,V6_TREND,short,1737327000000,1737335100000,1.2364861776693767,1.2295203406265294,6.872151266028352,1.6168518465172022,2.69475307752867,0.0,0.4080656978977731,结构止损
前段,WIF,V6_TREND,short,1737336900000,1737337500000,1.2212454214463997,1.230752789247217,-23.8083209496412,2.6079897891689066,4.346649648614845,0.0,-1.4126480871785072,结构止损
前段,WIF,V6_TREND,short,1737341400000,1737346500000,1.251464055698053,1.267127894818505,-21.13340760526306,1.621637510694818,2.7027291844913637,0.0,-1.2572643328266135,结构止损
前段,WIF,V6_TREND,short,1737347400000,1737348600000,1.260991501171736,1.2735923983449937,-22.166300215803123,2.0238316668697918,3.3730527781163198,0.0,-1.3218290081624693,结构止损
前段,WIF,V6_BREAKOUT,long,1737352500000,1737358500000,1.305671624473741,1.3422093264664015,23.36093487354703,1.450982331498182,2.418303885830303,0.0,1.3965291024373852,目标止盈
前段,WIF,V6_TREND,long,1737386700000,1737390600000,1.3825101456068918,1.3922985558318253,8.329307138452968,1.8179130429060781,3.0298550715101302,0.0,0.49662998585698537,结构止损
前段,WIF,V6_TREND,long,1737391500000,1737399900000,1.4108432594103635,1.438374981444303,19.27357394257874,1.148934707890645,1.9148911798177415,0.0,1.1481062920074816,结构止损
前段,WIF,V6_TREND,long,1737402000000,1737415500000,1.4589237587536392,1.5122673570926644,28.399407540523455,1.233711463054229,2.056185771757048,0.0,1.688088542214248,目标止盈
前段,WIF,V6_BREAKOUT,long,1737418500000,1737425100000,1.5302280269162518,1.5489296219050501,18.801588193880132,1.6710413960508794,2.785068993418133,0.0,1.114058598780223,结构止损
前段,WIF,V6_TREND,long,1737428100000,1737428700000,1.5447386729599413,1.528315461115191,-21.975110078089457,1.8986989118475932,3.164498186412656,0.0,-1.2993864209388437,结构止损
前段,WIF,V6_TREND,long,1737435900000,1737437100000,1.4724411332405931,1.45614181465085,-21.720706028165544,1.8187486423997803,3.0312477373329676,0.0,-1.2874802827386274,结构止损
前段,WIF,V6_BREAKOUT,short,1737456900000,1737459000000,1.412014814340807,1.4253464430779477,-16.583288047282164,1.5797115365385002,2.6328525608975006,0.0,-0.9853419178979937,V6突破失败，连续两根收回箱体
前段,WIF,V6_BREAKOUT,short,1737464700000,1737469500000,1.3605234673305486,1.3382527335317753,17.69150145489659,1.2189317395223411,2.031552899203902,0.0,1.0531351662785806,结构止损
前段,WIF,V6_BREAKOUT,short,1737472800000,1737480000000,1.2976035967704198,1.2927779895048168,0.6801967832393405,1.5524032504413152,2.5873387507355257,0.0,0.04041078357286362,V6持仓到期
前段,WIF,V6_TREND,short,1737485400000,1737488400000,1.2932470683401232,1.2564398965151042,27.701614131836322,1.5423436872904046,2.5705728121506746,0.0,1.6456401247356742,目标止盈
前段,WIF,V6_TREND,short,1737494700000,1737506100000,1.2365273450073162,1.2263032202178625,9.098058329870675,1.4054769063839991,2.3424615106399993,0.0,0.5388160505205872,结构止损
前段,WIF,V6_TREND,short,1737507300000,1737521700000,1.2161704147888612,1.2084043978319714,3.3893939780968076,1.2686101427401115,2.114350237900186,0.0,0.20052813896179042,V6持仓到期
前段,WIF,V6_TREND,short,1737525900000,1737532800000,1.1984207596160783,1.218745138697697,-20.12619545744552,1.206564136549893,2.010940227583155,0.0,-1.1902870154985326,结构止损
前段,WIF,V6_TREND,short,1737534600000,1737540000000,1.2145754842376695,1.2327592503200424,-20.50398606856913,1.3623868469022662,2.2706447448371105,0.0,-1.2153423860356514,结构止损
前段,WIF,V6_BREAKOUT,short,1737549600000,1737550500000,1.216229346459956,1.2323066262352464,-20.934198903622498,1.5381335252517394,2.5635558754195658,0.0,-1.2436766425084846,结构止损
前段,WIF,V6_TREND,short,1737557100000,1737557400000,1.2094237421403813,1.2207072660592286,-22.580076536505633,2.1700569961870246,3.6167616603117083,0.0,-1.3445917818833828,结构止损
前段,WIF,V6_TREND,short,1737558600000,1737559500000,1.2148475921218613,1.226977694525384,-22.14613544539751,2.0232057033362065,3.372009505560345,0.0,-1.3220847053608527,结构止损
前段,WIF,V6_TREND,short,1737561300000,1737564300000,1.2293121029748286,1.2407887768227377,-22.463522542216165,2.1577973661282495,3.5963289435470824,0.0,-1.3443647053188803,结构止损
前段,WIF,V6_BREAKOUT,short,1737599100000,1737603600000,1.1722223610535691,1.169156716621517,4.785630168423708,1.4898954271913343,2.4831590453188905,0.0,0.28712729330269454,结构止损
前段,WIF,V6_TREND,short,1737608400000,1737619500000,1.1541057430323873,1.1057225613188184,28.367273425586337,1.0314845074706032,1.7191408457843385,0.0,1.7010582782108266,目标止盈
前段,WIF,V6_TREND,short,1737621000000,1737629100000,1.0969327438061072,1.0730249147277366,20.982187518141274,0.9990122244530004,1.6650203740883343,0.0,1.2542074926346287,结构止损
前段,WIF,V6_TREND,short,1737630000000,1737638400000,1.065937310309862,1.060196859226556,6.7549277725930565,1.8202647260876343,3.033774543479391,0.0,0.40282761190447186,结构止损
前段,WIF,V6_TREND,short,1737645900000,1737648600000,1.0756730817708129,1.0743672199169814,1.9213511668667276,2.18805137318816,3.646752288646934,0.0,0.1144925876355722,结构止损
前段,WIF,V6_TREND,short,1737649800000,1737651300000,1.076488596603366,1.0602094545648895,24.166770068478446,2.9110906579224824,4.851817763204139,0.0,1.4397795839155616,目标止盈
前段,WIF,V6_BREAKOUT,long,1737662100000,1737664500000,1.121369614034398,1.135401635532739,17.335708907970886,1.6270034901879056,2.7116724836465096,0.0,1.0300259610149134,结构止损
前段,WIF,V6_BREAKOUT,long,1737666600000,1737670800000,1.1516307735394717,1.1542841618433306,4.456202427528844,1.4717695994385078,2.4529493323975133,0.0,0.2642612788735597,结构止损
前段,WIF,V6_BREAKOUT,short,1737693900000,1737695400000,1.1479101125810955,1.1591361323313134,-22.41871693264715,2.0803109843976575,3.467184973996096,0.0,-1.3288141366211492,结构止损
前段,WIF,V6_BREAKOUT,short,1737708900000,1737712500000,1.1397033193109614,1.134973291439343,6.1013283728008725,1.834481130020019,3.0574685500333656,0.0,0.36254447578774823,结构止损
前段,WIF,V6_BREAKOUT,short,1737719700000,1737720300000,1.132978805703153,1.137412535697225,-9.578695163303086,1.6176364779128807,2.696060796521468,0.0,-0.5687849867840358,V6突破失败，连续两根收回箱体
前段,WIF,V6_BREAKOUT,long,1737765300000,1737766500000,1.1692414292453253,1.1588407021742535,-12.272758981113746,1.2136209122521588,2.022701520420265,0.0,-0.7295371087091811,V6突破失败，连续两根收回箱体
前段,WIF,V6_RANGE,short,1737767700000,1737768600000,1.1745666183222512,1.1826362621678483,-24.651340438703873,2.9443822666953627,4.907303777825605,0.0,-1.4673718792238795,结构止损
前段,WIF,V6_RANGE,short,1737769800000,1737772200000,1.182725326930437,1.1549044599740084,48.137826133252354,3.1401897864363115,5.23364964406052,0.0,2.87331114507993,目标止盈
前段,WIF,V6_BREAKOUT,long,1737790200000,1737795000000,1.190707377712476,1.184422231754636,-10.728073863347722,1.5158952816484044,2.5264921360806745,0.0,-0.6369193967015014,V6突破失败，连续两根收回箱体
前段,WIF,V6_TREND,long,1737796200000,1737810600000,1.1992848991781482,1.1983423838932215,-4.572892217381592,1.3766146892781117,2.2943578154635196,0.0,-0.2718145122182799,V6持仓到期
前段,WIF,V6_TREND,long,1737817200000,1737823200000,1.2203999987610772,1.1986670650292497,-19.809654956738214,1.122994767479776,1.8716579457996267,0.0,-1.1780941013221897,结构止损
前段,WIF,V6_TREND,long,1737826500000,1737828000000,1.2020527592640449,1.1848806972186479,-20.509281326478618,1.3992833197738823,2.332138866289804,0.0,-1.2224015683309286,结构止损
前段,WIF,V6_BREAKOUT,short,1737833700000,1737837600000,1.1833992168402188,1.1520994837724294,24.12495945958861,1.5020661380712939,2.503443563452157,0.0,1.4412077704012185,目标止盈
前段,WIF,V6_RANGE,long,1737838500000,1737843000000,1.1511934849257424,1.154922232705599,5.596716229825945,2.3701687704899377,3.9502812841498964,0.0,0.3334427618156367,结构止损
前段,WIF,V6_TREND,short,1737871500000,1737874500000,1.1141950223384476,1.1350229632237319,-19.697073692370378,1.0882279921968525,1.8137133203280877,0.0,-1.1727846644428561,结构止损
前段,WIF,V6_TREND,short,1737878400000,1737879600000,1.1246517201017756,1.1398469652525736,-20.754073793932218,1.49845253522249,2.4974208920374834,0.0,-1.2384428721360043,结构止损
前段,WIF,V6_TREND,short,1737881100000,1737882000000,1.1266819039995308,1.1414220443640524,-20.83551101755895,1.5435842022188735,2.572640337031456,0.0,-1.2461961845435607,结构止损
前段,WIF,V6_BREAKOUT,short,1737887100000,1737888000000,1.1118062417863288,1.12611356464176,-20.854752878700545,1.5654498688311913,2.6090831147186524,0.0,-1.250268462273898,结构止损
前段,WIF,V6_TREND,short,1737890400000,1737893400000,1.116981846035205,1.1315805721298238,-20.74214254927519,1.5378844934145206,2.5631408223575347,0.0,-1.2464393020148652,结构止损
前段,WIF,V6_BREAKOUT,long,1737926100000,1737927900000,1.1347505598517786,1.1249310723836574,-16.946030053484474,1.7101315368292527,2.8502192280487546,0.0,-1.0207083280963514,V6突破失败，连续两根收回箱体
前段,WIF,V6_BREAKOUT,short,1737937200000,1737944400000,1.1066087779956186,1.0723629530306866,22.485237169496486,1.07435736332389,1.7905956055398167,0.0,1.3569477339419693,V6持仓到期
前段,WIF,V6_BREAKOUT,short,1737946500000,1737951300000,1.0603602166887436,1.0478474385501895,15.971480305522084,1.677080693036455,2.7951344883940923,0.0,0.9614069458505042,结构止损
前段,WIF,V6_TREND,short,1737952800000,1737956400000,1.0342431540985333,1.0161924361875834,19.023097244985962,1.2452935572297448,2.0754892620495746,0.0,1.1430392463317545,结构止损
前段,WIF,V6_BREAKOUT,short,1737958500000,1737963600000,1.0006422681749878,0.9664556380313727,24.1855014213685,1.1552518918697867,1.9254198197829777,0.0,1.4501242881414842,目标止盈
前段,WIF,V6_BREAKOUT,short,1737964800000,1737965100000,0.9560156558220742,0.9647220700955316,-22.626642935677147,2.2136507092646682,3.6894178487744473,0.0,-1.3529788802764808,结构止损
前段,WIF,V6_TREND,short,1737966600000,1737969600000,0.959412953876384,0.9714546221625058,-20.960834234561734,1.6048818046605369,2.6748030077675615,0.0,-1.2565581486099233,结构止损
前段,WIF,V6_TREND,short,1737970800000,1737971700000,0.9695736482580557,0.9809234581029337,-21.217766085305918,1.7159693352607819,2.8599488921013037,0.0,-1.2749645511978294,结构止损
前段,WIF,V6_TREND,short,1737973200000,1737987600000,0.9694995113590896,0.9585211555470597,8.996154225091825,1.3184053682254355,2.197342280375726,0.0,0.5418696090402809,V6持仓到期
前段,WIF,V6_TREND,short,1737995400000,1737999300000,0.9657197719319915,0.9511234834031254,18.91203859022186,1.4377477538247099,2.396246256374517,0.0,1.1379815627258543,结构止损
前段,WIF,V6_TREND,short,1738002300000,1738007100000,0.9575600007935051,0.9513704537425571,8.320261426896685,1.5204071376362878,2.53401189606048,0.0,0.4995836067167928,结构止损
前段,WIF,V6_TREND,short,1738008600000,1738009500000,0.9534532815661001,0.9630991562365744,-21.969487924863824,1.987310634984672,3.31218439164112,0.0,-1.3179062558080596,结构止损
前段,WIF,V6_TREND,short,1738011900000,1738012800000,0.9550927282954176,0.9692253833582456,-20.25151372660473,1.3585176068346818,2.2641960113911366,0.0,-1.2178577885725146,结构止损
前段,WIF,V6_BREAKOUT,short,1738027500000,1738028100000,0.9595108189003329,0.970730443474737,-21.15772668315133,1.712586811128676,2.854311351881127,0.0,-1.2752664315386972,结构止损
前段,WIF,V6_BREAKOUT,short,1738038000000,1738043100000,0.9658477023006606,0.9653647784495104,1.1512747000080852,1.6682496121385713,2.7804160202309522,0.0,0.06955855989830909,结构止损
前段,WIF,V6_BREAKOUT,short,1738156500000,1738158600000,0.9670214113226464,0.9716963684354705,-12.625748165566948,1.888496312146868,3.147493853578114,0.0,-0.7627322430853447,V6突破失败，连续两根收回箱体
前段,WIF,V6_RANGE,short,1738169700000,1738172100000,0.9971297707300196,0.9933461019132729,5.0405855389316585,2.555055462936941,4.258425771561569,0.0,0.3049421874844431,结构止损
前段,WIF,V6_BREAKOUT,short,1738182600000,1738189800000,0.9729454245731624,0.9728638379819101,-2.791492394405534,1.0749804428519172,1.791634071419862,0.0,-0.16878145522566967,V6持仓到期
前段,WIF,V6_RANGE,short,1738198200000,1738198800000,1.0049401983879307,1.0122430924712373,-23.8409526731471,2.7401596794894103,4.566932799149018,0.0,-1.4419471552726268,结构止损
前段,WIF,V6_BREAKOUT,long,1738207500000,1738210800000,1.0565747563464774,1.0594112444222348,3.835810514806731,1.6435968047690102,2.7393280079483504,0.0,0.23262621534937605,结构止损
前段,WIF,V6_TREND,long,1738212000000,1738214100000,1.0647331015482577,1.085103436409672,25.458041694414508,2.29527290899393,3.8254548483232176,0.0,1.5432529523836844,目标止盈
后段,WIF,V6_TREND,long,1738217100000,1738221000000,1.0839256500814063,1.1070316681154826,31.50571819954589,2.344747895302135,3.9079131588368923,0.0,1.6803049706424473,目标止盈
后段,WIF,V6_TREND,long,1738227300000,1738228800000,1.1259590634685688,1.1098889520399517,-22.996148510845533,1.5701532334580184,2.6169220557633643,0.0,-1.2226093353928595,结构止损
后段,WIF,V6_TREND,long,1738232700000,1738239000000,1.1046455558887982,1.1308860841545225,30.03762432598655,2.1069647383594665,3.5116078972657787,0.0,1.600644551083854,目标止盈
后段,WIF,V6_TREND,long,1738240800000,1738251300000,1.1264781858040391,1.1036167525892702,-21.7600069362492,1.1016491053018758,1.8360818421697929,0.0,-1.156077349477993,结构止损
后段,WIF,V6_TREND,long,1738253700000,1738258200000,1.1153079413289761,1.1400087600769824,29.35790901656766,2.260040054287556,3.766733423812593,0.0,1.5631310901464344,目标止盈
后段,WIF,V6_TREND,long,1738265400000,1738267800000,1.11885546790296,1.1194148956369114,1.1285341381033276,2.177322186453791,3.6288703107563185,0.0,0.059912022760756696,结构止损
后段,WIF,V6_TREND,long,1738269000000,1738273500000,1.1194757804363382,1.1059177743343458,-23.78607748359198,1.8552897850893395,3.092149641815566,0.0,-1.2626219269151857,结构止损
后段,WIF,V6_TREND,long,1738275000000,1738281300000,1.1112088067343935,1.0982947203275002,-23.93887025594706,1.929311660453144,3.2155194340885735,0.0,-1.2737480245921233,结构止损
后段,WIF,V6_BREAKOUT,long,1738302600000,1738304100000,1.122886893056587,1.1141220231517073,-17.58313685829541,1.9118615872655922,3.1864359787759873,0.0,-0.9378096240991941,V6突破失败，连续两根收回箱体
后段,WIF,V6_BREAKOUT,short,1738340100000,1738341900000,1.0458167044076188,1.050218633613244,-10.596613576515207,1.718313270912098,2.8638554515201635,0.0,-0.5661737876143346,V6突破失败，连续两根收回箱体
后段,WIF,V6_BREAKOUT,short,1738346100000,1738348800000,1.0109802066300482,1.0221887141972585,-24.122590662098133,2.0348527179329845,3.3914211965549743,0.0,-1.2902322413414165,结构止损
后段,WIF,V6_TREND,short,1738350600000,1738359600000,1.0229589957112488,0.9904304164471563,30.559703424972074,1.527684203536747,2.546140339227912,0.0,1.6384945073180945,目标止盈
后段,WIF,V6_TREND,short,1738364400000,1738365900000,0.9911227100329932,1.0041085127503366,-23.307569901395052,1.724693837757935,2.874489729596559,0.0,-1.245835396235437,结构止损
后段,WIF,V6_TREND,short,1738368300000,1738371600000,0.9971188434255507,1.006968374913635,-24.741019291326403,2.2786254940691095,3.79770915678185,0.0,-1.325552494879773,结构止损
后段,WIF,V6_TREND,short,1738372500000,1738375200000,1.000895484794551,1.0003950370521537,1.0981257782299485,2.2716079562059055,3.786013260343176,0.0,0.058981005763704776,结构止损
后段,WIF,V6_TREND,short,1738379100000,1738381200000,0.9972708410357669,1.0079038193214798,-24.238657788915475,2.1068638401664095,3.5114397336106826,0.0,-1.3017291459047218,结构止损
后段,WIF,V6_TREND,short,1738382100000,1738386300000,1.0007375569668948,1.0121827898160445,-23.801859569572056,1.9601073141704575,3.2668455236174294,0.0,-1.281398604755515,结构止损
后段,WIF,V6_TREND,short,1738387500000,1738387800000,1.0144122872256707,1.0215258048514273,-27.015868934989822,3.1820965087119752,5.303494181186625,0.0,-1.457931099450516,结构止损
后段,WIF,V6_TREND,short,1738388700000,1738390200000,1.0113042410433744,1.0249495133393733,-22.89190072755779,1.6546039637698782,2.757673272949797,0.0,-1.238764455288129,结构止损
后段,WIF,V6_BREAKOUT,short,1738394100000,1738399200000,1.0052147889408287,1.0086738772505504,-13.290138131781,2.403557792004158,4.005929653340264,0.0,-0.7208522828573792,V6突破失败，连续两根收回箱体
后段,WIF,V6_BREAKOUT,short,1738401300000,1738405800000,0.9968654038834496,1.00430827869759,-13.513095757638386,1.5242468667846787,2.5404114446411312,0.0,-0.7339374121610763,V6突破失败，连续两根收回箱体
后段,WIF,V6_TREND,short,1738407900000,1738408500000,0.993325080459281,1.0014081818025937,-25.646243467508633,2.7224243827790056,4.537373971298344,0.0,-1.394845132340132,结构止损
后段,WIF,V6_TREND,short,1738410000000,1738412400000,0.993465436442213,0.9858810629451551,19.41055247232906,3.1540968069314896,5.256828011552483,0.0,1.058467287071573,结构止损
后段,WIF,V6_BREAKOUT,short,1738421400000,1738422300000,0.9837049170633119,0.9881455677834841,-11.072574584837286,1.7246902300351694,2.874483716725283,0.0,-0.6025971869470744,V6突破失败，连续两根收回箱体
后段,WIF,V6_TREND,short,1738427700000,1738428600000,0.9737182955640106,0.9835347701222408,-24.20919516173371,2.1957011423493604,3.6595019039156016,0.0,-1.3190152316416326,结构止损
后段,WIF,V6_BREAKOUT,short,1738431600000,1738432800000,0.9532817071766098,0.9655588538949963,-22.8870296822528,1.7169111778921116,2.861518629820186,0.0,-1.250069903711149,结构止损
后段,WIF,V6_BREAKOUT,long,1738460700000,1738462500000,0.9722871294178349,0.9715778301097957,-6.295933406446872,1.9225288171376953,3.2042146952294925,0.0,-0.3446863789990546,V6突破失败，连续两根收回箱体
后段,WIF,V6_BREAKOUT,long,1738476900000,1738477500000,0.9922229868816177,0.985573644784348,-10.496790065778278,1.2692625093730001,2.115437515621667,0.0,-0.5750442656529454,V6突破失败，连续两根收回箱体
后段,WIF,V6_BREAKOUT,long,1738503600000,1738506300000,0.9904537636319536,0.9788722379346351,-18.547012479164167,1.4875375360222076,2.4792292267036795,0.0,-1.017155243224301,V6突破失败，连续两根收回箱体
后段,WIF,V6_BREAKOUT,short,1738509900000,1738510500000,0.9655239005310627,0.972913650691503,-15.557387511206443,1.7246957295199408,2.874492882533235,0.0,-0.8548285331584607,V6突破失败，连续两根收回箱体
后段,WIF,V6_BREAKOUT,long,1738514100000,1738518000000,0.9853398728168893,0.9903978685885017,6.548837180424498,2.0213297891880693,3.3688829819801165,0.0,0.3604152682025669,结构止损
后段,WIF,V6_BREAKOUT,short,1738527300000,1738530300000,0.9564332410464871,0.9672006429392157,-17.756314550661262,1.4802216762870273,2.467036127145046,0.0,-0.9765588715806203,V6突破失败，连续两根收回箱体
后段,WIF,V6_BREAKOUT,short,1738561200000,1738568400000,0.9665946077698081,0.9423485526113158,21.475543097606543,1.319490561929404,2.199150936549007,0.0,1.1832750256377331,V6持仓到期
后段,WIF,V6_BREAKOUT,long,1738573800000,1738575000000,0.9696381462387768,0.9648250329469391,-12.347563114351408,1.8122259391820412,3.0203765653034025,0.0,-0.6788288968671786,V6突破失败，连续两根收回箱体
后段,WIF,V6_BREAKOUT,long,1738579500000,1738580400000,0.9681168920813705,0.9631253149133334,-13.476021292671064,1.9322095711428071,3.2203492852380124,0.0,-0.7418120420780062,V6突破失败，连续两根收回箱体
后段,WIF,V6_BREAKOUT,short,1738599600000,1738603200000,0.9340294385416277,0.9069539956738342,25.393952827156557,1.4843528144841796,2.4739213574736327,0.0,1.3998031893862803,目标止盈
后段,WIF,V6_TREND,short,1738611300000,1738614000000,0.8934757468575351,0.8748276660088656,28.434355018052187,2.2799610335154545,3.799935055859091,0.0,1.5632976758311692,目标止盈
后段,WIF,V6_BREAKOUT,short,1738618500000,1738621500000,0.8500222860658982,0.8310973543672192,26.209397531658183,1.947595344451628,3.245992240752714,0.0,1.4367599192589948,目标止盈
后段,WIF,V6_TREND,short,1738627200000,1738631700000,0.8244462502358822,0.805620918479241,31.895640556616712,2.092293283518161,3.4871554725302687,0.0,1.7437736505177763,目标止盈
后段,WIF,V6_TREND,short,1738635300000,1738639800000,0.828104826182521,0.8070324633285048,27.92882992403333,1.8840875352584434,3.140145892097406,0.0,1.52192720913312,目标止盈
后段,WIF,V6_TREND,short,1738642200000,1738643700000,0.8023914245163655,0.8133953442657087,-22.727004346946988,1.6213780415042163,2.7022967358403607,0.0,-1.2349398113527337,结构止损
后段,WIF,V6_TREND,short,1738648800000,1738651800000,0.8124939177768575,0.8259230056940795,-21.94487747219339,1.344060388403064,2.24010064733844,0.0,-1.1952081253553808,结构止损
后段,WIF,V6_TREND,short,1738653900000,1738656600000,0.8136494951374672,0.8245033153023908,-22.743487532003016,1.6589691528043096,2.764948588007183,0.0,-1.2414858968434188,结构止损
后段,WIF,V6_TREND,short,1738657500000,1738661400000,0.8122480235855682,0.8256075325219805,-21.862083204675873,1.3444340447275698,2.2407234078792833,0.0,-1.1961575760190961,结构止损
后段,WIF,V6_TREND,short,1738664100000,1738678500000,0.8194294177115895,0.8088649673202062,12.736700672321014,1.233892239860288,2.0564870664338137,0.0,0.6984397086882851,V6持仓到期
后段,WIF,V6_TREND,short,1738684500000,1738689600000,0.805315530303581,0.8039007031433589,3.301601257945526,1.8765583637208088,3.1275972728680146,0.0,0.18081240903271625,结构止损
后段,WIF,V6_TREND,short,1738690800000,1738694700000,0.799875464455308,0.7947480578161547,9.422197591048597,2.1942994610932347,3.657165768488725,0.0,0.5158323887220424,结构止损
后段,WIF,V6_BREAKOUT,long,1738698000000,1738699500000,0.8067573787197372,0.8031614356973484,-13.064855460819949,2.0447822563447606,3.407970427241268,0.0,-0.7145640603023999,V6突破失败，连续两根收回箱体
后段,WIF,V6_BREAKOUT,short,1738718100000,1738724700000,0.7772318160366721,0.7867140921457,-14.608192590194824,1.1437900101103429,1.9063166835172383,0.0,-0.8000466421511874,V6突破失败，连续两根收回箱体
后段,WIF,V6_BREAKOUT,long,1738739100000,1738742700000,0.8051195537115282,0.8160391772079753,19.125214188858806,1.627185590060725,2.711975983434542,0.0,1.04900388696048,结构止损
后段,WIF,V6_BREAKOUT,long,1738776600000,1738781700000,0.8268902969849061,0.8525631684397559,26.421725126918332,1.4302473341628004,2.383745556938001,0.0,1.446367294061636,目标止盈
后段,WIF,V6_BREAKOUT,long,1738784100000,1738785300000,0.862318756288862,0.8557915119341512,-8.736909327940147,0.9709324936491193,1.6182208227485324,0.0,-0.47697878763239526,V6突破失败，连续两根收回箱体
后段,WIF,V6_BREAKOUT,long,1738787100000,1738788300000,0.8699292162884001,0.8611674454310212,-13.998316637440139,1.2608447598820278,2.1014079331367133,0.0,-0.7649017037884701,V6突破失败，连续两根收回箱体
后段,WIF,V6_TREND,long,1738789500000,1738791600000,0.8681515425867229,0.8570195833224672,-22.805905935095243,1.699255558123567,2.832092596872612,0.0,-1.2479593875552386,结构止损
后段,WIF,V6_TREND,long,1738792800000,1738804800000,0.8711516720782302,0.8739290308608848,5.473135251585372,1.544261798627642,2.5737696643794035,0.0,0.3001972509732334,结构止损
后段,WIF,V6_TREND,long,1738805700000,1738807800000,0.8838936940099124,0.8715305307475351,-22.38631238040105,1.5540950795000903,2.590158465833484,0.0,-1.2271812399468254,结构止损
后段,WIF,V6_TREND,long,1738811700000,1738814700000,0.8668790064618216,0.8695063145742662,5.677407221962857,2.205970263568899,3.676617105948165,0.0,0.3119440034558247,结构止损
后段,WIF,V6_BREAKOUT,short,1738825800000,1738832700000,0.8379372499725088,0.8347905696396238,5.241464244743323,1.4929401027029396,2.4882335045048998,0.0,0.2878228576759581,结构止损
后段,WIF,V6_BREAKOUT,long,1738834200000,1738841400000,0.8530325874176915,0.8531921531512073,-1.8630749648720997,0.742024323675106,1.2367072061251767,0.0,-0.1022512607970019,V6持仓到期
后段,WIF,V6_BREAKOUT,long,1738881300000,1738882500000,0.8705306642044212,0.8613886533094005,-16.052938943201045,1.4002621077359863,2.3337701795599775,0.0,-0.881203405740878,V6突破失败，连续两根收回箱体
后段,WIF,V6_BREAKOUT,short,1738890300000,1738897500000,0.8478443136263012,0.8540267505220644,-14.501208278488454,1.662750823218843,2.7712513720314056,0.0,-0.7973407543417818,V6突破失败，连续两根收回箱体
后段,WIF,V6_BREAKOUT,long,1738921500000,1738924500000,0.8701208615706487,0.8659996619947028,-16.287931383142926,2.4592992946112746,4.098832157685458,0.0,-0.896923629331649,V6突破失败，连续两根收回箱体
后段,WIF,V6_RANGE,long,1738934100000,1738934700000,0.8530844640463692,0.8465707614254777,-25.698128347917848,2.8383349228150263,4.730558204691711,0.0,-1.417496548281594,结构止损
后段,WIF,V6_RANGE,long,1738938300000,1738938600000,0.8085500374362989,0.8013981501268695,-24.59335868588044,2.4421152960456296,4.07019216007605,0.0,-1.3601730548389452,结构止损
后段,WIF,V6_BREAKOUT,short,1738940400000,1738947600000,0.7898505570595531,0.7672139928227476,21.978697921279004,1.1492173448403984,1.9153622414006641,0.0,1.2186732823740447,V6持仓到期
后段,WIF,V6_BREAKOUT,short,1738950900000,1738951500000,0.7546389937436128,0.7575902639141014,-14.298062323069674,2.4154836472126036,4.025806078687673,0.0,-0.7909905217131447,V6突破失败，连续两根收回箱体
后段,WIF,V6_BREAKOUT,short,1738955400000,1738958400000,0.7308296060063516,0.7116207558035618,25.717605648710155,1.6300756141323312,2.716792690220552,0.0,1.4248502066161377,目标止盈
后段,WIF,V6_TREND,short,1738965300000,1738971000000,0.6994137338996907,0.6832571187415706,29.383801757281773,2.047366333941872,3.412277223236454,0.0,1.623633303765602,目标止盈
后段,WIF,V6_BREAKOUT,short,1738974300000,1738977600000,0.6703702013434867,0.6772260359936729,-20.396787106956644,1.8300045431367888,3.0500075718946484,0.0,-1.123625557391564,V6突破失败，连续两根收回箱体
后段,WIF,V6_TREND,short,1738980000000,1738984800000,0.6761829446648626,0.682715955310499,-24.143032036963888,2.260732874975184,3.76788812495864,0.0,-1.3328080050524371,结构止损
后段,WIF,V6_TREND,short,1738986000000,1739000400000,0.6752330802537285,0.6814795710217729,-13.546945002627421,1.3101205122570594,2.1835341870950993,0.0,-0.7497281477940935,V6持仓到期
后段,WIF,V6_TREND,short,1739002200000,1739007600000,0.6761817552958328,0.6727195809975138,7.818873105704689,2.065931499215733,3.443219165359556,0.0,0.4333287941420999,结构止损
后段,WIF,V6_TREND,short,1739008800000,1739011500000,0.6654791637727232,0.676009347691905,-21.739271346441335,1.3803257359827403,2.3005428933045673,0.0,-1.2038313513625865,结构止损
后段,WIF,V6_TREND,short,1739014800000,1739028900000,0.683358443648946,0.6767145053846843,11.275129111326212,1.4345477620587603,2.3909129367646007,0.0,0.6257827396082218,结构止损
后段,WIF,V6_TREND,short,1739029800000,1739031300000,0.669954197716569,0.6791678450335373,-22.264951426299618,1.58481336593866,2.641355609897767,0.0,-1.2342823850468863,结构止损
后段,WIF,V6_BREAKOUT,short,1739044800000,1739045700000,0.6722311211292635,0.6730224723352102,-7.245920061504472,1.9867672803320826,3.3112788005534712,0.0,-0.40261741965519926,V6突破失败，连续两根收回箱体
后段,WIF,V6_BREAKOUT,short,1739066400000,1739067300000,0.6583827518104474,0.6624170761632628,-11.230219814494784,1.4476734882653506,2.412789147108918,0.0,-0.6244752861799355,V6突破失败，连续两根收回箱体
后段,WIF,V6_BREAKOUT,short,1739074200000,1739076600000,0.6449958736572704,0.6498193672551577,-12.70547654894966,1.431539287344686,2.3858988122411433,0.0,-0.7073376368428259,V6突破失败，连续两根收回箱体
后段,WIF,V6_TREND,short,1739108400000,1739109600000,0.6373904600349704,0.6451421380031199,-22.687333137675484,1.7807861257250213,2.967976876208369,0.0,-1.2647236076230857,结构止损
后段,WIF,V6_TREND,short,1739110800000,1739115000000,0.6450318372902089,0.6518709032305569,-23.325875134136187,2.036191405510211,3.393652342517018,0.0,-1.303410495370606,结构止损
后段,WIF,V6_TREND,short,1739116200000,1739123700000,0.6479984659941777,0.6559378433647046,-22.543495710462754,1.759200127586364,2.9320002126439406,0.0,-1.262778552726199,结构止损
后段,WIF,V6_TREND,short,1739129100000,1739130600000,0.6375817886047064,0.6200371346931242,31.87259931956947,1.6868529511640473,2.8114215852734126,0.0,1.7895874354401229,目标止盈
后段,WIF,V6_TREND,short,1739137500000,1739144100000,0.6397670200338459,0.6324432934840006,18.90530997278718,2.045932792765385,3.409887987942309,0.0,1.057948228919541,结构止损
后段,WIF,V6_BREAKOUT,long,1739153400000,1739160600000,0.661664936407671,0.6799231451749763,22.76659375484823,1.2321604363519623,2.0536007272532704,0.0,1.2715048915843938,V6持仓到期
后段,WIF,V6_TREND,long,1739174100000,1739181300000,0.6975460477584297,0.7156158699802753,31.01726182310979,1.8506699946671141,3.0844499911118572,0.0,1.7281811997806849,目标止盈
后段,WIF,V6_BREAKOUT,long,1739183700000,1739188200000,0.7282820409651294,0.7481475048795752,24.623224031620296,1.6016141730903055,2.6693569551505094,0.0,1.3674950097165994,目标止盈
后段,WIF,V6_BREAKOUT,long,1739190300000,1739195100000,0.7580717501367991,0.7759096353357089,25.760389117776526,1.8596678186852478,3.0994463644754138,0.0,1.4269906371348309,目标止盈
后段,WIF,V6_TREND,long,1739199300000,1739200800000,0.7758035721044951,0.769767928269639,-25.51667703057785,2.7810480491308334,4.635080081884723,0.0,-1.4097184108706724,结构止损
后段,WIF,V6_TREND,long,1739206200000,1739208600000,0.7548471804945474,0.7473554412838314,-23.844432837444295,2.171897890242878,3.619829817071464,0.0,-1.3208232597588907,结构止损
后段,WIF,V6_TREND,long,1739209500000,1739211900000,0.752690945192824,0.7457603688816937,-24.237575493749592,2.336092003196192,3.893486671993654,0.0,-1.3459340168679612,结构止损
后段,WIF,V6_BREAKOUT,short,1739225100000,1739226300000,0.7044007699825663,0.7079014314543448,-10.864783213187916,1.598274818528701,2.663791364214502,0.0,-0.6048574610984792,V6突破失败，连续两根收回箱体
后段,WIF,V6_BREAKOUT,long,1739234700000,1739241300000,0.7160391214477263,0.7413726041268286,27.224601332067824,1.235417143283653,2.0590285721394217,0.0,1.5173519321451652,目标止盈
后段,WIF,V6_BREAKOUT,long,1739243700000,1739250000000,0.7545036819899442,0.7742059771606697,25.809434788399187,1.6718915040748805,2.786485840124801,0.0,1.434397297889598,目标止盈
后段,WIF,V6_TREND,long,1739254500000,1739259900000,0.7823641530818867,0.8024894473176535,27.801892579930154,1.8712707345184243,3.1187845575307076,0.0,1.5409865944458216,目标止盈
后段,WIF,V6_BREAKOUT,long,1739274600000,1739281200000,0.8339148609786281,0.8387872544366533,6.95697028122185,1.7021313897613417,2.8368856496022365,0.0,0.38449582501455126,结构止损
后段,WIF,V6_TREND,long,1739282400000,1739285700000,0.8466519353004851,0.8470752612681353,2.6078454114255867,1.5011658596529307,2.5019430994215512,0.0,0.14402581482626078,结构止损
后段,WIF,V6_TREND,long,1739287800000,1739292000000,0.8582265237754053,0.8609563120772876,5.650674389710506,2.520671064002882,4.201118440004805,0.0,0.31199060422366276,结构止损
后段,WIF,V6_TREND,long,1739296200000,1739297400000,0.8527863149559206,0.8713460742898987,28.4475453575651,2.2189066129139823,3.6981776881899706,0.0,1.569755635379515,目标止盈
后段,WIF,V6_TREND,long,1739301600000,1739307600000,0.8758676569731112,0.8990414933620091,27.921474968600705,1.8332530936638103,3.0554218227730168,0.0,1.5362051997443653,目标止盈
后段,WIF,V6_TREND,long,1739310300000,1739312100000,0.8970112042593703,0.8866078087804987,-23.22814351801591,1.875065737013415,3.125109561689025,0.0,-1.2743133649643135,结构止损
后段,WIF,V6_TREND,long,1739313300000,1739316600000,0.8936017939310243,0.9189691690352213,31.495023723428954,1.7127470797996107,2.854578466332685,0.0,1.7319788920161736,目标止盈
后段,WIF,V6_TREND,long,1739323500000,1739324100000,0.9114872457248681,0.9043814511709488,-25.702787819078523,2.797244699767464,4.662074499612441,0.0,-1.4088761493154658,结构止损
后段,WIF,V6_TREND,long,1739326800000,1739333700000,0.9116731513516407,0.9425128306541832,29.375788228724875,1.4399409513364836,2.3999015855608063,0.0,1.6144733612295668,目标止盈
后段,WIF,V6_BREAKOUT,long,1739336400000,1739337300000,0.9610884859056693,0.9541845829331822,-14.882746453676182,1.7157033453135728,2.859505575522622,0.0,-0.8154770715218659,V6突破失败，连续两根收回箱体
后段,WIF,V6_TREND,long,1739345700000,1739350500000,0.9356451770715174,0.9522591527908357,26.967494843053814,2.72979337654861,4.549655627581018,0.0,1.4799049705832588,目标止盈
后段,WIF,V6_TREND,long,1739351700000,1739358000000,0.9270472919586064,0.9169316263946187,-23.60257823021262,1.9985864368184345,3.330977394697391,0.0,-1.291663089363949,结构止损
后段,WIF,V6_TREND,long,1739363700000,1739369100000,0.9446016889008246,0.9702778999684574,30.694709628251292,1.7917138291383894,2.9861897152306494,0.0,1.6838616758105078,目标止盈
后段,WIF,V6_TREND,long,1739377800000,1739383800000,0.9979218294908697,1.0199847333595131,28.459551826991056,2.2041562265908423,3.673593710984737,0.0,1.5563308556267155,目标止盈
后段,WIF,V6_BREAKOUT,long,1739385300000,1739391300000,1.030854251952234,1.065022705317236,26.75730602843627,1.3461370161782198,2.243561693630366,0.0,1.4589848387333504,目标止盈
后段,WIF,V6_BREAKOUT,long,1739394600000,1739398500000,1.087061801330921,1.1233475852257166,27.56627395362404,1.3409152283352714,2.234858713892119,0.0,1.4989944625444165,目标止盈
后段,WIF,V6_TREND,long,1739402400000,1739406600000,1.129223539170256,1.1553303502591403,29.943234170432937,2.127217313082856,3.5453621884714273,0.0,1.623684874880053,目标止盈
后段,WIF,V6_TREND,long,1739411100000,1739412000000,1.11971273770253,1.103228230638153,-22.488741560454546,1.4966503046905848,2.494417174484308,0.0,-1.2157605038145853,结构止损
后段,WIF,V6_TREND,long,1739413800000,1739415300000,1.100392482186157,1.087610217630445,-23.510098821002675,1.8954716738058297,3.15911945634305,0.0,-1.2738798203126018,结构止损
后段,WIF,V6_TREND,long,1739416800000,1739419800000,1.100988004271565,1.0854178203119833,-22.54803501585172,1.5512282851077408,2.5853804751795684,0.0,-1.224676171355118,结构止损
后段,WIF,V6_TREND,long,1739425200000,1739431200000,1.0674302435843024,1.0969096215939032,31.094414685166125,1.777458663432605,2.962431105721009,0.0,1.6927520817688473,目标止盈
后段,WIF,V6_TREND,long,1739437200000,1739441400000,1.0927994226693525,1.078946401581084,-23.0496614415535,1.7333290215409205,2.888881702568201,0.0,-1.2508328902886985,结构止损
后段,WIF,V6_BREAKOUT,short,1739446800000,1739451000000,1.0442946163956208,1.0396734933076004,7.475990180937935,1.5592011920722093,2.5986686534536827,0.0,0.4066522841984951,结构止损
后段,WIF,V6_BREAKOUT,short,1739459100000,1739460900000,1.0153323002474173,1.0192524351527252,-11.925953263223464,2.0289425641560475,3.381570940260079,0.0,-0.6482112814470639,V6突破失败，连续两根收回箱体
后段,WIF,V6_BREAKOUT,long,1739487600000,1739488200000,1.0392914640432036,1.0337179702597412,-10.325737891493922,1.4446304863944843,2.407717477324141,0.0,-0.5619177355515,V6突破失败，连续两根收回箱体
后段,WIF,V6_BREAKOUT,short,1739491500000,1739493300000,1.0094158753250988,1.0207161685814274,-14.465437537632571,1.2111244102357837,2.0185406837263065,0.0,-0.7880268757387388,V6突破失败，连续两根收回箱体
后段,WIF,V6_BREAKOUT,short,1739504100000,1739507400000,0.9714638072953532,0.9751079249583001,-9.221045384920567,1.5934667075265025,2.6557778458775045,0.0,-0.5030738940907867,V6突破失败，连续两根收回箱体
后段,WIF,V6_TREND,short,1739508600000,1739514300000,0.9641291488397983,0.9334578975161412,29.925542882850948,1.499304891062529,2.4988414851042156,0.0,1.6341936055177537,目标止盈
后段,WIF,V6_BREAKOUT,short,1739516400000,1739523600000,0.9180640735527821,0.9134056491848342,7.007763364161738,1.4544305847765475,2.4240509746275793,0.0,0.3815155155116973,结构止损
后段,WIF,V6_TREND,short,1739525400000,1739530200000,0.916197015482915,0.8926686626843867,29.116328359812712,1.869179446206954,3.1152990770115903,0.0,1.5840133115504735,目标止盈
后段,WIF,V6_BREAKOUT,short,1739531400000,1739533200000,0.8705364733145674,0.8783866237449591,-10.737409756620144,1.0581226642642194,1.7635377737736992,0.0,-0.5824166627023659,V6突破失败，连续两根收回箱体
后段,WIF,V6_TREND,short,1739536800000,1739537700000,0.8833646868641747,0.8681767024771058,28.415350315308814,2.8061719839330843,4.676953306555141,0.0,1.5429853460453982,目标止盈
后段,WIF,V6_TREND,short,1739539800000,1739542200000,0.8695391869729644,0.8593738135622362,20.41681393980141,2.0698201431872585,3.4497002386454314,0.0,1.10545766601534,结构止损
后段,WIF,V6_TREND,short,1739543400000,1739546100000,0.8589675036700231,0.8396889909543184,28.152878016317942,2.156626621010636,3.5943777016843934,0.0,1.5211698127008937,目标止盈
后段,WIF,V6_BREAKOUT,short,1739547000000,1739547600000,0.8371294505553649,0.843703452242784,-19.62824247723127,2.1369278878058706,3.5615464796764513,0.0,-1.0575462885979303,V6突破失败，连续两根收回箱体
后段,WIF,V6_TREND,short,1739552100000,1739553300000,0.8407641057100961,0.8531145977067582,-22.588159775408457,1.5242960050366345,2.5404933417277245,0.0,-1.219441130458562,结构止损
后段,WIF,V6_TREND,short,1739554500000,1739568900000,0.8371645675883871,0.8204283566390875,14.077012019094742,0.9940578961766776,1.6567631602944628,0.0,0.7617011304050563,V6持仓到期
后段,WIF,V6_TREND,short,1739571600000,1739577000000,0.8195233683509371,0.8020340122512725,29.770739013013397,2.267990289382095,3.7799838156368253,0.0,1.6085846562568245,目标止盈
