策略,周期,来源,A笔数,A收益pct,A_PF,A回撤pct,B笔数,B收益pct,B_PF,B回撤pct,错误
AlmgrenChrissStrategy,15m,strategies,,,,,,,,,"2026-10-04 08:30:59,373 - freqtrade.opti"
Bandtastic,15m,strategies,4835.0,-0.8,0.82,1.0,5080.0,-1.8,0.66,1.9,
BreakEven,5m,strategies,0.0,0.0,,,,,,,"2026-10-04 08:33:16,485 - freqtrade.opti"
CustomStoplossWithPSAR,1h,strategies,12.0,0.8,7.66,0.1,60.0,-0.3,0.7,0.6,
Diamond,5m,strategies,490.0,-0.1,0.62,0.1,576.0,-0.3,0.27,0.4,
HourBasedStrategy,1h,strategies,1348.0,-0.4,0.88,1.0,1062.0,-1.4,0.52,1.6,
InformativeSample,5m,strategies,0.0,0.0,,,0.0,0.0,,,
MultiMa,4h,strategies,330.0,0.3,1.34,0.4,291.0,-0.2,0.77,0.4,
PatternRecognition,1d,strategies,182.0,0.3,1.33,0.3,114.0,-0.4,0.57,0.5,
PowerTower,5m,strategies,1955.0,-0.1,0.96,0.5,1394.0,-0.4,0.78,0.7,
Strategy001,5m,strategies,2441.0,-0.6,0.81,0.7,1811.0,-0.7,0.7,1.0,
Strategy001_custom_exit,5m,strategies,3630.0,-0.8,0.74,0.9,2763.0,-0.9,0.62,1.0,
Strategy002,5m,strategies,691.0,-0.3,0.65,0.3,640.0,-0.4,0.53,0.4,
Strategy003,5m,strategies,1271.0,-0.4,0.67,0.5,1219.0,-0.5,0.62,0.5,
Strategy004,5m,strategies,1495.0,-0.6,0.64,0.7,1431.0,-0.4,0.7,0.5,
Strategy005,5m,strategies,1253.0,-0.6,0.75,0.8,1080.0,-0.6,0.71,0.8,
Supertrend,1h,strategies,1236.0,0.3,1.13,0.5,1324.0,-0.2,0.92,0.6,
SwingHighToSky,15m,strategies,996.0,-0.2,0.79,0.4,830.0,-1.0,0.32,1.2,
TWAPStrategy,15m,strategies,4865.0,-1.4,0.64,1.4,5016.0,-1.1,0.64,1.1,
TrendRiderStrategy,1h,strategies,2986.0,-1.3,0.57,1.3,2999.0,-1.0,0.61,1.1,
UniversalMACD,5m,strategies,600.0,0.3,1.91,0.1,512.0,-0.3,0.65,0.4,
ADXMomentum,1h,berlinguyinca,3501.0,0.4,1.13,0.4,3507.0,-0.0,0.99,0.5,
ASDTSRockwellTrading,5m,berlinguyinca,48938.0,-13.9,0.42,13.9,51870.0,-15.4,0.37,15.5,
AdxSmas,1h,berlinguyinca,1401.0,-0.1,0.98,0.4,1499.0,-0.4,0.87,0.6,
AverageStrategy,4h,berlinguyinca,447.0,0.3,1.23,0.3,518.0,0.2,1.13,0.3,
AwesomeMacd,1h,berlinguyinca,801.0,-0.0,1.0,0.6,854.0,-0.5,0.77,0.6,
BbandRsi,1h,berlinguyinca,309.0,0.1,1.07,0.3,335.0,-0.8,0.52,0.9,
BinHV27,5m,berlinguyinca,2873.0,-0.7,0.72,0.8,3317.0,-0.7,0.73,0.9,
CMCWinner,15m,berlinguyinca,1781.0,-0.7,0.43,0.7,2073.0,-0.7,0.4,0.7,
ClucMay72018,5m,berlinguyinca,645.0,-0.2,0.75,0.3,602.0,-0.3,0.59,0.3,
CofiBitStrategy,5m,berlinguyinca,15399.0,-4.0,0.32,4.0,16511.0,-4.5,0.27,4.5,
CombinedBinHAndCluc,5m,berlinguyinca,917.0,-0.1,0.93,0.4,814.0,-0.3,0.78,0.3,
EMASkipPump,5m,berlinguyinca,12430.0,-3.8,0.59,3.8,12802.0,-4.2,0.52,4.2,
Freqtrade_backtest_validation_freqtrade1,1h,berlinguyinca,2188.0,0.3,1.1,0.6,2411.0,-0.4,0.88,0.8,
MACDStrategy,5m,berlinguyinca,1020.0,-0.1,0.9,0.6,681.0,-0.3,0.67,0.6,
MACDStrategy_crossed,5m,berlinguyinca,1115.0,-0.4,0.74,0.6,924.0,-0.6,0.58,0.8,
MultiRSI,5m,berlinguyinca,8118.0,-2.2,0.58,2.2,8675.0,-2.3,0.58,2.3,
Quickie,5m,berlinguyinca,1075.0,-0.1,0.89,0.5,772.0,-0.4,0.66,0.6,
ReinforcedAverageStrategy,4h,berlinguyinca,226.0,-0.1,0.83,0.3,196.0,0.3,1.52,0.2,
ReinforcedQuickie,5m,berlinguyinca,4912.0,-1.2,0.69,1.3,4788.0,-1.4,0.65,1.4,
Simple,5m,berlinguyinca,2880.0,-0.1,0.96,0.5,2534.0,-0.5,0.81,0.8,
SmoothOperator,5m,berlinguyinca,3263.0,-0.9,0.8,0.9,3390.0,-1.0,0.75,1.2,
TDSequentialStrategy,1h,berlinguyinca,1160.0,-0.7,0.77,0.9,1126.0,-1.2,0.61,1.3,
TechnicalExampleStrategy,5m,berlinguyinca,56921.0,-15.5,0.36,15.5,56581.0,-15.5,0.34,15.6,
FAdxSmaStrategy,1h,futures,259.0,-0.1,0.71,0.1,361.0,-0.1,0.78,0.2,
FOttStrategy,1h,futures,,,,,,,,,超过10分钟，跳过
FReinforcedStrategy,5m,futures,,,,,,,,,"2026-10-04 08:56:24,203 - freqtrade - ER"
FSampleStrategy,1h,futures,192.0,0.2,1.24,0.5,219.0,-0.3,0.7,0.7,
FSupertrendStrategy,1h,futures,2093.0,0.3,1.09,0.3,2170.0,-0.3,0.92,0.6,
TrendFollowingStrategy,5m,futures,344.0,0.2,1.14,0.4,281.0,-0.4,0.72,0.7,
VolatilitySystem,1h,futures,145.0,-0.3,0.77,0.7,152.0,-0.3,0.75,0.4,
hlhb,4h,strategies,265.0,-0.0,0.87,0.2,318.0,-0.4,0.48,0.5,
mabStra,4h,strategies,538.0,-0.5,0.82,1.3,420.0,-0.9,0.58,1.1,
multi_tf,5m,strategies,,,,,,,,,"2026-10-04 08:59:29,569 - freqtrade - ER"
