candidate,phase,trades,win_pct,profit_factor,net_pnl,worst_symbol_drawdown_pct,profitable_symbols
T0原目标,前段,402,25.37313432835821,1.0085727639541564,38.91465397645371,2.5592115751305116,18
T0原目标,中段,201,26.865671641791046,0.7482351256419612,-629.8775796063853,2.1997762050471303,11
T0原目标,后段,259,27.7992277992278,1.3525285736036907,1112.6680811714439,2.3799465206274326,19
T50目标,前段,330,27.878787878787882,0.9477757801515884,-209.66022587009292,2.6104830578246836,14
T50目标,中段,175,32.0,0.7308043003072155,-575.6891919012046,1.2575512373195314,11
T50目标,后段,229,32.751091703056765,1.1961506078781192,564.4083019305565,2.8335572017908586,22
T60目标,前段,361,26.869806094182824,0.9480135335358,-224.23603153490413,2.632908356233014,13
T60目标,中段,186,29.56989247311828,0.7008196539840456,-709.2816937991902,1.5590223855801995,9
T60目标,后段,252,32.93650793650794,1.3467364145919176,1072.2097135230856,2.93360300947457,19
T70目标,前段,384,26.5625,0.9986007180557865,-6.346522211166985,2.4989480106765725,14
T70目标,中段,194,29.896907216494846,0.8130721950907983,-457.43768688124464,1.5590223855801828,11
T70目标,后段,264,27.27272727272727,1.1387480050307726,468.14869657602435,2.9336030094745813,17
T80目标,前段,385,26.75324675324675,0.9140149651253963,-382.1223864569096,2.498948010676593,15
T80目标,中段,199,28.643216080402013,0.8298187273498651,-421.0157888574782,1.5590223855801828,12
T80目标,后段,259,28.57142857142857,1.3246621138154573,1043.5194181920012,2.3799465206274077,19
T90目标,前段,396,26.262626262626267,1.0178158707934437,80.05403882158359,2.498948010676571,16
T90目标,中段,202,27.22772277227723,0.7356866543269932,-676.3707331777016,2.199776205047149,10
T90目标,后段,259,28.957528957528954,1.3535357230488396,1115.802913908561,2.3799465206273953,21
M60全向共振,前段,351,27.350427350427353,0.9892342995610631,-44.13440913865671,2.2269358609669325,13
M60全向共振,中段,180,30.555555555555557,0.7386167149969555,-585.7218500877639,1.5590223855801995,9
M60全向共振,后段,240,33.33333333333333,1.413060056492528,1191.3869677434823,2.933603009474592,20
M70全向共振,前段,373,27.07774798927614,1.0440271212243661,189.21555829936182,2.0924169671902315,15
M70全向共振,中段,186,30.64516129032258,0.8514996117803697,-340.2087831077693,1.5590223855801828,10
M70全向共振,后段,250,27.6,1.2082660986132814,649.4054253773021,2.933603009474562,20
Q60中等入场,前段,333,27.627627627627625,0.9571408051162451,-173.74947312423018,2.370185585485803,14
Q60中等入场,中段,179,30.16759776536313,0.7030359883589382,-681.5373815948991,1.5590223855801995,9
Q60中等入场,后段,236,33.05084745762712,1.3212733352840844,958.5292208804835,2.833557201790851,19
Q70中等入场,前段,348,27.586206896551722,1.0166601308658427,70.31915373278741,2.3218285807316557,14
Q70中等入场,中段,187,30.481283422459892,0.8143674227696918,-440.19632006249685,1.5590223855801828,11
Q70中等入场,后段,245,28.163265306122447,1.1738800378507073,561.4025236094991,2.8335572017908786,17
L60仅多诊断,前段,221,32.57918552036199,1.1201307730139582,407.405062298247,1.858990481667485,13
L60仅多诊断,中段,120,25.833333333333336,0.6848570465374091,-648.0075331389997,1.5317058388363158,9
L60仅多诊断,后段,192,37.5,1.4727098269842078,1276.4712623662874,2.933603009474568,22
L70仅多诊断,前段,232,32.327586206896555,1.1937526397694906,687.4845031602533,2.318505165821426,16
L70仅多诊断,中段,126,27.77777777777778,0.8420241819544501,-332.5080748489586,1.5317058388363076,12
L70仅多诊断,后段,196,31.63265306122449,1.246834229091064,722.045238012422,2.9336030094745786,17
