时期,币,区间,格数,重开,手续费,网格年化,持有年化,网格回撤,成交
更早(2022-2024),BTCUSDT,±10%,20,30天,0.0005,-0.0680024929705838,0.1213864169143486,0.5625765204696043,4484
更早(2022-2024),BTCUSDT,±10%,20,30天,0.001,-0.11078295017089701,0.1213864169143486,0.5847402483259965,4484
更早(2022-2024),BTCUSDT,±20%,20,30天,0.0005,0.016705579627812384,0.1213864169143486,0.4895113983936088,1665
更早(2022-2024),BTCUSDT,±20%,20,30天,0.001,-0.004160806796669303,0.1213864169143486,0.49484377981263483,1665
更早(2022-2024),BTCUSDT,±20%,40,30天,0.0005,-0.015751838432074283,0.1213864169143486,0.503615525515994,6258
更早(2022-2024),BTCUSDT,±20%,40,30天,0.001,-0.04882399034860596,0.1213864169143486,0.5172507315443207,6258
更早(2022-2024),BTCUSDT,±30%,30,90天,0.0005,-0.07202079001252015,0.1213864169143486,0.5502774631420644,1459
更早(2022-2024),BTCUSDT,±30%,30,90天,0.001,-0.08201201417111403,0.1213864169143486,0.5518802191496335,1459
更早(2022-2024),BTCUSDT,±20%,20,不重开,0.0005,0.09394286489081582,0.1213864169143486,0.55517205716803,485
更早(2022-2024),BTCUSDT,±20%,20,不重开,0.001,0.09004378599905083,0.1213864169143486,0.5596121600180175,485
更早(2022-2024),ETHUSDT,±10%,20,30天,0.0005,-0.22318377722506677,-0.11822551810574045,0.7108668131158693,5364
更早(2022-2024),ETHUSDT,±10%,20,30天,0.001,-0.26516392723266746,-0.11822551810574045,0.7194965013211497,5364
更早(2022-2024),ETHUSDT,±20%,20,30天,0.0005,-0.1032040702927225,-0.11822551810574045,0.6550524947119197,2215
更早(2022-2024),ETHUSDT,±20%,20,30天,0.001,-0.12636884675914184,-0.11822551810574045,0.660798046724025,2215
更早(2022-2024),ETHUSDT,±20%,40,30天,0.0005,-0.14824548406944005,-0.11822551810574045,0.6652055956560764,8116
更早(2022-2024),ETHUSDT,±20%,40,30天,0.001,-0.18440424482612594,-0.11822551810574045,0.6745746136184477,8116
更早(2022-2024),ETHUSDT,±30%,30,90天,0.0005,-0.16154664738718394,-0.11822551810574045,0.663774647571834,1895
更早(2022-2024),ETHUSDT,±30%,30,90天,0.001,-0.1734391509757286,-0.11822551810574045,0.6659019534380686,1895
更早(2022-2024),ETHUSDT,±20%,20,不重开,0.0005,0.024863103889303684,-0.11822551810574045,0.6675328777991458,643
更早(2022-2024),ETHUSDT,±20%,20,不重开,0.001,0.019094047620863197,-0.11822551810574045,0.6710357282675059,643
更早(2022-2024),SOLUSDT,±10%,20,30天,0.0005,-0.5465007732772069,-0.03894728043492124,0.9168409206246443,8816
更早(2022-2024),SOLUSDT,±10%,20,30天,0.001,-0.5858088575628501,-0.03894728043492124,0.9345923332245909,8816
更早(2022-2024),SOLUSDT,±20%,20,30天,0.0005,-0.4144586011268636,-0.03894728043492124,0.8781782848804586,4014
更早(2022-2024),SOLUSDT,±20%,20,30天,0.001,-0.4399719966870532,-0.03894728043492124,0.8855366021142914,4014
更早(2022-2024),SOLUSDT,±20%,40,30天,0.0005,-0.4816535303525108,-0.03894728043492124,0.8983691938808982,14108
更早(2022-2024),SOLUSDT,±20%,40,30天,0.001,-0.5187173422405178,-0.03894728043492124,0.908261407183586,14108
更早(2022-2024),SOLUSDT,±30%,30,90天,0.0005,-0.37737022232768447,-0.03894728043492124,0.8804253449087805,3168
更早(2022-2024),SOLUSDT,±30%,30,90天,0.001,-0.3919926349606454,-0.03894728043492124,0.8838161636036853,3168
更早(2022-2024),SOLUSDT,±20%,20,不重开,0.0005,0.14683542283007034,-0.03894728043492124,0.9019036068551514,1047
更早(2022-2024),SOLUSDT,±20%,20,不重开,0.001,0.1391472009358221,-0.03894728043492124,0.9047910527428608,1047
更早(2022-2024),XRPUSDT,±10%,20,30天,0.0005,-0.10608270153978938,-0.10509147096824267,0.6373410727882236,7335
更早(2022-2024),XRPUSDT,±10%,20,30天,0.001,-0.1689312574600087,-0.10509147096824267,0.6606620144955844,7335
更早(2022-2024),XRPUSDT,±20%,20,30天,0.0005,-0.022683630895385054,-0.10509147096824267,0.5622466708911136,2838
更早(2022-2024),XRPUSDT,±20%,20,30天,0.001,-0.05314585269595806,-0.10509147096824267,0.5722512216061821,2838
更早(2022-2024),XRPUSDT,±20%,40,30天,0.0005,-0.08968169305429508,-0.10509147096824267,0.581864676418749,10249
更早(2022-2024),XRPUSDT,±20%,40,30天,0.001,-0.1365931309450279,-0.10509147096824267,0.6032766818010578,10249
更早(2022-2024),XRPUSDT,±30%,30,90天,0.0005,0.01581689197671854,-0.10509147096824267,0.5813302027423335,2993
更早(2022-2024),XRPUSDT,±30%,30,90天,0.001,-0.00394668383233765,-0.10509147096824267,0.5858333798940695,2993
更早(2022-2024),XRPUSDT,±20%,20,不重开,0.0005,0.04468774889398586,-0.10509147096824267,0.5090259157284928,689
更早(2022-2024),XRPUSDT,±20%,20,不重开,0.001,0.03871257186984156,-0.10509147096824267,0.5147219240408238,689
更早(2022-2024),DOGEUSDT,±10%,20,30天,0.0005,0.22389420278838612,-0.1354430639771308,0.5656491387548745,9162
更早(2022-2024),DOGEUSDT,±10%,20,30天,0.001,0.12112274056340633,-0.1354430639771308,0.5713684343079631,9162
更早(2022-2024),DOGEUSDT,±20%,20,30天,0.0005,0.3968105869122516,-0.1354430639771308,0.5405812049508939,3990
更早(2022-2024),DOGEUSDT,±20%,20,30天,0.001,0.34063043322923225,-0.1354430639771308,0.5437437767591392,3990
更早(2022-2024),DOGEUSDT,±20%,40,30天,0.0005,0.24566040691895874,-0.1354430639771308,0.5480135014736383,14037
更早(2022-2024),DOGEUSDT,±20%,40,30天,0.001,0.16314311784605118,-0.1354430639771308,0.5529440894388011,14037
更早(2022-2024),DOGEUSDT,±30%,30,90天,0.0005,0.22306490022250314,-0.1354430639771308,0.5193975923323086,3873
更早(2022-2024),DOGEUSDT,±30%,30,90天,0.001,0.19317463796122047,-0.1354430639771308,0.5228146642890632,3873
更早(2022-2024),DOGEUSDT,±20%,20,不重开,0.0005,0.171720965236573,-0.1354430639771308,0.5037994792887144,1677
更早(2022-2024),DOGEUSDT,±20%,20,不重开,0.001,0.1598657486331474,-0.1354430639771308,0.5102261444583558,1677
更早(2022-2024),BNBUSDT,±10%,20,30天,0.0005,-0.0236679281863883,0.038594322253241886,0.5181363411260398,5165
更早(2022-2024),BNBUSDT,±10%,20,30天,0.001,-0.07349069618336657,0.038594322253241886,0.5331441020004285,5165
更早(2022-2024),BNBUSDT,±20%,20,30天,0.0005,0.03810191628342019,0.038594322253241886,0.46881363232965034,1957
更早(2022-2024),BNBUSDT,±20%,20,30天,0.001,0.014159253968221597,0.038594322253241886,0.47653780309343474,1957
更早(2022-2024),BNBUSDT,±20%,40,30天,0.0005,-0.0011853757819343391,0.038594322253241886,0.482054283398206,7324
更早(2022-2024),BNBUSDT,±20%,40,30天,0.001,-0.03925008891342274,0.038594322253241886,0.49471898425570193,7324
更早(2022-2024),BNBUSDT,±30%,30,90天,0.0005,-0.02668442823943218,0.038594322253241886,0.47834760176524715,1914
更早(2022-2024),BNBUSDT,±30%,30,90天,0.001,-0.0400063691070659,0.038594322253241886,0.48134266131420844,1914
更早(2022-2024),BNBUSDT,±20%,20,不重开,0.0005,0.12477882059045475,0.038594322253241886,0.5496499334065683,709
更早(2022-2024),BNBUSDT,±20%,20,不重开,0.001,0.11937762583231937,0.038594322253241886,0.5533013380668421,709
更早(2022-2024),ADAUSDT,±10%,20,30天,0.0005,-0.24353807604105104,-0.3663816468219274,0.6667653960044977,7853
更早(2022-2024),ADAUSDT,±10%,20,30天,0.001,-0.3014934352752975,-0.3663816468219274,0.7279873238136549,7853
更早(2022-2024),ADAUSDT,±20%,20,30天,0.0005,-0.07322769667914575,-0.3663816468219274,0.5333165325227769,3450
更早(2022-2024),ADAUSDT,±20%,20,30天,0.001,-0.10770113919032687,-0.3663816468219274,0.5367813364314927,3450
更早(2022-2024),ADAUSDT,±20%,40,30天,0.0005,-0.15341548669155514,-0.3663816468219274,0.5572637342056712,12404
更早(2022-2024),ADAUSDT,±20%,40,30天,0.001,-0.2056659638891819,-0.3663816468219274,0.6161000627414297,12404
更早(2022-2024),ADAUSDT,±30%,30,90天,0.0005,-0.21962981130944914,-0.3663816468219274,0.6378456779719439,2960
更早(2022-2024),ADAUSDT,±30%,30,90天,0.001,-0.23576843320516028,-0.3663816468219274,0.650160864832083,2960
更早(2022-2024),ADAUSDT,±20%,20,不重开,0.0005,-0.21225366005365798,-0.3663816468219274,0.6427925237392822,389
更早(2022-2024),ADAUSDT,±20%,20,不重开,0.001,-0.21784709740775166,-0.3663816468219274,0.648626081753269,389
更早(2022-2024),LINKUSDT,±10%,20,30天,0.0005,0.0002607553790530126,-0.16617692459355826,0.5930419143989745,9471
更早(2022-2024),LINKUSDT,±10%,20,30天,0.001,-0.08719891538794233,-0.16617692459355826,0.5998543705603963,9471
更早(2022-2024),LINKUSDT,±20%,20,30天,0.0005,0.18854231978954727,-0.16617692459355826,0.5769362995856802,4147
更早(2022-2024),LINKUSDT,±20%,20,30天,0.001,0.13900940796772066,-0.16617692459355826,0.5794969588991105,4147
更早(2022-2024),LINKUSDT,±20%,40,30天,0.0005,0.06251840543635745,-0.16617692459355826,0.5786024883087366,14716
更早(2022-2024),LINKUSDT,±20%,40,30天,0.001,-0.011220093769183315,-0.16617692459355826,0.5830140797506145,14716
更早(2022-2024),LINKUSDT,±30%,30,90天,0.0005,-0.013833809066820524,-0.16617692459355826,0.6266246362605699,3571
更早(2022-2024),LINKUSDT,±30%,30,90天,0.001,-0.036290130464582404,-0.16617692459355826,0.628253656306086,3571
更早(2022-2024),LINKUSDT,±20%,20,不重开,0.0005,0.03734131675386565,-0.16617692459355826,0.5937933582538198,909
更早(2022-2024),LINKUSDT,±20%,20,不重开,0.001,0.029369392066375344,-0.16617692459355826,0.5983957682425582,909
更早(2022-2024),AVAXUSDT,±10%,20,30天,0.0005,-0.551822185384758,-0.3934809898795254,0.9148699985658735,8277
更早(2022-2024),AVAXUSDT,±10%,20,30天,0.001,-0.5887834360078908,-0.3934809898795254,0.9324257860977463,8277
更早(2022-2024),AVAXUSDT,±20%,20,30天,0.0005,-0.43300320014420224,-0.3934809898795254,0.8462422754461028,3667
更早(2022-2024),AVAXUSDT,±20%,20,30天,0.001,-0.45611601658749423,-0.3934809898795254,0.8622969115217233,3667
更早(2022-2024),AVAXUSDT,±20%,40,30天,0.0005,-0.48768407856954255,-0.3934809898795254,0.8826964983147945,13108
更早(2022-2024),AVAXUSDT,±20%,40,30天,0.001,-0.5222642651273844,-0.3934809898795254,0.902548330940662,13108
更早(2022-2024),AVAXUSDT,±30%,30,90天,0.0005,-0.4424606984023197,-0.3934809898795254,0.8719827566375471,3209
更早(2022-2024),AVAXUSDT,±30%,30,90天,0.001,-0.45561866094504355,-0.3934809898795254,0.8787765767662628,3209
更早(2022-2024),AVAXUSDT,±20%,20,不重开,0.0005,-0.29718359351756973,-0.3934809898795254,0.8176380472569547,229
更早(2022-2024),AVAXUSDT,±20%,20,不重开,0.001,-0.301253543905026,-0.3934809898795254,0.8224051562026466,229
更早(2022-2024),LTCUSDT,±10%,20,30天,0.0005,0.024992850175961978,-0.24807854699890186,0.642536029590848,7361
更早(2022-2024),LTCUSDT,±10%,20,30天,0.001,-0.0463940750753975,-0.24807854699890186,0.6534166832312427,7361
更早(2022-2024),LTCUSDT,±20%,20,30天,0.0005,0.07994716530881707,-0.24807854699890186,0.5920767940857083,2913
更早(2022-2024),LTCUSDT,±20%,20,30天,0.001,0.045830225024090065,-0.24807854699890186,0.5982547865356697,2913
更早(2022-2024),LTCUSDT,±20%,40,30天,0.0005,0.007429761579908156,-0.24807854699890186,0.6040229246752276,10617
更早(2022-2024),LTCUSDT,±20%,40,30天,0.001,-0.04543210299545386,-0.24807854699890186,0.6138454414835697,10617
更早(2022-2024),LTCUSDT,±30%,30,90天,0.0005,0.019944826318291087,-0.24807854699890186,0.6172757230848933,2937
更早(2022-2024),LTCUSDT,±30%,30,90天,0.001,0.0003944757599860793,-0.24807854699890186,0.6195360800640395,2937
更早(2022-2024),LTCUSDT,±20%,20,不重开,0.0005,-0.1740683017233936,-0.24807854699890186,0.6214777454897831,219
更早(2022-2024),LTCUSDT,±20%,20,不重开,0.001,-0.1770023707693128,-0.24807854699890186,0.6261746035420208,219
最近(2024-06~2026-09),BTCUSDT,±10%,20,30天,0.0005,0.04338161460721235,0.06917433560814823,0.38116012948766476,3398
最近(2024-06~2026-09),BTCUSDT,±10%,20,30天,0.001,-0.0006889242038581322,0.06917433560814823,0.3971865753517635,3398
最近(2024-06~2026-09),BTCUSDT,±20%,20,30天,0.0005,0.06125385455440391,0.06917433560814823,0.347872616378161,1094
最近(2024-06~2026-09),BTCUSDT,±20%,20,30天,0.001,0.042597530720495325,0.06917433560814823,0.3560489170824377,1094
最近(2024-06~2026-09),BTCUSDT,±20%,40,30天,0.0005,0.03200569842204293,0.06917433560814823,0.3594970980884573,4072
最近(2024-06~2026-09),BTCUSDT,±20%,40,30天,0.001,0.0032419061034716368,0.06917433560814823,0.37213950511452953,4072
最近(2024-06~2026-09),BTCUSDT,±30%,30,90天,0.0005,0.05739997793240437,0.06917433560814823,0.2864661353548271,1130
最近(2024-06~2026-09),BTCUSDT,±30%,30,90天,0.001,0.04656958030011715,0.06917433560814823,0.2928616269648383,1130
最近(2024-06~2026-09),BTCUSDT,±20%,20,不重开,0.0005,0.13008904677293165,0.06917433560814823,0.20646139639815697,563
最近(2024-06~2026-09),BTCUSDT,±20%,20,不重开,0.001,0.12455219289770647,0.06917433560814823,0.20743402377643816,563
最近(2024-06~2026-09),ETHUSDT,±10%,20,30天,0.0005,-0.2666779462637642,-0.1713453831876025,0.6318946805705958,4715
最近(2024-06~2026-09),ETHUSDT,±10%,20,30天,0.001,-0.308999716571547,-0.1713453831876025,0.6744126009602649,4715
最近(2024-06~2026-09),ETHUSDT,±20%,20,30天,0.0005,-0.17244491566642617,-0.1713453831876025,0.5218627223068564,1803
最近(2024-06~2026-09),ETHUSDT,±20%,20,30天,0.001,-0.1942102332624681,-0.1713453831876025,0.5476389799195609,1803
最近(2024-06~2026-09),ETHUSDT,±20%,40,30天,0.0005,-0.21019048412410424,-0.1713453831876025,0.5672801520300624,6719
最近(2024-06~2026-09),ETHUSDT,±20%,40,30天,0.001,-0.24456155840312743,-0.1713453831876025,0.6055278081925854,6719
最近(2024-06~2026-09),ETHUSDT,±30%,30,90天,0.0005,-0.11348475726912854,-0.1713453831876025,0.4623227374681965,2013
最近(2024-06~2026-09),ETHUSDT,±30%,30,90天,0.001,-0.12929284599612623,-0.1713453831876025,0.4784653671328829,2013
最近(2024-06~2026-09),ETHUSDT,±20%,20,不重开,0.0005,0.04888746408597999,-0.1713453831876025,0.47758482302723027,821
最近(2024-06~2026-09),ETHUSDT,±20%,20,不重开,0.001,0.04005490872272621,-0.1713453831876025,0.4838555468187121,821
最近(2024-06~2026-09),SOLUSDT,±10%,20,30天,0.0005,-0.23518342906000356,-0.19066233531964394,0.6364938585298943,5753
最近(2024-06~2026-09),SOLUSDT,±10%,20,30天,0.001,-0.28664034618172474,-0.19066233531964394,0.6748784406330781,5753
最近(2024-06~2026-09),SOLUSDT,±20%,20,30天,0.0005,-0.07759081988091376,-0.19066233531964394,0.5288218686787948,2532
最近(2024-06~2026-09),SOLUSDT,±20%,20,30天,0.001,-0.1087761734355761,-0.19066233531964394,0.5535896811486734,2532
最近(2024-06~2026-09),SOLUSDT,±20%,40,30天,0.0005,-0.14013934570019637,-0.19066233531964394,0.579004651719409,9360
最近(2024-06~2026-09),SOLUSDT,±20%,40,30天,0.001,-0.1893395123277265,-0.19066233531964394,0.6161172775296159,9360
最近(2024-06~2026-09),SOLUSDT,±30%,30,90天,0.0005,0.08069914404050693,-0.19066233531964394,0.46724332244013334,3037
最近(2024-06~2026-09),SOLUSDT,±30%,30,90天,0.001,0.05415722197509054,-0.19066233531964394,0.475894151181402,3037
最近(2024-06~2026-09),SOLUSDT,±20%,20,不重开,0.0005,0.1988095601489912,-0.19066233531964394,0.30165816839214254,1695
最近(2024-06~2026-09),SOLUSDT,±20%,20,不重开,0.001,0.18342664721510737,-0.19066233531964394,0.31104495401685606,1695
最近(2024-06~2026-09),XRPUSDT,±10%,20,30天,0.0005,-0.02022041935797958,0.5456670245996391,0.45654014280303057,5271
最近(2024-06~2026-09),XRPUSDT,±10%,20,30天,0.001,-0.08161772789679811,0.5456670245996391,0.4724739917997334,5271
最近(2024-06~2026-09),XRPUSDT,±20%,20,30天,0.0005,0.09831317525751415,0.5456670245996391,0.3988589845017163,2161
最近(2024-06~2026-09),XRPUSDT,±20%,20,30天,0.001,0.06591137433138283,0.5456670245996391,0.40789523246920323,2161
最近(2024-06~2026-09),XRPUSDT,±20%,40,30天,0.0005,0.02655100375694297,0.5456670245996391,0.416998481638552,7807
最近(2024-06~2026-09),XRPUSDT,±20%,40,30天,0.001,-0.023196738068015144,0.5456670245996391,0.43151437384536784,7807
最近(2024-06~2026-09),XRPUSDT,±30%,30,90天,0.0005,0.16409318049366517,0.5456670245996391,0.4110530522992818,2182
最近(2024-06~2026-09),XRPUSDT,±30%,30,90天,0.001,0.14370041000981937,0.5456670245996391,0.4174484110062251,2182
最近(2024-06~2026-09),XRPUSDT,±20%,20,不重开,0.0005,0.11706666910139973,0.5456670245996391,0.15970882967237698,491
最近(2024-06~2026-09),XRPUSDT,±20%,20,不重开,0.001,0.11215658328994471,0.5456670245996391,0.16086750930281968,491
最近(2024-06~2026-09),DOGEUSDT,±10%,20,30天,0.0005,-0.36862705118420813,-0.2519426160260927,0.6990028243443774,5659
最近(2024-06~2026-09),DOGEUSDT,±10%,20,30天,0.001,-0.4117497236292387,-0.2519426160260927,0.7324725655910872,5659
最近(2024-06~2026-09),DOGEUSDT,±20%,20,30天,0.0005,-0.1683187575365933,-0.2519426160260927,0.5278978181723168,2786
最近(2024-06~2026-09),DOGEUSDT,±20%,20,30天,0.001,-0.19928204957621443,-0.2519426160260927,0.5499374759788197,2786
最近(2024-06~2026-09),DOGEUSDT,±20%,40,30天,0.0005,-0.24170359062610458,-0.2519426160260927,0.5836414337087031,9990
最近(2024-06~2026-09),DOGEUSDT,±20%,40,30天,0.001,-0.28831253237430077,-0.2519426160260927,0.6239812844400645,9990
最近(2024-06~2026-09),DOGEUSDT,±30%,30,90天,0.0005,-0.16716643908885787,-0.2519426160260927,0.4858487662860712,2954
最近(2024-06~2026-09),DOGEUSDT,±30%,30,90天,0.001,-0.18823475630669306,-0.2519426160260927,0.49902834445291766,2954
最近(2024-06~2026-09),DOGEUSDT,±20%,20,不重开,0.0005,0.04821529432825589,-0.2519426160260927,0.40999849189283233,1105
最近(2024-06~2026-09),DOGEUSDT,±20%,20,不重开,0.001,0.036331391850239925,-0.2519426160260927,0.4124255438311125,1105
最近(2024-06~2026-09),BNBUSDT,±10%,20,30天,0.0005,0.13682726822382207,0.06999691870209968,0.42122509693641885,3919
最近(2024-06~2026-09),BNBUSDT,±10%,20,30天,0.001,0.08319409242328524,0.06999691870209968,0.4283727419753266,3919
最近(2024-06~2026-09),BNBUSDT,±20%,20,30天,0.0005,0.17806219841848292,0.06999691870209968,0.3757195914184932,1473
最近(2024-06~2026-09),BNBUSDT,±20%,20,30天,0.001,0.15284351026979492,0.06999691870209968,0.38011863643263566,1473
最近(2024-06~2026-09),BNBUSDT,±20%,40,30天,0.0005,0.13155177300650145,0.06999691870209968,0.38291884238551277,5438
最近(2024-06~2026-09),BNBUSDT,±20%,40,30天,0.001,0.09215650840687006,0.06999691870209968,0.3900725795641037,5438
最近(2024-06~2026-09),BNBUSDT,±30%,30,90天,0.0005,0.20598579712583587,0.06999691870209968,0.21497871685199244,1506
最近(2024-06~2026-09),BNBUSDT,±30%,30,90天,0.001,0.1909346311839577,0.06999691870209968,0.2164720455490129,1506
最近(2024-06~2026-09),BNBUSDT,±20%,20,不重开,0.0005,0.21764497381898207,0.06999691870209968,0.23079470994932616,1057
最近(2024-06~2026-09),BNBUSDT,±20%,20,不重开,0.001,0.208233900597101,0.06999691870209968,0.23200336907209795,1057
最近(2024-06~2026-09),ADAUSDT,±10%,20,30天,0.0005,-0.307053377217935,-0.30431932120397787,0.703002442239085,6291
最近(2024-06~2026-09),ADAUSDT,±10%,20,30天,0.001,-0.3584627398529021,-0.30431932120397787,0.7341686974796083,6291
最近(2024-06~2026-09),ADAUSDT,±20%,20,30天,0.0005,-0.14420363978391948,-0.30431932120397787,0.6281748208151787,2915
最近(2024-06~2026-09),ADAUSDT,±20%,20,30天,0.001,-0.17681908736344365,-0.30431932120397787,0.6385475011321533,2915
最近(2024-06~2026-09),ADAUSDT,±20%,40,30天,0.0005,-0.21647735281342562,-0.30431932120397787,0.6490703451338524,10576
最近(2024-06~2026-09),ADAUSDT,±20%,40,30天,0.001,-0.2664303160381457,-0.30431932120397787,0.679193517088071,10576
最近(2024-06~2026-09),ADAUSDT,±30%,30,90天,0.0005,-0.11239304087196156,-0.30431932120397787,0.6893617060198169,3146
最近(2024-06~2026-09),ADAUSDT,±30%,30,90天,0.001,-0.13512580862628942,-0.30431932120397787,0.6950699846592734,3146
最近(2024-06~2026-09),ADAUSDT,±20%,20,不重开,0.0005,-0.09414776757753507,-0.30431932120397787,0.4807892121433016,633
最近(2024-06~2026-09),ADAUSDT,±20%,20,不重开,0.001,-0.10235794499230122,-0.30431932120397787,0.4872172578893924,633
最近(2024-06~2026-09),LINKUSDT,±10%,20,30天,0.0005,-0.2715355301336557,-0.19477377728268264,0.6541702775044,5747
最近(2024-06~2026-09),LINKUSDT,±10%,20,30天,0.001,-0.3212819475640686,-0.19477377728268264,0.694043216854747,5747
最近(2024-06~2026-09),LINKUSDT,±20%,20,30天,0.0005,-0.08336651768270942,-0.19477377728268264,0.48730499519248793,2696
最近(2024-06~2026-09),LINKUSDT,±20%,20,30天,0.001,-0.1159618861943763,-0.19477377728268264,0.508641181616368,2696
最近(2024-06~2026-09),LINKUSDT,±20%,40,30天,0.0005,-0.1671196690821305,-0.19477377728268264,0.5450297681849203,9544
最近(2024-06~2026-09),LINKUSDT,±20%,40,30天,0.001,-0.21547252103516257,-0.19477377728268264,0.5786322005152648,9544
最近(2024-06~2026-09),LINKUSDT,±30%,30,90天,0.0005,-0.0627534996382586,-0.19477377728268264,0.5211916301390664,2836
最近(2024-06~2026-09),LINKUSDT,±30%,30,90天,0.001,-0.08407025446697769,-0.19477377728268264,0.5264463254370498,2836
最近(2024-06~2026-09),LINKUSDT,±20%,20,不重开,0.0005,0.11567580698550284,-0.19477377728268264,0.5045909880567878,1249
最近(2024-06~2026-09),LINKUSDT,±20%,20,不重开,0.001,0.10326414371824977,-0.19477377728268264,0.505782109527142,1249
最近(2024-06~2026-09),AVAXUSDT,±10%,20,30天,0.0005,-0.3820050002562525,-0.5104854989657659,0.7412259191834425,6847
最近(2024-06~2026-09),AVAXUSDT,±10%,20,30天,0.001,-0.431419563204704,-0.5104854989657659,0.7815502897331569,6847
最近(2024-06~2026-09),AVAXUSDT,±20%,20,30天,0.0005,-0.3000070366022216,-0.5104854989657659,0.6855726731157497,2827
最近(2024-06~2026-09),AVAXUSDT,±20%,20,30天,0.001,-0.3262625237707547,-0.5104854989657659,0.7012609283554957,2827
最近(2024-06~2026-09),AVAXUSDT,±20%,40,30天,0.0005,-0.36147601814972097,-0.5104854989657659,0.7229255485777819,10144
最近(2024-06~2026-09),AVAXUSDT,±20%,40,30天,0.001,-0.401032270018288,-0.5104854989657659,0.7488953451096643,10144
最近(2024-06~2026-09),AVAXUSDT,±30%,30,90天,0.0005,-0.22586400709928922,-0.5104854989657659,0.564983834364795,2944
最近(2024-06~2026-09),AVAXUSDT,±30%,30,90天,0.001,-0.24587977782230286,-0.5104854989657659,0.5727695829973622,2944
最近(2024-06~2026-09),AVAXUSDT,±20%,20,不重开,0.0005,-0.18870039321493104,-0.5104854989657659,0.5664467510990443,787
最近(2024-06~2026-09),AVAXUSDT,±20%,20,不重开,0.001,-0.20042060796330463,-0.5104854989657659,0.5754760521198379,787
最近(2024-06~2026-09),LTCUSDT,±10%,20,30天,0.0005,0.09866725887779815,-0.21331280654645768,0.37916437852377494,5871
最近(2024-06~2026-09),LTCUSDT,±10%,20,30天,0.001,0.02368251260633447,-0.21331280654645768,0.3844537724888384,5871
最近(2024-06~2026-09),LTCUSDT,±20%,20,30天,0.0005,0.24175200097139005,-0.21331280654645768,0.33544161643211245,2533
最近(2024-06~2026-09),LTCUSDT,±20%,20,30天,0.001,0.20096293131685483,-0.21331280654645768,0.33865145268055286,2533
最近(2024-06~2026-09),LTCUSDT,±20%,40,30天,0.0005,0.1435036184787437,-0.21331280654645768,0.34317525722903397,9056
最近(2024-06~2026-09),LTCUSDT,±20%,40,30天,0.001,0.08171759044496651,-0.21331280654645768,0.3484748101032883,9056
最近(2024-06~2026-09),LTCUSDT,±30%,30,90天,0.0005,0.05320949025535837,-0.21331280654645768,0.41534155200021294,2496
最近(2024-06~2026-09),LTCUSDT,±30%,30,90天,0.001,0.03228086219612547,-0.21331280654645768,0.421930088539868,2496
最近(2024-06~2026-09),LTCUSDT,±20%,20,不重开,0.0005,0.10143092838421985,-0.21331280654645768,0.30763550452520894,1241
最近(2024-06~2026-09),LTCUSDT,±20%,20,不重开,0.001,0.0888965628079601,-0.21331280654645768,0.3102647724654668,1241
