grp,inst,r,d,opened,d1,h4,btc,vr,sql,adx,delta,delta_prev,flow_usd
old40,XRP-USDT-SWAP,1.957990221869379,-1,1765724400000,1.0,1.0,1.0,2.146736943556449,8,21.671500238510188,0.09993612574291806,0.06143037701928602,114774.911442
old40,XRP-USDT-SWAP,-0.964989197152832,-1,1767200400000,1.0,1.0,1.0,3.833353887203943,18,18.32435602111903,0.1423839664926052,0.13127608122866194,195601.898922
old40,XRP-USDT-SWAP,-0.3296114603492505,-1,1768579200000,-1.0,1.0,-1.0,4.6397772763415865,4,34.096232969070016,0.2847091920705333,0.1628452222921307,383806.720297
old40,XRP-USDT-SWAP,0.3689831435941814,-1,1774508400000,1.0,1.0,1.0,1.4499746285596895,12,14.894204969570753,0.12502832708777412,0.019013511402053273,105066.827686
old40,XRP-USDT-SWAP,-1.0856870550750466,-1,1774814400000,1.0,1.0,1.0,1.044485802295664,2,15.526438074035571,0.2025943962224756,0.012260239714060447,52946.889149
old40,XRP-USDT-SWAP,0.6218762987484379,1,1776272400000,0.0,1.0,0.0,1.420482453713045,5,23.33762228496757,0.04614031791916724,0.0014926211408563862,91242.26468000001
old40,XRP-USDT-SWAP,0.4333239316602568,-1,1777384800000,-0.0,1.0,0.0,2.560473524644137,3,38.072337547039766,-4.624369055216456e-05,-0.07346384670210315,120984.28851999999
old40,XRP-USDT-SWAP,-0.944583040593168,1,1778058000000,0.0,1.0,0.0,1.7915809975177803,17,24.70224162326248,0.18797613052965775,0.14792018354098516,127394.59553999998
old40,XRP-USDT-SWAP,0.9556244457499632,1,1778428800000,0.0,1.0,0.0,2.154494809934888,15,19.064344689944203,0.20079948630063701,0.01057863322752961,141292.04203999997
old40,XRP-USDT-SWAP,0.7720741791270758,-1,1779073200000,-0.0,1.0,0.0,0.8977069217044976,13,27.506083331162195,0.12847433411657902,0.06431240354704182,94856.59990999999
old40,XRP-USDT-SWAP,0.694354673752817,-1,1779375600000,-0.0,1.0,0.0,1.4947361983890568,17,14.782230536975286,0.09212672746172162,0.07170000099072571,103739.9615
old40,XRP-USDT-SWAP,0.4650425036846936,-1,1782298800000,1.0,1.0,1.0,5.676786671317443,3,33.23831797290708,0.19640722728005214,-0.12160254917112577,226271.29578400002
old40,XRP-USDT-SWAP,0.4687888762456794,-1,1785168000000,1.0,1.0,-1.0,1.1772250998174307,8,22.61960164383483,0.12866106685011236,0.05687450114752729,73309.320169
old40,XRP-USDT-SWAP,-1.1123321998122235,-1,1785614400000,1.0,1.0,1.0,1.1674105992774917,6,31.304000819997245,-0.09257556235283487,0.13974732476793475,31223.207146
old40,XRP-USDT-SWAP,0.8116626274975455,-1,1785981600000,1.0,1.0,-1.0,1.0594577166755124,7,14.020610114071571,0.20832448674525092,-0.0476956026090328,60466.983995999995
old40,XRP-USDT-SWAP,0.2292842295948305,-1,1786546800000,1.0,1.0,1.0,2.2687718429936137,3,17.29970998874096,0.11297394919901577,-0.008502675900535966,151619.139903
old40,XRP-USDT-SWAP,-1.0350656264417977,-1,1786924800000,1.0,1.0,1.0,1.165938304144942,24,25.030395299548907,-0.13952667076787117,-0.03266371005541843,36948.177955
old40,XRP-USDT-SWAP,-0.9496133990788777,-1,1787022000000,1.0,1.0,-1.0,2.999175687402082,9,12.175917344309662,0.12507358071308783,0.10458149118836296,138333.381777
old40,AVAX-USDT-SWAP,1.3371846765633126,-1,1765713600000,1.0,1.0,1.0,3.817802295819607,11,16.097038150265636,0.1998062632567876,0.10372443664434788,2826156.7265000003
old40,AVAX-USDT-SWAP,1.4069011839532537,-1,1769331600000,1.0,1.0,1.0,1.8951300826937088,15,34.65313840308854,0.08260723771473535,-0.050288629657337325,1415503.8703
old40,AVAX-USDT-SWAP,-1.069122645802347,-1,1772938800000,1.0,1.0,1.0,2.366631883165601,9,34.65817755984738,0.28930548411091483,0.02585409884072172,1315838.3377
old40,AVAX-USDT-SWAP,0.2749959890698333,-1,1779066000000,-0.0,1.0,0.0,1.7621114650535012,3,26.67569840359486,0.06491389492836516,0.07450971804904667,2246597.3296
old40,ONDO-USDT-SWAP,0.4497888697004516,-1,1765713600000,1.0,1.0,1.0,10.84736596373823,18,15.73500632356046,0.19965000089497476,0.2574515164221394,126355.5231
old40,ONDO-USDT-SWAP,0.2785916119688659,-1,1786701600000,1.0,1.0,1.0,1.0641364759178007,14,15.750422818935672,0.13260930287802822,0.0998201629790228,50495.859300000004
old40,TAO-USDT-SWAP,-1.0146102232324936,-1,1759064400000,-0.0,1.0,0.0,2.5457327377764374,18,19.74512111823893,0.21723018263279348,0.14447005600655652,57132773.4
old40,LINK-USDT-SWAP,1.6697190140499092,-1,1769331600000,1.0,1.0,1.0,2.209039881017656,15,25.25800237635648,0.19000030180727343,-0.1484120045583164,1700207.5335000001
old40,LINK-USDT-SWAP,2.2002526765463983,-1,1769612400000,1.0,1.0,1.0,6.822242810806951,9,14.866689229424765,0.21059078303151355,0.0883116793973675,12444123.0009
old40,LINK-USDT-SWAP,-0.0569476665344894,1,1778407200000,0.0,1.0,0.0,1.0526622629495592,3,17.871855746903847,0.015552252486417131,0.08492880987606961,1152918.3773
old40,LINK-USDT-SWAP,-0.9213599211328422,-1,1785340800000,-1.0,1.0,1.0,1.3196328012269012,4,24.158691601087305,0.12024424647465004,-0.0552028813139433,1305655.6925000001
old40,LINK-USDT-SWAP,0.4475365906433469,1,1786417200000,1.0,1.0,-1.0,0.939505009705054,6,20.82891262192893,-0.16894825459288298,0.0761115100044956,1275895.4191
old40,LINK-USDT-SWAP,1.7911024687169184,1,1786741200000,1.0,1.0,-1.0,0.5349070874548533,7,22.09552380951653,0.04539431001831736,0.3526794359042738,894573.8393999999
old40,LINK-USDT-SWAP,0.4033688279333152,1,1787112000000,1.0,1.0,1.0,7.95186290500546,17,22.863413045807565,0.41301266509868195,-0.033719664852334824,8862954.5666
old40,ARB-USDT-SWAP,0.1684803235190483,-1,1786744800000,1.0,1.0,1.0,2.207461382924188,15,13.38940846192362,0.2179948998701813,0.2506133242845375,39756.813495
old40,ARB-USDT-SWAP,-1.057166783470479,-1,1788066000000,-1.0,1.0,-1.0,3.80384790269282,16,19.410547761880057,0.26758423218214694,-0.059846592421022776,36307.096374
old40,ALGO-USDT-SWAP,-0.9396840238542056,-1,1759028400000,-0.0,1.0,0.0,1.1329363508964694,12,17.408210158050917,0.5456158819780356,0.14508703686144242,9889.548999999999
old40,ALGO-USDT-SWAP,-0.5470653526612348,1,1766876400000,-1.0,1.0,-1.0,1.4911816894134249,11,12.30961736260087,0.2630090295748776,-0.05644899792973579,17422.9022
old40,ALGO-USDT-SWAP,-0.4264955718043828,-1,1772913600000,1.0,1.0,1.0,2.162885609329755,9,39.14698915237651,0.2298560433759886,-0.03976765176407241,19044.82978
old40,ALGO-USDT-SWAP,0.2491649073775464,-1,1779037200000,-0.0,1.0,0.0,0.8616414053132156,6,23.861551935385357,0.26979215539899604,-0.10840052285845264,8616.551940000001
old40,ALGO-USDT-SWAP,-1.059354360687877,-1,1784808000000,1.0,-1.0,-1.0,1.5581380818494222,1,19.943351882193237,0.14886197553169445,-0.1680860092000012,13427.74468
old40,ALGO-USDT-SWAP,-0.9714652043298552,-1,1787022000000,1.0,1.0,-1.0,3.522126117742222,3,14.524975224756316,0.3739747610291713,0.14630443595152973,27737.87825
old40,UNI-USDT-SWAP,-0.2353460725870773,1,1786874400000,-1.0,-1.0,-1.0,3.2838380647199528,14,23.04495806184895,-0.06758507894989904,0.09743613024117857,1361453.481
old40,BTC-USDT-SWAP,0.0798626323278591,1,1759507200000,0.0,1.0,0.0,4.4786906614813855,1,29.401988295213616,0.13924902626467828,-0.02639418084747881,115342553606.50299
old40,BTC-USDT-SWAP,1.517917239885053,-1,1760540400000,-0.0,1.0,0.0,2.302140865645477,6,22.091064170960696,-0.019148424642938183,0.049658303207782584,73976751705.07599
old40,BTC-USDT-SWAP,0.5630292963244362,1,1761480000000,0.0,1.0,0.0,3.9667616399870576,15,32.52812324937867,0.09087697378443947,0.05486024243235277,55811104879.952
old40,BTC-USDT-SWAP,0.6295989399633204,-1,1762434000000,1.0,1.0,1.0,1.7915803102441632,5,18.12752625236936,0.09741453766956973,0.05021286599341123,41061817302.568
old40,BTC-USDT-SWAP,1.2766816996405248,-1,1763308800000,1.0,1.0,1.0,2.657577216744725,17,23.57532363036765,0.2531043623220859,-0.036622098236612236,43494620562.774
old40,BTC-USDT-SWAP,1.2144027119504446,-1,1765731600000,1.0,1.0,1.0,2.4373108546929942,20,43.26275494646358,0.11008253446909952,-0.008470318353756631,33690698270.623997
old40,BTC-USDT-SWAP,-1.0592022421202167,1,1766988000000,-1.0,1.0,-1.0,1.2984720774249077,20,36.383447501169485,-0.027617952100896473,0.07883313815365933,24449233012.106003
old40,BTC-USDT-SWAP,-0.9697764381408176,-1,1767204000000,1.0,1.0,1.0,0.8627086544256046,4,25.40310537061567,-0.11673028149808638,0.03554233133008017,16796389572.282001
old40,BTC-USDT-SWAP,1.4782661940196815,1,1767477600000,-1.0,1.0,-1.0,1.3095566404627348,4,19.59410673138851,0.1015137563432786,0.06656796232767707,16130798717.324999
old40,BTC-USDT-SWAP,0.4256671961453844,-1,1768892400000,-1.0,1.0,-1.0,4.312920905952014,3,37.333696994366505,0.0877599137197993,0.022943698075491948,73123245684.37
old40,BTC-USDT-SWAP,-0.8957661376884765,-1,1773014400000,1.0,1.0,1.0,1.160259559692541,4,36.94570261092967,-0.08054892053006323,0.035578436829438426,25615206230.491
old40,BTC-USDT-SWAP,0.8271250107142584,1,1773619200000,-1.0,1.0,-1.0,2.671044574920324,6,30.8182375879604,0.01930818695382222,0.1571574016972627,46284455287.144
old40,BTC-USDT-SWAP,-1.0765547556880346,1,1777255200000,0.0,1.0,0.0,2.7518943703573715,8,32.93256200775484,-0.1507219367199761,0.042910005729102176,67979808007.722
old40,BTC-USDT-SWAP,0.7349043331866721,1,1777860000000,0.0,1.0,0.0,5.738884259827984,3,34.53017966178263,0.15311561292353357,0.014058911496208623,81839250993.77
old40,BTC-USDT-SWAP,-1.0688454131208696,1,1778068800000,0.0,1.0,0.0,2.743379796520128,12,27.76016603564744,0.06366253395939764,0.13655919191695956,76335803251.052
old40,BTC-USDT-SWAP,-1.1655422930450223,1,1778432400000,0.0,1.0,0.0,3.154958272196271,9,31.677383915461014,-0.03820157180240629,0.07035397480616822,28130191004.217003
old40,BTC-USDT-SWAP,0.1542339448805074,-1,1779066000000,-0.0,1.0,0.0,2.559427274891051,5,26.57202550144273,-0.05096550543969342,0.009563067765465292,43783579696.221
old40,BTC-USDT-SWAP,0.9707552133787446,-1,1779375600000,-0.0,1.0,0.0,1.491617674325591,13,17.15585037608001,0.014194474891530426,0.0057357280131360945,33241557236.791
old40,BTC-USDT-SWAP,0.8331157204749285,-1,1779894000000,1.0,1.0,1.0,2.4716083268013183,6,20.088929718417024,0.0767694965213045,0.030873116938194944,52834546235.475006
old40,BTC-USDT-SWAP,0.4894816991491382,-1,1780300800000,1.0,1.0,1.0,1.87517719504996,15,23.88461620087033,0.03961842849367727,-0.0671907453691248,28834477683.392
old40,BTC-USDT-SWAP,0.1884202818338609,-1,1782687600000,1.0,1.0,1.0,3.293089144330525,9,22.276541241480068,0.09069229235287082,-0.022040809830721,43490885301.877
old40,BTC-USDT-SWAP,-1.1171328420708595,1,1783191600000,-1.0,1.0,-1.0,1.0500592556120758,4,43.21916751412516,-0.15258735985114305,0.07493274035785548,14273458578.533
old40,BTC-USDT-SWAP,-0.0073452247533975,1,1783652400000,-1.0,1.0,-1.0,1.2732140763455668,6,27.39072456704704,0.1240387007241388,0.05016518891931954,34843128592.671
old40,BTC-USDT-SWAP,-0.9384318485238028,1,1784131200000,-1.0,1.0,-1.0,1.2890232794544298,3,37.22027007527269,0.008416138407829756,0.07622662476673286,31638388322.283
old40,BTC-USDT-SWAP,0.254619010229936,1,1784566800000,-1.0,1.0,-1.0,1.071309021390053,12,23.57433694262408,-0.05982984638471029,0.07860850533021939,34453243346.130005
old40,BTC-USDT-SWAP,0.2560477491692829,-1,1785488400000,1.0,1.0,1.0,0.9312540499157856,1,26.60355377569528,-0.020441865161926812,-0.03582479753816508,20082830090.211998
old40,BTC-USDT-SWAP,-0.9887953909161,-1,1785729600000,1.0,1.0,1.0,2.108744908817753,2,17.773115701808656,0.23532951995359522,0.1461181350502941,24308078758.806
old40,BTC-USDT-SWAP,-0.3223053461941839,1,1786107600000,-1.0,1.0,-1.0,4.978543013365375,11,20.08624656227713,0.14975446884087873,-0.04968113533852623,63035922159.908005
old40,BTC-USDT-SWAP,-0.9488961005496148,-1,1787468400000,-1.0,-1.0,-1.0,1.188011186153231,7,19.17012072385241,-0.09185028377397961,0.07620790383004167,22277319519.83
old40,BTC-USDT-SWAP,-1.0703203742881835,-1,1789045200000,-1.0,1.0,-1.0,7.869401426043879,6,34.05664760199855,0.08742692039547474,0.07383359516290995,129158878857.80402
old40,BTC-USDT-SWAP,0.4671891764883304,-1,1790168400000,-1.0,-1.0,-1.0,1.3198097513817066,14,23.67714218358943,0.03207590633466873,-0.04188446070541532,30576654268.595
old40,BNB-USDT-SWAP,-0.3355599628237632,1,1767103200000,-1.0,1.0,-1.0,2.923659953431432,11,24.349206393664904,0.10573824169559003,-0.10933282647043074,418940061.7
old40,BNB-USDT-SWAP,0.6699888769001144,1,1767492000000,-1.0,1.0,-1.0,2.0455398036295414,3,16.4271891777828,0.1865776999123368,-0.12687851932902586,402494920.0
old40,BNB-USDT-SWAP,-1.077724424555641,1,1767711600000,1.0,1.0,1.0,5.833166057139715,8,19.75770889616313,0.06545573238023064,0.02008604503717189,1559306017.8000002
old40,BNB-USDT-SWAP,1.7115634217568916,1,1768320000000,1.0,1.0,-1.0,2.4365379639368023,19,17.159371979737063,0.2841769563930059,-0.07436426155301913,864000294.1
old40,BNB-USDT-SWAP,-0.3530891999190133,1,1773367200000,-1.0,1.0,-1.0,0.8655342109540062,1,17.063813882306498,-0.0012222474110806128,0.0918051325191363,219583856.39999998
old40,BNB-USDT-SWAP,-0.2914265707324223,1,1773619200000,-1.0,1.0,-1.0,3.089335635229014,2,28.39930703377788,-0.1002930858959752,0.08306619428178331,599900822.3
old40,BNB-USDT-SWAP,-1.065241329961918,-1,1774137600000,1.0,1.0,1.0,13.110051955106584,22,14.275122529930718,0.251170614425785,-0.13493201998125146,946489232.9999999
old40,BNB-USDT-SWAP,1.0477965647731025,-1,1775095200000,1.0,1.0,1.0,4.612235498208572,15,17.507846903287998,0.08979495467921399,0.023648151835409692,951933842.0
old40,BNB-USDT-SWAP,0.7740684791611655,1,1776283200000,0.0,1.0,0.0,1.866263383952607,4,27.821189559097892,0.23896188719665667,0.1509914240751928,387291618.7
old40,BNB-USDT-SWAP,-0.065446862422709,-1,1777474800000,-0.0,1.0,0.0,0.5294609310693813,15,19.858891075669764,-0.2697898316745012,0.07581447943525133,77667793.0
old40,BNB-USDT-SWAP,1.325034850391826,1,1778054400000,0.0,1.0,0.0,2.267736574226841,9,28.03870330437153,0.16034168164401336,0.04206954604355939,442194535.9
old40,BNB-USDT-SWAP,0.5182671113428524,1,1778432400000,0.0,1.0,0.0,2.461915751833368,6,15.69370423325388,0.310689334615003,0.067253213967036,272755918.4
old40,BNB-USDT-SWAP,-0.9459332697713132,1,1778774400000,0.0,1.0,0.0,2.0600343761568536,8,13.794622178965756,0.03911953512383429,0.07531896484513918,465306229.79999995
old40,BNB-USDT-SWAP,0.2232670966749435,-1,1779073200000,-0.0,1.0,0.0,0.999010395570162,4,30.234964075586984,0.24972942825737704,0.04508126234606363,218502399.49999997
old40,BNB-USDT-SWAP,-0.7594876878502571,-1,1779937200000,-1.0,1.0,1.0,1.2443737111526236,14,23.34299271651223,0.4614101704296893,0.21054118329718316,206707412.0
old40,BNB-USDT-SWAP,-1.0785513292121305,-1,1782676800000,1.0,1.0,1.0,2.9899986143689383,6,25.101792217082448,0.20366629663514188,0.17441658853508016,297416010.9
old40,BNB-USDT-SWAP,-0.9568248418971028,-1,1784901600000,1.0,1.0,-1.0,8.817769423428993,15,20.853875614746453,0.34883227807071016,0.28471076543344087,856812225.5
old40,BNB-USDT-SWAP,-0.6095559761996178,1,1785895200000,1.0,1.0,-1.0,4.607205095597871,11,28.42958831327374,0.2852648533744655,-0.11690865834999946,797138897.8
old40,BNB-USDT-SWAP,0.4397368230064922,1,1786442400000,1.0,1.0,-1.0,1.295326477084943,1,28.79248939936659,0.18036737371883718,0.01874308150756161,177064718.2
old40,BNB-USDT-SWAP,0.4434691737149608,1,1787155200000,1.0,-1.0,1.0,18.67921010518465,6,20.214000120521234,0.07394214181946702,0.08544681841818658,2073870137.2
old40,BNB-USDT-SWAP,-1.058799550396821,1,1787630400000,1.0,1.0,1.0,0.5807244378142049,23,15.292679084363884,-0.009266556355788828,0.02851409611555873,177082989.3
old40,BNB-USDT-SWAP,-0.0796730544108393,1,1787742000000,1.0,1.0,1.0,4.364657926578524,8,23.23836861060115,0.2731230065153076,0.13239756771036434,686198396.8
old40,BNB-USDT-SWAP,2.708974904991574,1,1788591600000,1.0,1.0,1.0,0.8192009294469582,5,21.578686384046502,0.3549912596523119,0.05422529740454943,212510539.2
old40,BNB-USDT-SWAP,-0.4678222144171589,-1,1789459200000,-1.0,1.0,-1.0,0.817059301058515,15,12.639269929261484,0.14548007901702437,0.1389943098213463,176990365.10000002
old40,BNB-USDT-SWAP,-1.07793662927944,1,1789822800000,1.0,1.0,1.0,1.6436423604006756,4,43.168529459626775,0.2243128228093262,0.11944783344052724,433118217.6
old40,BCH-USDT-SWAP,0.4225636524114156,-1,1758654000000,-0.0,1.0,0.0,1.0241237753553194,7,64.48350744855371,0.27044081891348015,-0.025220602337284553,16471626.280000001
old40,BCH-USDT-SWAP,-1.0820245784189424,-1,1759032000000,-0.0,1.0,0.0,1.6577292007544402,23,14.055945316856803,0.14445400467255798,0.14562351812985366,14530173.98
old40,BCH-USDT-SWAP,0.1750458350999049,1,1759467600000,0.0,1.0,0.0,2.5396864226100577,5,35.64267394005277,0.20783483572366732,0.025834073021986963,68544954.22
old40,BCH-USDT-SWAP,0.4432993866144709,-1,1768633200000,-1.0,1.0,-1.0,0.4698273503142421,10,14.787925569883646,-0.006054971050758348,0.1575738945239467,14628395.290000001
old40,BCH-USDT-SWAP,0.6971301374739929,1,1776826800000,0.0,1.0,0.0,2.903107569386568,18,21.00803033910527,0.21775553313975327,-0.00974040815855077,31182278.089999996
old40,BCH-USDT-SWAP,-1.1164673126484497,-1,1777856400000,-0.0,1.0,0.0,3.295921557398842,1,14.476323319732904,-0.013882318721188424,0.128898441999692,12452096.33
old40,BCH-USDT-SWAP,1.737855305495026,1,1777971600000,0.0,-1.0,0.0,7.347301972516815,8,26.318327008290648,0.24895227168829895,0.04292673651493442,76488743.89
old40,BCH-USDT-SWAP,2.332532703269608,-1,1779062400000,-0.0,1.0,0.0,13.21181142784355,2,40.66522737382469,0.23893405905418127,0.12644190504942845,117787578.47
old40,BCH-USDT-SWAP,0.7157537770449601,-1,1779638400000,1.0,1.0,-1.0,0.8175037637848283,2,28.73652306980545,-0.004335277536349603,0.11000727089147329,11916065.25
old40,FIL-USDT-SWAP,0.515784672380936,-1,1779037200000,-0.0,1.0,0.0,0.8375692038824314,5,33.608783517924664,0.14014800934374483,0.03866402431381793,10185021.7551
old40,SOL-USDT-SWAP,-1.0613912238676797,-1,1766325600000,1.0,1.0,1.0,6.229269910304599,17,18.18914826630303,0.15456509781317732,0.049260913902864835,104100804.9977
old40,SOL-USDT-SWAP,-0.0560826691205882,-1,1769180400000,1.0,1.0,1.0,4.886951448597899,6,21.918404656461508,0.07991568627087386,0.11260230718155224,107444940.8167
old40,SOL-USDT-SWAP,2.880580169341846,-1,1769356800000,1.0,1.0,1.0,2.310679525206809,24,25.69704800940414,0.15383175463024729,-0.07778712750057673,30644408.467100002
old40,SOL-USDT-SWAP,1.2560271070574618,-1,1769652000000,1.0,1.0,1.0,1.0120700003286638,8,22.442388109271064,0.05251833071727053,-0.01619991941112928,30319018.088600002
old40,SOL-USDT-SWAP,0.9989591134603176,1,1778259600000,0.0,1.0,0.0,1.4400940388211427,9,14.006588388054368,-0.09064411658603946,0.0655776270051192,37981664.900800005
old40,SOL-USDT-SWAP,0.348650616858793,1,1778428800000,0.0,1.0,0.0,2.581621115237896,12,20.05020103372061,0.06368058144326949,0.026732551056467557,64758915.436
old40,SOL-USDT-SWAP,0.379503967084272,-1,1779066000000,-0.0,1.0,0.0,2.169624642344941,3,29.261312773060038,0.06681154363682525,0.12462156443980472,47971498.8913
old40,SOL-USDT-SWAP,-0.8696630150770357,1,1782136800000,-1.0,1.0,-1.0,1.6521603585844369,2,19.732257411033647,0.09559818671356733,0.05451663949035527,54989763.5177
old40,SOL-USDT-SWAP,0.7157932497476609,-1,1785484800000,1.0,1.0,1.0,1.429094429789472,5,28.608918155085806,0.03527394037023454,0.06824098743759592,25651998.7561
old40,SOL-USDT-SWAP,2.4139003728717308,1,1787065200000,1.0,1.0,1.0,5.527541509105771,14,14.02536800408336,0.01658983900702029,0.10440062039624591,71063726.72459999
old40,TRUMP-USDT-SWAP,0.8417413588579709,-1,1758772800000,-0.0,1.0,0.0,2.833701007587791,9,30.001496299073107,0.07109407023475428,0.13317671071759818,39312078.36
old40,TRUMP-USDT-SWAP,-1.0077175688130613,1,1759755600000,0.0,1.0,0.0,1.1218587763595853,6,14.511949304908446,0.1518778118543473,-0.07967858247833302,14239187.269000001
old40,TRUMP-USDT-SWAP,-0.038751567118226,-1,1764169200000,1.0,1.0,1.0,1.7507002669494294,17,23.22584346235513,0.23006887926966044,0.08495532463634,21218945.95
old40,TRUMP-USDT-SWAP,-0.2287806010725831,-1,1765108800000,1.0,1.0,1.0,5.383658865601178,22,18.6630280757751,0.09885074028276601,0.15581749294394773,41408770.347
old40,TRUMP-USDT-SWAP,0.5328936796247401,-1,1765555200000,1.0,1.0,1.0,5.73989631053443,9,18.84711087048609,0.19954445742433322,0.07922045564962384,39247279.518999994
old40,TRUMP-USDT-SWAP,-0.9207277790795316,-1,1765893600000,1.0,1.0,1.0,3.788027766724428,2,47.26302481206528,-0.051412482777072395,-0.010816082425493307,34764264.561000004
old40,TRUMP-USDT-SWAP,0.397793213855726,-1,1766437200000,1.0,1.0,1.0,2.385455325803973,9,14.201776573485215,0.26511985255574927,0.002821852262598304,32036223.433000002
old40,TRUMP-USDT-SWAP,0.179761460071129,-1,1768917600000,1.0,1.0,-1.0,2.0376054427064334,6,40.65158891536044,0.37386300104531317,0.07611168527627372,16137381.041
old40,TRUMP-USDT-SWAP,-1.0587481881532432,1,1778432400000,0.0,1.0,0.0,4.00531930419496,16,14.711436314971795,0.04765589959235052,-0.0298624024771751,31246666.871
old40,TRUMP-USDT-SWAP,-0.2132649678086862,-1,1785499200000,1.0,1.0,1.0,1.7822824990417785,18,12.827164524552776,0.005348448740896057,0.033977007665626426,10435510.875
old40,TRUMP-USDT-SWAP,-0.3528583226829279,1,1786208400000,-1.0,1.0,1.0,0.758033206505553,20,14.424260794246724,0.059174921993277785,0.14984740207281175,3553871.6050000004
old40,TRUMP-USDT-SWAP,-1.0620099379271992,-1,1787022000000,1.0,1.0,-1.0,3.888954269811787,14,22.34040368742832,0.2682195378035998,0.05234817657309045,18959323.432
old40,XLM-USDT-SWAP,-1.0609475338502188,-1,1760857200000,-0.0,1.0,0.0,1.4492249736707083,12,14.036271181176618,0.30258931807335837,0.10215595965253815,10672.247023
old40,XLM-USDT-SWAP,0.6560731942681822,-1,1765713600000,1.0,1.0,1.0,3.922343309939296,15,21.500063152140005,0.19593631561759384,-0.048406282385430995,7861.517331000001
old40,XLM-USDT-SWAP,1.6810368648846858,-1,1767117600000,1.0,1.0,1.0,0.9104734632277536,2,41.61553075615048,0.1866615752039212,0.07521094424985786,4240.92926
old40,XLM-USDT-SWAP,-1.0691202884171789,-1,1772924400000,1.0,1.0,1.0,1.006669313638456,10,23.40874337024394,0.215981180341886,-0.03568032326694305,2282.8691010000002
old40,XLM-USDT-SWAP,0.9075768247985806,1,1773532800000,-1.0,1.0,-1.0,1.3170295172208455,14,26.31065220150021,0.1291595316983832,-0.1483819577387899,2578.065069
old40,XLM-USDT-SWAP,-0.0312414931400849,-1,1777777200000,-0.0,1.0,0.0,3.5892442855512874,13,12.884361308682122,0.05180125153347364,0.21515620787753317,4475.9490000000005
old40,XLM-USDT-SWAP,-0.8955707720385742,-1,1785474000000,1.0,1.0,1.0,0.5230880833466565,12,10.416217614600532,-0.208316076038603,0.0179652126534879,2241.3927329999997
old40,XLM-USDT-SWAP,1.9971028256539989,-1,1785852000000,1.0,1.0,1.0,6.159035783201739,12,22.80109389269881,0.13359417219377254,-0.05953819707110064,19089.901424000003
old40,XLM-USDT-SWAP,-0.8940157422436514,-1,1786460400000,1.0,1.0,1.0,3.2644524831373074,6,24.284988758454112,0.2040488334264884,-0.07410338105844416,8539.124325
old40,XLM-USDT-SWAP,-0.1001185150335059,-1,1786546800000,1.0,1.0,1.0,5.389332948298266,8,19.69288039477906,0.149778066177899,0.051052554767744306,19948.455166
old40,XLM-USDT-SWAP,0.3839913575767241,-1,1786852800000,1.0,1.0,1.0,0.8582462382953965,10,24.08815608637581,0.4140954196365905,0.09535464447203051,1916.4779550000003
old40,XLM-USDT-SWAP,-1.0573475569926971,-1,1787025600000,1.0,1.0,-1.0,3.2539209621883955,7,19.702631598447837,0.057195206182180956,0.03426216887511199,11069.463881
old40,XLM-USDT-SWAP,0.5194944241013947,1,1788667200000,1.0,1.0,1.0,1.3486690407113804,2,39.11513746699585,0.07624814205241112,0.11189936952678596,5858.212882
old40,DOGE-USDT-SWAP,0.6260571332035909,-1,1766660400000,1.0,1.0,1.0,2.755943033433586,8,14.392638939278,0.2632519234877373,0.052340064280193256,25290.9718793
old40,DOGE-USDT-SWAP,2.3032969964889243,1,1777435200000,0.0,1.0,0.0,2.6782684629128566,12,14.611157070312126,0.19041606496108868,0.0002574783063878719,45494.7875867
old40,DOGE-USDT-SWAP,0.5558162765259165,-1,1784811600000,1.0,1.0,-1.0,10.189159768697737,6,26.492522478425112,0.12994858761387293,-0.00826842819552893,50482.7888087
old40,DOGE-USDT-SWAP,-0.4156115680921692,-1,1785492000000,1.0,1.0,1.0,1.5017081693192356,15,14.253971426353734,0.119766691919258,0.08285647309131942,9900.8541181
old40,DASH-USDT-SWAP,-0.0234639942165432,-1,1784905200000,1.0,1.0,-1.0,1.719414420450251,7,40.08828214957946,0.2115452988115224,0.09466262385652792,19058542.84
old40,DASH-USDT-SWAP,1.442413678579823,-1,1785164400000,1.0,1.0,-1.0,5.898998984862825,13,14.569218261672535,0.18040923227429467,0.24066861529281017,56410300.58
old40,DASH-USDT-SWAP,0.1461444493988022,-1,1786572000000,1.0,1.0,1.0,1.7927053285140828,8,18.40545931213905,0.35699805262765194,0.04905962028422797,12377134.77
old40,DASH-USDT-SWAP,-0.975705337615148,-1,1786842000000,1.0,1.0,1.0,2.916452279700598,8,13.751056772619927,0.031194021781056222,0.2669377230591555,13041060.01
old40,DASH-USDT-SWAP,-1.057725576078162,-1,1787022000000,1.0,-1.0,-1.0,3.97085299268316,5,16.26505933932359,-0.19087070871355363,0.09826147871052841,29120973.759999998
old40,PEPE-USDT-SWAP,2.5966534822053235,-1,1768752000000,-1.0,1.0,-1.0,1.339521495519484,15,27.645329708157487,-0.0030317265963431903,0.031110048915700888,0.8963590923
old40,PEPE-USDT-SWAP,1.1973547428276885,1,1778428800000,0.0,1.0,0.0,2.938917218034522,5,16.983946542807608,0.15575143922710186,-0.05726873425606801,1.1000049074999998
old40,PEPE-USDT-SWAP,0.7181844388789278,-1,1786845600000,1.0,1.0,1.0,2.51102080867583,14,17.532861946986596,0.16331827122599518,0.1745929897957231,0.2058113293
old40,WLD-USDT-SWAP,0.8735934230741057,-1,1777136400000,-0.0,1.0,0.0,2.256134964516466,24,18.39533338391191,0.08867086207128246,0.1210318349153351,1588776.5011999998
old40,ETH-USDT-SWAP,0.6160079712214954,-1,1758765600000,-0.0,1.0,0.0,3.3487807723129395,24,31.504190214030903,0.10935549798731668,-0.010960355479049678,10898074737.4478
old40,ETH-USDT-SWAP,0.9114596547334544,1,1759633200000,0.0,1.0,0.0,4.747907190986402,18,11.34968085585434,0.20037573348520457,-0.059609980169304765,11847854705.462599
old40,ETH-USDT-SWAP,0.7134705060562155,1,1767488400000,1.0,1.0,-1.0,4.30932211914646,3,35.55634353492842,0.19504388352386492,0.025961233859527647,8035715451.687201
old40,ETH-USDT-SWAP,-1.0884221628793704,1,1768762800000,1.0,1.0,1.0,3.8190211194724912,6,22.662763677016976,0.2521096220448973,0.06858565645035039,6011659035.383
old40,ETH-USDT-SWAP,-0.9155060920401648,1,1778065200000,0.0,1.0,0.0,1.2303169750507643,19,15.973982561042844,-0.026282739744079738,0.07829146326602641,4164637725.5954
old40,ETH-USDT-SWAP,0.2304633992746971,-1,1778576400000,-0.0,1.0,0.0,2.1230433598650094,9,31.741194549451304,0.12130010204179385,0.10829912734184288,5662289388.247601
old40,ETH-USDT-SWAP,1.0623009535811891,-1,1779476400000,1.0,1.0,-1.0,4.8257945747245925,19,17.762692321203023,0.17355456882317885,0.025281118314599765,8285525944.4092
old40,ETH-USDT-SWAP,0.7390506611869325,-1,1780300800000,1.0,1.0,1.0,1.8917139997586083,11,31.639616098951503,0.10705416013826462,-0.028088648013464553,4061850495.0979
old40,ETH-USDT-SWAP,-1.0659660771097543,1,1783180800000,-1.0,1.0,-1.0,5.245624023562621,1,56.3317741369728,0.099021264690779,0.034522458812071756,10592639942.0414
old40,ETH-USDT-SWAP,-0.9764605372715316,1,1783789200000,-1.0,1.0,-1.0,2.209618196050636,13,31.981873755481008,0.07466332509518601,0.07506725496740736,2531863721.8407
old40,ETH-USDT-SWAP,-0.9744105632761386,-1,1785610800000,-1.0,1.0,1.0,15.451228561407971,1,26.458797393169075,0.16791205432054412,0.1067309936773874,10648446245.842499
old40,ETH-USDT-SWAP,3.566258173233357,1,1787144400000,1.0,1.0,1.0,4.654264803890499,6,26.689484487960847,-0.010870330047752324,-0.00725803029441395,5316858847.6254
old40,ETH-USDT-SWAP,-1.00325203734311,1,1788944400000,1.0,1.0,1.0,1.2854615793785134,19,14.987644597191093,0.08748739832592496,0.010931328568444351,3293441541.2913
old40,HBAR-USDT-SWAP,-0.965894045683685,-1,1765958400000,1.0,1.0,1.0,1.0657474902580095,8,21.140866887980767,0.13541205832182313,-0.006288818266230016,4449.145759
old40,HBAR-USDT-SWAP,-1.0587926769726212,-1,1767189600000,1.0,1.0,1.0,0.8503684336728016,10,17.305338744836245,-0.29137109820436496,0.3216991585198861,2518.475029
old40,HBAR-USDT-SWAP,-0.0390616644733749,-1,1774612800000,1.0,1.0,1.0,0.9000987720712061,4,21.189406743847908,-0.1548762773734794,0.33807809359716395,2590.253206
old40,HBAR-USDT-SWAP,0.4641186993966761,1,1778252400000,0.0,1.0,0.0,1.3500424712885215,2,13.603032294833818,0.05167818450141373,-0.10288454205605835,3059.1195399999997
old40,HBAR-USDT-SWAP,1.5185647642823137,1,1778400000000,0.0,1.0,0.0,5.988602409663562,5,17.636480233877897,0.4755867927459392,-0.08986481101220144,13541.684529999999
old40,HBAR-USDT-SWAP,-1.0693664840654782,-1,1779364800000,-0.0,1.0,0.0,0.7722791016398515,19,14.47331902130651,-0.03969613526880909,0.09677430446234547,1536.1690649999998
old40,HBAR-USDT-SWAP,0.6221793420446757,-1,1782306000000,1.0,1.0,1.0,0.5275705346010905,11,25.84718313162885,-0.03308209449621468,0.07054553148036728,812.469265
old40,HBAR-USDT-SWAP,-0.8769822393470764,1,1783296000000,-1.0,1.0,-1.0,1.2161657130370822,4,31.45241597519277,-0.030742524264147933,-0.049923315254661725,1914.4266910000001
old40,HBAR-USDT-SWAP,-0.2961932289998308,-1,1784246400000,1.0,1.0,1.0,0.8849272096390717,12,11.559883191469904,0.01955603893454592,-0.07058618802040266,1391.434538
old40,HBAR-USDT-SWAP,-1.007821389824965,-1,1786125600000,1.0,1.0,1.0,1.92717308353012,7,14.98212293682281,0.3619637444276081,0.21181434851834158,2416.7577069999998
old40,HBAR-USDT-SWAP,-0.1791610744005981,-1,1786651200000,1.0,1.0,1.0,2.4005789760810408,1,19.575202812104664,0.6269065235370063,0.03545599245894774,3937.6937809999995
old40,HBAR-USDT-SWAP,-1.058997707176586,-1,1789128000000,-1.0,1.0,-1.0,1.013720857411256,3,50.35942546065535,0.01936387889734773,0.3273130081928855,1570.140113
old40,NEAR-USDT-SWAP,0.1080599638176008,-1,1777575600000,-0.0,1.0,0.0,0.8359297861279846,3,29.534742855098056,-0.19851684746438406,-0.09033972893454811,19595.260299999998
old40,NMR-USDT-SWAP,0.4469294394899513,1,1767391200000,-1.0,1.0,-1.0,0.2737307399268321,20,25.899323580157272,-0.16371770693353427,-0.006910623580133279,105919.21500000001
old40,NMR-USDT-SWAP,1.0370524169023818,-1,1774778400000,1.0,1.0,1.0,0.5505119269392028,8,14.597178056507014,0.3805271741073854,0.6500452662362081,36578.276
old40,NMR-USDT-SWAP,0.2359361253040563,1,1778266800000,0.0,1.0,0.0,0.3599444157879456,22,19.36916011066102,-0.0769660486464769,-0.17348705104936302,58295.937999999995
old40,NMR-USDT-SWAP,0.9569106809138036,-1,1784700000000,-1.0,1.0,-1.0,0.7764280937863637,17,18.23356499255503,0.4389102986251696,-0.13309030466755642,68878.31999999999
old40,NMR-USDT-SWAP,-1.0810717654529705,-1,1784995200000,1.0,1.0,1.0,1.0228710608311202,3,28.343238610593023,0.37854265111796515,-0.15602662537835577,90822.59
old40,NMR-USDT-SWAP,0.5522596005349176,-1,1786921200000,1.0,1.0,1.0,0.7151403360087741,18,18.82956751589441,-0.1613315196738057,0.3109954117552129,22998.803999999996
old40,ENA-USDT-SWAP,0.7796735662823452,-1,1765688400000,1.0,1.0,1.0,1.8420637938697269,15,28.995852252442084,0.34377570702601884,-0.17704839604408787,71249.36869999999
old40,ENA-USDT-SWAP,0.3009467485890654,-1,1786845600000,1.0,1.0,1.0,0.9666774722653309,3,17.915876790849016,0.48404235511522253,0.21256443586151194,15005.234590000002
old40,CRV-USDT-SWAP,-1.0599970447074596,-1,1785852000000,1.0,1.0,1.0,6.089698542787045,4,19.707203582626768,0.022807838687559825,-0.009326942879271105,725168.7117999999
old40,AAVE-USDT-SWAP,0.2783539741004806,-1,1774782000000,1.0,1.0,1.0,1.6178973709049107,3,19.536401690816025,0.28911877091524174,0.15199758757065904,10773358.624
old40,AAVE-USDT-SWAP,0.6307585659711777,-1,1779066000000,-0.0,1.0,0.0,1.295394858503054,2,20.86104783260837,0.17951764604023043,0.049782191690036975,13991142.901
old40,ADA-USDT-SWAP,0.9600847377953688,-1,1765720800000,1.0,1.0,1.0,1.97032314099273,24,29.93418927450788,0.06402376019961328,0.030809495454976854,45722.97614
old40,ADA-USDT-SWAP,0.7958372795374983,1,1777863600000,0.0,1.0,0.0,2.582849013068357,2,21.62743318831811,0.14106706405799965,-0.03461657065505221,44326.71745
old40,ADA-USDT-SWAP,1.0415696554721423,1,1778421600000,0.0,1.0,0.0,2.0026927737160807,5,15.456924837514174,0.33006414467073947,0.19434941029341632,22214.49239
old40,ADA-USDT-SWAP,0.36278448729782,-1,1779066000000,-0.0,1.0,0.0,1.6406712338581844,6,26.40821869409989,0.08917864085203106,0.03683064477095784,31498.88811
old40,ADA-USDT-SWAP,-0.9590767219108984,-1,1779364800000,-0.0,1.0,0.0,0.9997182164313528,24,16.972446547971348,0.0356493001505411,0.14574410108145192,18308.84105
old40,ADA-USDT-SWAP,0.5174727639551441,-1,1786816800000,1.0,1.0,1.0,3.355911582322455,12,17.82093645147723,0.14223952832664602,0.1011464894851063,21066.50103
old40,LTC-USDT-SWAP,0.3929101480497812,1,1761472800000,0.0,1.0,0.0,3.060327887084884,21,22.722899422698465,0.08729793656286651,0.031804017701509944,5991498.8440000005
old40,LTC-USDT-SWAP,0.3404288535164877,-1,1764932400000,1.0,1.0,1.0,0.7971872396023116,6,35.09172072086129,-0.1791790871215511,-0.01138477321141381,2696356.895
old40,LTC-USDT-SWAP,0.6693987904118469,-1,1765710000000,1.0,1.0,1.0,2.4870921025573587,19,21.00103271139557,0.19404578633011088,-0.2167803996861065,2987067.006
old40,LTC-USDT-SWAP,-1.0629243563621031,-1,1767207600000,1.0,1.0,1.0,0.7285202503825684,22,17.68783683778162,-0.20236117040432441,0.10698780870206477,1574158.982
old40,LTC-USDT-SWAP,0.2505321967130238,-1,1774800000000,1.0,1.0,1.0,1.423048663256013,3,16.143350588393215,0.07516673562677023,-0.019293867433150293,754073.694
old40,LTC-USDT-SWAP,1.0619735381645252,1,1776265200000,0.0,1.0,0.0,1.9036479570845808,3,21.19734637533682,0.05998907814436471,0.15820319669117622,1216117.521
old40,LTC-USDT-SWAP,-0.1821956054521495,1,1776837600000,0.0,1.0,0.0,2.8271463036957263,16,17.92474983751914,0.17745584749488397,0.10738470952820815,2891454.056
old40,LTC-USDT-SWAP,0.8545478442403661,1,1778259600000,0.0,1.0,0.0,2.220785651491356,7,17.936313127672708,0.2613625969074612,0.2326135198921997,2122536.903
old40,LTC-USDT-SWAP,0.712385982387483,-1,1779361200000,-0.0,1.0,0.0,3.040196254325986,24,12.669505243986858,0.13364825976295314,-0.11972407321713437,2703124.243
old40,LTC-USDT-SWAP,-0.1939243515193833,-1,1779818400000,1.0,1.0,-1.0,1.8427529403154803,10,24.77798649246152,0.04348315805419164,0.03888957310304319,2007914.993
old40,LTC-USDT-SWAP,-1.0654398731564203,1,1782136800000,-1.0,1.0,-1.0,1.4889162879658089,2,30.63980796095341,0.03423620234147083,0.09441598823974091,998998.886
old40,LTC-USDT-SWAP,0.4847621085020426,-1,1785492000000,1.0,1.0,1.0,1.425828269908276,17,11.839864404173795,0.22578355333169792,0.09098634749078739,1011373.2759999998
old40,LTC-USDT-SWAP,0.800038169564857,-1,1786712400000,1.0,1.0,1.0,1.6698894321685946,23,21.40721645568104,0.07994254415812639,0.004517550711324546,522300.24
old40,LTC-USDT-SWAP,-1.0627489653218338,-1,1790557200000,-1.0,-1.0,-1.0,1.5711371257200528,18,17.455990357814184,0.18642299939402956,0.06991434445060082,3467689.3789999997
old40,SUI-USDT-SWAP,0.5103445712632483,-1,1769356800000,1.0,1.0,1.0,1.7488963754322011,20,24.608157614072223,0.24837135892544573,0.06640343499200609,2511956.7558
old40,SUI-USDT-SWAP,-0.9824993338191206,-1,1777140000000,-0.0,1.0,0.0,0.8786894211207051,24,14.18339543506273,0.03874494699115042,0.3438966793065625,829022.0737000001
old40,SUI-USDT-SWAP,0.5002671162448517,-1,1777474800000,-0.0,1.0,0.0,1.0893362532476698,13,16.41880387251402,-0.10728674236162279,-0.031325215098913846,1508193.7613
old40,SUI-USDT-SWAP,-0.956875749313379,-1,1785610800000,1.0,1.0,1.0,15.576083727084066,7,33.18363927976192,0.27183836018273555,0.23978999003227927,9289558.8761
old40,SUI-USDT-SWAP,-1.0943053499331847,1,1786287600000,-1.0,1.0,1.0,1.1393003354067537,1,29.281573694523484,0.11082934050630168,-0.03139756973073088,1032262.5549999999
old40,SUI-USDT-SWAP,-0.9848341583662554,-1,1786464000000,1.0,-1.0,1.0,3.5245025298797144,17,12.979518038025509,0.00861746798282311,0.16068197833106665,4046002.6390000004
old40,SUI-USDT-SWAP,1.1089737488419285,-1,1786917600000,1.0,1.0,1.0,5.250046605727374,1,27.18917010014021,0.3537018697319041,-0.052549556628632144,3422068.6538000004
new30,WIF-USDT-SWAP,0.5472168916353557,1,1777438800000,-1.0,-1.0,0.0,1.9475925773342089,12,12.188486127431965,0.31503288834340604,0.12972950568774852,696278.457
new30,WIF-USDT-SWAP,-1.0582871766541475,-1,1779231600000,1.0,1.0,0.0,0.7239379176258108,9,20.550622563283188,0.40334500015005653,-0.17012248867943794,158163.7657
new30,AERO-USDT-SWAP,-1.065125616036457,-1,1775275200000,1.0,1.0,0.0,0.8985790842987702,10,12.285776510248729,-0.2629749729165159,0.3408709222229343,1255.0084000000002
new30,AERO-USDT-SWAP,1.023862407481687,-1,1785589200000,1.0,1.0,1.0,0.7366195029084025,8,15.04504420202899,0.37100972749290834,0.14331898711032412,2884.402
new30,AERO-USDT-SWAP,-1.1367518120062838,-1,1786838400000,1.0,1.0,1.0,1.222192219014187,8,9.702071618711631,0.5536819881611114,0.32356543820196854,1176.9348
new30,AERO-USDT-SWAP,-1.0598794790875652,-1,1787104800000,1.0,1.0,-1.0,4.111720225599042,5,16.035662119299907,0.1452279504562561,0.14736996817960515,12483.5701
new30,OP-USDT-SWAP,0.5387189292386982,-1,1779037200000,1.0,1.0,0.0,1.2873302807723237,3,25.770754612877145,0.4781842359764328,0.11127760381897668,239455.1089
new30,OP-USDT-SWAP,-1.0664901904684585,-1,1784480400000,1.0,1.0,1.0,1.0534513797762788,15,22.57837217537754,0.174448197809746,-0.009132151989467827,175832.63797
new30,OP-USDT-SWAP,0.5631730689548269,1,1786305600000,-1.0,1.0,1.0,0.6975737507065447,15,14.712210349773072,0.0057912464801421325,-0.07123858797228863,128174.57391
new30,TRB-USDT-SWAP,0.748985614821671,-1,1769511600000,1.0,1.0,1.0,2.492974480546646,1,12.846898838669633,0.34571051434101163,0.10129303408056543,2157539.21
new30,TRB-USDT-SWAP,0.8724776047625913,1,1783065600000,-1.0,1.0,-1.0,0.7541735289435589,8,32.46737023083984,-0.44035961345548097,0.12794418400441324,356985.53
new30,TRB-USDT-SWAP,0.9877842491567492,-1,1785160800000,1.0,1.0,-1.0,0.7405609423030245,24,13.47259805709538,0.2676336085024958,0.2573967742233367,289627.9
new30,TRB-USDT-SWAP,-1.0659970532261946,1,1786291200000,-1.0,1.0,1.0,3.4887650837292687,7,21.61938592794891,-0.17937082153487816,0.131013595933731,1517677.5
new30,TRB-USDT-SWAP,-0.6821077001987262,-1,1786917600000,1.0,1.0,1.0,2.407055787710142,13,30.855155324479284,0.09715088628855768,-0.007015909288156717,803259.27
new30,SHIB-USDT-SWAP,-1.0165757732268708,-1,1765965600000,1.0,1.0,1.0,0.5833628191596362,4,30.69378763073076,-0.011686461415373868,-0.06937217116107706,0.5568087609
new30,SHIB-USDT-SWAP,0.3519033783494172,-1,1766322000000,1.0,1.0,1.0,2.5081244153737017,11,13.831832592359286,0.045818794280081544,-0.042346839848548125,1.0415829802999998
new30,SHIB-USDT-SWAP,-0.9782753457595972,-1,1766556000000,1.0,1.0,1.0,1.0917056108110674,12,25.50243779209053,0.033477783626018366,0.14105820377860587,0.7631102341
new30,SHIB-USDT-SWAP,-1.0689371553237046,-1,1772924400000,1.0,1.0,1.0,1.638512239447009,11,28.57790439830018,0.05063176525284453,-0.09446969451065347,0.5421932331000001
new30,SHIB-USDT-SWAP,0.5980326784636735,-1,1779750000000,1.0,1.0,-1.0,1.371921893796233,2,15.740023135271729,0.17782514919813475,0.2627813557298254,0.40932936329999997
new30,SHIB-USDT-SWAP,0.4310400722595785,-1,1779922800000,1.0,1.0,1.0,1.6233769566627485,13,17.646597929072353,-0.2648846592696666,0.2669906407266564,0.7289283435
new30,SHIB-USDT-SWAP,-1.064390003053086,-1,1782684000000,1.0,1.0,1.0,0.7054381897113733,11,19.932815604037675,0.3304600891715543,-0.014282694407870741,0.2051684322
new30,SHIB-USDT-SWAP,-0.0169482194899887,-1,1783908000000,1.0,1.0,1.0,1.7616677645548888,4,40.74126902441423,0.16835624579562883,-0.055716244815034975,0.3615069415
new30,ETC-USDT-SWAP,0.7286771716159343,1,1767488400000,-1.0,1.0,-1.0,1.8182262663817896,1,19.54174338877369,-0.07145814026518674,0.04676129575985879,87322.14660000001
new30,ETC-USDT-SWAP,-1.0650293219221874,-1,1772913600000,1.0,1.0,1.0,1.4466308345672632,6,27.08767912440855,-0.26861131723259124,-0.03905269823437277,50435.279420000006
new30,ETC-USDT-SWAP,0.7196311253863643,1,1777863600000,-1.0,1.0,0.0,4.999003996527346,5,15.118000637705794,0.1592652655315763,-0.05448814884804826,127387.70103
new30,ETC-USDT-SWAP,1.1949293419421865,-1,1780239600000,1.0,1.0,1.0,5.149136343791643,17,14.632071497571255,0.19876525273859236,0.038503414406678184,84098.59349
new30,ETC-USDT-SWAP,0.7736335607456756,-1,1784829600000,1.0,1.0,-1.0,1.006903162741443,6,19.64347068496534,0.1060878655297198,0.17996527238035934,28400.917719999998
new30,ETC-USDT-SWAP,-1.0706611173889462,-1,1787022000000,1.0,1.0,-1.0,7.307035818292666,5,17.751622657563868,0.10798892920424753,0.10053791867830726,88925.10909
new30,RAY-USDT-SWAP,0.6967329866540471,-1,1765692000000,1.0,1.0,1.0,2.298161247131657,14,24.14472812594846,0.3308778668370569,0.1420790073231594,56365.06689999999
new30,RAY-USDT-SWAP,-0.1734783258387056,-1,1786917600000,1.0,1.0,1.0,4.865525092495967,21,14.405697360921248,0.3373361504031946,0.32003061844728037,25183.614
new30,MEW-USDT-SWAP,-0.8824683526281037,1,1783299600000,-1.0,1.0,-1.0,1.5139836299203149,2,17.87408844045,0.08262428736282564,-0.08994786272290833,10.0709032
new30,MEW-USDT-SWAP,0.4549773776226718,-1,1786914000000,1.0,1.0,1.0,0.9449067443172624,8,13.700382632746996,0.5663391782657365,0.0978934483890037,3.8284104000000005
new30,LDO-USDT-SWAP,-1.0599541536871302,-1,1774252800000,1.0,1.0,1.0,4.341720116323266,1,36.73337162866799,0.20335793132164195,-0.09537276335826282,306330.9584
new30,WLFI-USDT-SWAP,-0.9336773596754409,-1,1775372400000,1.0,1.0,0.0,3.2336267565647088,10,14.798098908638918,0.22336514977933924,0.18384256431995252,96682.7973
new30,WLFI-USDT-SWAP,1.0077409452371413,-1,1776891600000,1.0,1.0,0.0,1.2432772860855392,12,15.58268488557256,0.28220588733177976,0.12737757092744748,68507.88661
new30,WLFI-USDT-SWAP,3.080055893890919,-1,1777464000000,1.0,1.0,0.0,3.02035351931104,9,13.361871569770118,0.10092580462447373,-0.0743895803199494,145433.20744
new30,WLFI-USDT-SWAP,-1.0647500106903895,-1,1781989200000,1.0,1.0,1.0,0.771128340855326,11,16.801188747948082,0.3953961678961378,0.020097730584234256,16993.183989999998
new30,WLFI-USDT-SWAP,-0.1632906534533751,-1,1784268000000,1.0,1.0,1.0,2.282084789849405,5,13.21480984658366,0.37490540467191047,0.15160249981716425,46840.35501
new30,WLFI-USDT-SWAP,-1.0644614054438035,-1,1785297600000,1.0,1.0,1.0,1.5305902699901128,24,34.23439426896363,0.05916399855713441,0.11234173272279695,52847.02769
new30,WLFI-USDT-SWAP,-0.851434268219447,-1,1785492000000,1.0,1.0,1.0,1.3437390011175008,9,18.710518494612067,-0.08004181882813802,0.12971288297131808,44761.87601
new30,WLFI-USDT-SWAP,-1.0743541485109047,1,1786698000000,-1.0,1.0,-1.0,7.656503027247844,24,17.492084451159517,0.012488301299632808,0.13449801034127476,118759.68752
new30,WLFI-USDT-SWAP,0.4165975390887739,-1,1788249600000,1.0,1.0,-1.0,0.7897143742260977,8,18.746346689468595,0.28566389018045246,-0.1352380334081813,19531.86119
new30,TRX-USDT-SWAP,-1.038744417942537,-1,1761458400000,-0.0,1.0,0.0,0.8278866713911547,4,33.83575980313076,-0.39038568446822547,0.060516554535235106,956.4724675
new30,TRX-USDT-SWAP,0.4410587131056858,-1,1761685200000,-0.0,1.0,0.0,3.20646116998301,16,13.96026560933656,0.04077677981142038,0.002738974597966923,3180.3374028000003
new30,TRX-USDT-SWAP,-0.5288944372001184,1,1762819200000,0.0,1.0,-1.0,0.7889822552694781,1,28.60738454273993,0.3840069670802807,-0.132538350074557,633.3743006
new30,TRX-USDT-SWAP,-0.5900187200543211,-1,1764028800000,1.0,1.0,1.0,0.7040064188718531,8,13.117163056829932,0.2143214457495487,-0.08394392938359625,501.9443711
new30,TRX-USDT-SWAP,-0.0034598470235188,1,1764691200000,-1.0,-1.0,-1.0,4.982890928447941,9,21.796897249875943,0.025382053892678266,0.009795362552104813,3442.5433366999996
new30,TRX-USDT-SWAP,0.5255475296232279,1,1768068000000,1.0,1.0,-1.0,0.5451503428948759,3,25.314764158306616,-0.1762768977906565,0.2642751943030908,226.72872850000002
new30,TRX-USDT-SWAP,0.6245483119711205,1,1768446000000,1.0,1.0,1.0,1.2856069831756705,4,20.046507945566884,0.22738372054351147,-0.002797516269455569,1050.6039862
new30,TRX-USDT-SWAP,-0.8160361214167589,-1,1770004800000,1.0,1.0,1.0,4.054082606331437,7,24.303078407870224,-0.23038987561653296,-0.0406175032526541,3017.0302043
new30,TRX-USDT-SWAP,-0.7028702439900087,1,1771254000000,-1.0,1.0,-1.0,1.454959550644579,9,27.649134623319583,0.3367546284520034,0.044871457838730554,511.5048559
new30,TRX-USDT-SWAP,-1.178971031032718,1,1772982000000,1.0,1.0,-1.0,1.376570322587123,1,23.959250814346923,0.380157663577465,-0.0040324920424280415,473.15425159999995
new30,TRX-USDT-SWAP,1.6677613937163918,1,1773428400000,1.0,1.0,-1.0,1.1974895127188565,5,27.34422848447781,0.18575131609978277,0.08701075309155816,619.9226386
new30,TRX-USDT-SWAP,-0.3940766916164521,1,1775934000000,1.0,1.0,0.0,2.158620164905793,3,17.409569838940307,0.202703603598207,0.14618186490136817,684.601101
new30,TRX-USDT-SWAP,-0.0112468451805896,1,1776189600000,1.0,1.0,0.0,1.1081896649032634,3,12.135574457202264,0.20314597005312562,0.014355812324720324,474.47513319999996
new30,TRX-USDT-SWAP,0.3914796833193243,1,1776524400000,1.0,1.0,0.0,1.0890656559624383,2,22.41972919460824,0.2579102660571106,-0.20889932414547466,337.317352
new30,TRX-USDT-SWAP,0.5947633337658581,1,1778000400000,1.0,1.0,0.0,2.225040101443652,20,21.5010978930374,0.1725380935731666,0.39301983538010726,1050.595525
new30,TRX-USDT-SWAP,-0.6796778346949086,1,1778302800000,1.0,1.0,0.0,1.1775053057822231,1,29.66071133043725,0.09935509094414707,0.19948276605762738,521.5935440000001
new30,TRX-USDT-SWAP,-1.165984617960583,1,1778749200000,1.0,1.0,0.0,1.785344365621823,15,15.367869405898675,0.515328065078024,0.03789162704806321,654.2625209999999
new30,TRX-USDT-SWAP,0.0749234466793367,1,1778954400000,1.0,1.0,0.0,0.447545419028737,15,33.15965214503766,-0.4316828534780864,0.09487067372760809,244.374668
new30,TRX-USDT-SWAP,0.3910424110114062,-1,1780538400000,1.0,1.0,1.0,5.066291847992254,1,35.33017650900452,-0.4041875118882256,-0.12345682869197006,3089.201594
new30,TRX-USDT-SWAP,-0.2990880381587128,-1,1781197200000,1.0,1.0,1.0,26.095947956493223,18,17.927434786067458,-0.03453758199266146,-0.017920249828929913,6513.133954999999
new30,TRX-USDT-SWAP,-1.178335385771547,1,1783774800000,1.0,1.0,-1.0,1.5395181594147511,5,13.641740467785466,0.4483995016983008,0.22170239647206094,420.7318585
new30,TRX-USDT-SWAP,-1.2007431875914092,-1,1784260800000,1.0,1.0,1.0,0.5669708782691141,2,33.1371045795243,0.2562121223325647,0.20738815842315386,166.2491166
new30,TRX-USDT-SWAP,-0.2057807272105759,-1,1785891600000,1.0,1.0,1.0,3.1390585007317133,11,22.6669520790957,0.5029483587028283,0.05879175092888659,1309.8321267
new30,TRX-USDT-SWAP,1.079613878399601,1,1786359600000,1.0,1.0,1.0,3.598108335609316,15,26.08702052008053,0.13187277092108324,0.09802351387821322,691.5439045
new30,BERA-USDT-SWAP,0.4239847386564032,-1,1768086000000,1.0,1.0,1.0,0.8020420909228112,15,11.191481016431416,0.45293592037304803,-0.06387006416675725,342292.645
new30,BERA-USDT-SWAP,-0.9596175889092344,-1,1776801600000,1.0,1.0,0.0,0.811182382152421,9,10.654708022971151,-0.06987131336990773,0.0264233430716548,873991.8352
new30,BERA-USDT-SWAP,-1.069508729956168,-1,1784437200000,1.0,1.0,1.0,0.810342458093579,12,13.821042524521014,0.17282270800861443,0.18186616598249797,240468.66340000002
new30,INJ-USDT-SWAP,1.208096456632526,-1,1769331600000,1.0,1.0,1.0,3.5806614140541697,22,26.9952571018616,0.4502423773362356,0.0016933777778482494,2379465.048
new30,INJ-USDT-SWAP,0.4832172084416821,1,1773615600000,-1.0,1.0,-1.0,2.7759821644969898,6,25.47238986640325,0.12555125389967195,0.18163649125223932,1038572.925
new30,INJ-USDT-SWAP,-1.0590469188573337,-1,1775372400000,1.0,1.0,0.0,3.173395322139138,18,17.899676922051725,0.2891393447320885,0.1178703097728543,1133651.331
new30,ZRO-USDT-SWAP,-1.055101280568273,-1,1786910400000,1.0,1.0,1.0,1.3345073478073608,5,29.792373186522276,0.01621100531598649,0.10088018621709506,64085.4148
new30,INIT-USDT-SWAP,0.7807981161362824,-1,1784203200000,1.0,1.0,1.0,0.7147945856091188,18,14.229200942684187,0.04003510417812851,-0.2799612069776341,112.96661
new30,ICP-USDT-SWAP,0.4024633311074269,-1,1777132800000,1.0,1.0,0.0,1.960348132761636,24,17.89577509052827,0.148982757529945,0.04152638233310471,26734264.494999997
new30,ICP-USDT-SWAP,-0.325716330685265,-1,1784224800000,1.0,1.0,1.0,1.9768703363933653,10,16.824948281483195,0.27710396793705455,-0.06266984896993956,32652441.639
new30,ICP-USDT-SWAP,-1.0678132791488175,-1,1785610800000,1.0,1.0,1.0,6.931428495735779,21,11.498410727865702,0.2926820963488143,0.1523521552412116,57604562.739999995
new30,ICP-USDT-SWAP,1.1655079110416895,1,1786204800000,-1.0,1.0,1.0,7.033815492915075,11,23.683918307759672,0.5537229570047314,0.0010240070343921492,70841511.026
new30,STRK-USDT-SWAP,1.988275389503406,-1,1765702800000,1.0,1.0,1.0,1.0131325587130096,19,12.924873890995183,0.2917746011824697,0.22917532393555837,270833.506
new30,STRK-USDT-SWAP,-1.0655010917211185,-1,1775376000000,1.0,1.0,0.0,3.2389245648663114,9,13.582278298161215,0.15648091268629377,0.1341886517780042,198169.40787
new30,APT-USDT-SWAP,-1.0709447654020618,-1,1775376000000,1.0,1.0,0.0,0.7746227316913462,21,25.988292347988214,0.1152572775666414,0.19542848833695267,255571.0331
new30,APT-USDT-SWAP,-1.0605193172098215,1,1783774800000,-1.0,1.0,-1.0,1.7607391152802283,24,12.211225464418328,0.14753133616610387,0.08727705029773898,250143.6431
new30,APT-USDT-SWAP,-0.9612367082018534,-1,1785618000000,1.0,1.0,1.0,1.3900856193060174,9,33.35175337157503,0.06848851161264527,0.18866133188326548,313366.8581
new30,APT-USDT-SWAP,0.5416734393318509,-1,1786852800000,1.0,1.0,1.0,0.4426822127613384,14,26.450392640625747,0.12986008303185442,0.03166498173460528,90378.75940000001
new30,PENGU-USDT-SWAP,-1.0621819020354528,1,1785146400000,-1.0,1.0,1.0,2.220159944133179,4,28.94162254315578,0.011223376383763048,-0.15877357772575854,7325.181317
new30,PENGU-USDT-SWAP,-1.063097048241202,-1,1786921200000,1.0,1.0,1.0,1.3779262168058164,20,31.682027167177715,-0.07426657217210697,0.05233963118686966,3491.251426
new30,PENGU-USDT-SWAP,0.4956176640511919,-1,1789290000000,1.0,1.0,-1.0,2.35220551097874,1,12.993825168020722,0.24772560324376589,0.17788860639363488,5197.3423139999995
new30,CELO-USDT-SWAP,0.5909629025961333,-1,1785070800000,1.0,1.0,1.0,1.6341551034762725,1,21.87641701395103,0.06160930742764459,0.19120020711488875,15852.282890000002
new30,CELO-USDT-SWAP,-1.079529254126807,-1,1786129200000,1.0,1.0,1.0,1.842178907703436,11,21.852904008594653,-0.22890109865605876,-0.27966008131777625,8830.127429999999
new30,JUP-USDT-SWAP,0.5768946458254998,-1,1765724400000,1.0,1.0,1.0,1.5324559822126074,17,27.778679730197013,0.01004718478718857,-0.12012047684392073,12739.678100000001
new30,JUP-USDT-SWAP,-0.1799653388751324,-1,1786690800000,1.0,1.0,1.0,4.348037303000312,4,26.92728684960496,0.4527429817384541,-0.16814618829515537,14024.4809
new30,DOT-USDT-SWAP,0.4596155705135635,-1,1784473200000,1.0,1.0,1.0,1.4249365492469257,12,20.762219796875154,0.0804985331634168,0.03473459251362003,350124.4146
new30,DOT-USDT-SWAP,-0.9239238970509324,-1,1784890800000,1.0,1.0,-1.0,1.7253407992661818,8,36.12943826930134,0.18057713852452423,0.11647703067372213,542103.1671
new30,DOT-USDT-SWAP,-1.0682287258806225,-1,1785499200000,1.0,1.0,1.0,0.5643801063682907,22,15.208544212916246,0.12263425541626856,0.1457965383174176,186101.6836
new30,DOT-USDT-SWAP,-1.0630232084680116,-1,1786690800000,1.0,1.0,1.0,1.3348785231187306,13,35.816494260696565,0.43498369216009597,0.02640894938378417,415671.7591
new30,POL-USDT-SWAP,1.7508811093280028,-1,1769284800000,1.0,1.0,1.0,0.7595193988341611,5,33.518144391978964,0.4841031523098492,0.15549095679197283,34953.83869999999
new30,POL-USDT-SWAP,0.4880291463067172,-1,1772899200000,1.0,1.0,1.0,3.2553277413393755,3,26.84568428363179,0.4821568437151565,-0.10045477518139904,40083.89175
new30,POL-USDT-SWAP,-0.9722471607322524,-1,1773932400000,1.0,1.0,1.0,0.7745082076155713,6,28.76788591285354,-0.043375589368793585,0.17476280586300275,10783.89935
new30,POL-USDT-SWAP,-0.964278417484106,1,1777039200000,1.0,1.0,0.0,0.3278236557633811,1,15.437735183679434,-0.10638811368843924,-0.2134575507475401,5659.65444
new30,POL-USDT-SWAP,-0.1454073354226979,1,1777676400000,1.0,1.0,0.0,1.2742111485695171,7,25.28959849251894,0.01837335479493468,-0.18740667550677384,18619.946320000003
new30,POL-USDT-SWAP,0.2436376891731644,1,1777935600000,1.0,1.0,0.0,0.3911225929313575,2,17.90070552349542,0.06713708651162305,-0.04281068193993593,7093.9751
new30,POL-USDT-SWAP,0.76582370975606,1,1778140800000,1.0,1.0,0.0,0.6169562289996168,4,10.668243932190842,0.1319174727931662,0.05266005335996227,9548.75259
new30,POL-USDT-SWAP,0.4469807378609055,1,1783879200000,1.0,1.0,-1.0,0.9489345596660642,21,13.794260817902398,0.2129680374544359,0.043788110958061226,7323.66762
new30,POL-USDT-SWAP,0.6483674904547692,-1,1784811600000,1.0,1.0,-1.0,1.9687660365320867,1,27.73736824420197,0.14685665300907833,0.07636264298681034,19878.443639999998
new30,POL-USDT-SWAP,-0.90271284961218,-1,1785517200000,1.0,1.0,1.0,0.7252258077317553,12,17.95902772372869,0.1349200701301973,0.23579412202051395,7490.62774
new30,POL-USDT-SWAP,-0.9658634521622704,-1,1786640400000,1.0,1.0,1.0,2.518314474991089,3,18.38168999096857,0.44608846285444764,0.17216708333805764,20304.34278
rest34,PENDLE-USDT-SWAP,-1.06141263075509,-1,1765101600000,1.0,1.0,1.0,2.5169628786552263,17,20.50997848636992,0.3790429090391671,0.21854354048780542,109634.825
rest34,PENDLE-USDT-SWAP,1.939043502646188,-1,1765688400000,1.0,1.0,1.0,2.039967882223952,4,17.549696607789194,0.40662526791839554,0.14609444849747824,53625.937
rest34,PENDLE-USDT-SWAP,-0.9129351147399076,-1,1785826800000,1.0,1.0,1.0,2.4408961590713463,1,14.780641150028533,-0.015352076545300788,-0.0422624183294677,47772.495
rest34,PENDLE-USDT-SWAP,0.7916844189540331,-1,1786701600000,1.0,1.0,1.0,0.8411202935326793,11,13.978639399636435,-0.11288470418311601,0.11661223080429,26076.756999999998
rest34,KAITO-USDT-SWAP,1.3933623007510492,-1,1788084000000,1.0,1.0,-1.0,1.04541784802089,18,14.24616990955136,0.046292652892866694,0.19754407778308417,189835.98369999998
rest34,IOTA-USDT-SWAP,-1.0749049893186486,-1,1772913600000,1.0,1.0,1.0,1.4876877886295934,10,35.60123181924338,-0.09695590636585194,-0.1296797449180687,6853.274079999999
rest34,IOTA-USDT-SWAP,-0.2053490027535234,-1,1784901600000,1.0,1.0,-1.0,4.068654598195253,1,37.1032900260119,-0.09427256898220454,-0.37457652315118733,4939.789220000001
rest34,PEOPLE-USDT-SWAP,-1.058021677591534,-1,1784480400000,1.0,1.0,1.0,1.5014046675187669,14,22.42249151717926,0.53377295804159,-0.11882070446911297,603.450917
rest34,PEOPLE-USDT-SWAP,-1.0608214831558909,-1,1784815200000,1.0,1.0,-1.0,2.953373357830194,11,13.350708476296443,0.19643677100944643,0.27552415255100765,1639.6940009999998
rest34,DATA-USDT-SWAP,-1.0811179553557382,-1,1784811600000,-0.0,1.0,-1.0,2.8536102076022924,19,21.19586139999352,0.1788318991570877,0.15243912055027312,13989.3778
rest34,DATA-USDT-SWAP,2.3735354533619875,-1,1785045600000,-0.0,1.0,1.0,1.2218966254267003,3,15.645603591297307,0.07013968825143785,0.14689102234301207,5149.5025000000005
rest34,DATA-USDT-SWAP,-1.0634910099439463,-1,1789290000000,1.0,1.0,-1.0,1.7942650892320031,23,21.67059204808309,0.4778346028653952,0.015729523514964188,2943.1054000000004
rest34,AR-USDT-SWAP,0.4447838507075903,-1,1783911600000,1.0,1.0,1.0,2.441353985585093,9,24.207702601542117,0.04609159674822943,0.013404756747536967,700443.8829999999
rest34,AR-USDT-SWAP,0.5121406035876291,-1,1784354400000,1.0,1.0,1.0,0.5459912353481413,11,36.17717698269111,0.46014525466013834,-0.06840498899602389,205712.505
rest34,AR-USDT-SWAP,-1.057354939673966,-1,1785506400000,1.0,1.0,1.0,0.9513618818769232,21,14.138274473317049,0.35209815842219866,0.06372694436975994,390379.054
rest34,AR-USDT-SWAP,-1.0578404043619014,1,1786950000000,-1.0,1.0,-1.0,1.536203137642722,6,35.21114670914364,0.4663887036675259,0.09546061301273305,397465.851
rest34,0G-USDT-SWAP,1.076434016380369,-1,1779768000000,1.0,1.0,-1.0,0.5712769629812586,1,22.621745624461028,-0.43225280993782184,0.16815619557841957,18243.998
rest34,ATOM-USDT-SWAP,-1.0776067772731,1,1766872800000,-1.0,1.0,-1.0,2.104893865771967,8,18.06024953385385,0.20588156843197375,-0.10999641307750951,242864.46999999997
rest34,ATOM-USDT-SWAP,1.5410682262763566,1,1773633600000,-1.0,1.0,1.0,4.6402653814269605,15,18.48233938979062,0.10512182236151202,-0.03824033477514557,668111.125
rest34,ATOM-USDT-SWAP,-1.0573945517989825,1,1773802800000,-1.0,1.0,1.0,0.9454882454730408,3,31.15666313525866,0.1567400059629813,-0.014013101438246614,193805.741
rest34,ATOM-USDT-SWAP,0.4296952438812511,-1,1784498400000,1.0,1.0,1.0,0.699315175744429,18,28.1246417199757,0.06746688997542999,-0.03847920223405573,58246.408
rest34,ATOM-USDT-SWAP,0.5869770287340275,-1,1784786400000,1.0,1.0,-1.0,0.3940437308862615,7,35.48600913378014,-0.03323380062923287,0.13698232561403828,29715.860999999997
rest34,ATOM-USDT-SWAP,0.6771974659529878,-1,1785153600000,1.0,1.0,-1.0,1.488235755889001,23,13.593109148222606,0.02419369956363745,-0.06926715213423258,126694.431
rest34,ATOM-USDT-SWAP,0.0479751855888389,1,1786154400000,-1.0,1.0,1.0,1.2434051707757152,9,20.398394170969777,0.030322528987001454,-0.03150337418254389,102922.25300000001
rest34,GRAM-USDT-SWAP,-0.1811045163630689,-1,1784462400000,-0.0,1.0,1.0,1.125558307565292,17,37.11778817768553,0.3401593696786606,0.21396022014890592,158538.564
rest34,GRAM-USDT-SWAP,-0.1721487779443754,-1,1785474000000,-0.0,1.0,1.0,0.3207622385251135,11,16.595056373841448,0.4042938441843513,0.030471512492047725,66184.09700000001
rest34,GRAM-USDT-SWAP,-0.9432227388769348,-1,1786320000000,1.0,1.0,-1.0,5.136619613799157,6,28.799154646587045,0.12182931117331226,0.02856211305493032,429806.32899999997
rest34,GRAM-USDT-SWAP,-1.080189155642714,-1,1787022000000,1.0,1.0,-1.0,2.215820643680904,12,16.21322844470418,0.3227891195317779,0.15737871728415162,192936.844
rest34,GRAM-USDT-SWAP,0.8388691737548138,1,1787169600000,-1.0,1.0,1.0,1.5173605190787631,7,45.247355796582575,-0.5033915442551956,-0.025844329165931212,209083.95899999997
rest34,GRAM-USDT-SWAP,-0.9293143929956882,-1,1789581600000,1.0,1.0,-1.0,1.5062531569443889,1,50.46102949520995,0.1718360717380526,0.23024840793613843,132343.598
rest34,W-USDT-SWAP,1.564820247815457,-1,1765688400000,1.0,1.0,1.0,1.7737341642935038,10,13.087249104035871,0.07219934544513977,0.07711636796946954,52658.651079999996
rest34,W-USDT-SWAP,-1.0590059843871769,-1,1767196800000,1.0,1.0,1.0,3.266397437212508,6,36.81888254208669,-0.025580444086377725,-0.004025951795734016,102954.12624999999
rest34,W-USDT-SWAP,-1.0585977336974497,-1,1772913600000,1.0,1.0,1.0,1.5136693869832751,9,24.362608032258528,0.028829478183989874,-0.0017447043135632838,46870.143169999996
rest34,W-USDT-SWAP,-0.2520087135512528,-1,1784833200000,1.0,1.0,-1.0,0.3705329131965151,24,29.46514037074548,-0.4657767182851012,0.30530811848727746,13367.531548000003
rest34,W-USDT-SWAP,-0.8872233481201226,-1,1787115600000,1.0,1.0,-1.0,1.016952792850098,1,23.29972929041755,0.7742691539399197,-0.017344418530241785,24676.897585000006
rest34,OKB-USDT-SWAP,-1.073835747069385,1,1767654000000,-1.0,1.0,-1.0,0.7011907362958505,21,9.1087087714369,0.0864086654010769,-0.2043109445620671,54215614.93
rest34,OKB-USDT-SWAP,0.5064846686664135,-1,1768896000000,1.0,1.0,-1.0,0.930016406019128,2,48.969427351036494,-0.07999390669756719,0.2145998796590225,47853524.95
rest34,OKB-USDT-SWAP,1.1883950861253527,1,1769475600000,-1.0,-1.0,-1.0,3.412472956302344,6,19.619544583096744,0.0015208773541941563,0.056042949896585585,91624462.43
rest34,OKB-USDT-SWAP,1.1839463966777428,-1,1773838800000,-1.0,1.0,-1.0,2.3961600312470432,12,29.952905319971688,0.0815771558795752,0.11112061504569469,127965806.94
rest34,OKB-USDT-SWAP,1.106400686567938,-1,1774112400000,1.0,1.0,1.0,3.118204745194631,16,17.598816415658327,0.10899358242961439,0.07438547596588081,80045950.28
rest34,OKB-USDT-SWAP,0.3808246647037165,1,1776283200000,0.0,1.0,0.0,0.628746173585793,6,12.908055923311784,-0.03798180598797554,-0.1409050061392182,26114312.74
rest34,OKB-USDT-SWAP,-0.4342021720434664,-1,1776639600000,-0.0,1.0,0.0,2.821991140779763,10,28.92231979505133,0.2548856387802844,0.040204291493149795,105476883.51
rest34,OKB-USDT-SWAP,0.0201685171169327,-1,1777384800000,-0.0,1.0,0.0,5.338927178876017,5,23.51568171771779,0.24294968887519172,-0.08058138521964275,129701699.87
rest34,OKB-USDT-SWAP,-0.0808707477198041,1,1777766400000,0.0,1.0,0.0,6.530223299987092,9,14.764062220435653,0.26435314499161616,0.10143587636150157,119612446.67999999
rest34,OKB-USDT-SWAP,0.8366046150028723,1,1778032800000,0.0,1.0,0.0,1.2610925574164429,14,11.070491952522485,0.2567406866963749,0.029330373287404468,47486308.06
rest34,OKB-USDT-SWAP,0.5587884386806443,1,1778263200000,0.0,1.0,0.0,2.5109798018113825,9,17.888729205032067,0.17786866937736678,-0.025724149202559745,69986690.2
rest34,OKB-USDT-SWAP,-1.0866146689638494,1,1778436000000,0.0,1.0,0.0,3.9436723503319295,18,18.691527361852224,-0.009226650865767167,-0.035894957060359056,135478902.17000002
rest34,OKB-USDT-SWAP,0.8052848199280866,-1,1779066000000,-0.0,1.0,0.0,3.5855426239287382,14,30.05642665198105,0.12640834882363075,0.1287572876058957,125610763.67
rest34,OKB-USDT-SWAP,1.2007553580197998,1,1782072000000,-1.0,1.0,-1.0,1.1280815005083349,8,13.498070085940766,0.3054717493799843,0.07239638586618041,40897095.51
rest34,OKB-USDT-SWAP,-0.9562990566905524,1,1783144800000,1.0,1.0,-1.0,2.213868825724499,24,21.823581644096254,0.21661894321720826,-0.06040621310187141,70874700.07
rest34,OKB-USDT-SWAP,-0.2142632498752148,1,1784041200000,1.0,1.0,-1.0,1.7229196939541485,23,13.989169731890016,0.0416220504185514,-0.057566201469389844,41678949.08
rest34,OKB-USDT-SWAP,0.1825586263459774,1,1784566800000,1.0,1.0,-1.0,9.27772401997145,14,29.35598877635891,-0.08112858447663464,-0.10596204891106814,148701620.37
rest34,OKB-USDT-SWAP,-1.0965695787547154,1,1785639600000,1.0,1.0,-1.0,3.0622080726648555,16,12.230182936185363,0.3228097089978056,0.1628635098976325,47191189.160000004
rest34,OKB-USDT-SWAP,0.8610509930987483,1,1786075200000,1.0,-1.0,-1.0,14.249159014197634,19,30.888627693375398,0.1740735899015657,0.12181112759487261,272244487.27
rest34,AZTEC-USDT-SWAP,-1.069306720114454,-1,1784383200000,1.0,1.0,1.0,0.4696364515226295,13,33.233333066983555,-0.17887473857651023,0.1549215232241739,12.035070000000001
rest34,AZTEC-USDT-SWAP,0.5461270537847901,-1,1786302000000,1.0,1.0,-1.0,5.387712689959734,15,15.722547092477882,0.854328671966028,-0.5643263622901326,86.34877000000002
rest34,MET-USDT-SWAP,0.901362939741414,-1,1774015200000,1.0,1.0,1.0,3.702696608545244,5,15.20400694483636,-0.2973317450629416,0.08512276397470198,38096.5359
rest34,SEI-USDT-SWAP,1.8607693154794736,-1,1765699200000,-0.0,1.0,1.0,1.1776385969729937,17,23.445269704564566,-0.18774264506421195,0.19944548644444235,13375.3751
rest34,SEI-USDT-SWAP,1.2207914818578538,-1,1771729200000,1.0,1.0,1.0,0.7763350084073755,13,14.825317863986385,0.2057149339512503,0.04685179010330781,4540.40313
rest34,SEI-USDT-SWAP,0.8047518474135897,-1,1774137600000,1.0,1.0,1.0,7.701841541462903,22,13.865740734337423,0.11932407770938577,-0.07920934032675477,20944.58401
rest34,SEI-USDT-SWAP,-0.8846778348733977,-1,1785614400000,1.0,1.0,1.0,1.3135881697496945,11,34.896151305600185,-0.027570026194711644,0.03754209410612599,6998.5882
rest34,SEI-USDT-SWAP,-0.9785590655546688,-1,1785988800000,1.0,1.0,-1.0,0.9165122231047568,19,16.52251187036175,0.0336700935065449,0.3649944303647416,2379.09764
rest34,SEI-USDT-SWAP,0.7220171446283092,-1,1786402800000,1.0,-1.0,-1.0,1.898496093203013,7,15.19572842735723,0.4019598843056993,-0.09801001860315887,3474.58775
rest34,SEI-USDT-SWAP,0.0744633640434197,-1,1786845600000,1.0,1.0,1.0,2.115723051720745,15,23.61276821969837,0.17527627888456926,0.15441007837672358,4570.74109
rest34,ASTER-USDT-SWAP,0.0547247055045684,1,1777870800000,0.0,1.0,0.0,1.0001095630924302,1,19.78383657566153,0.1063276166285718,0.055566125257536576,477577.7038
rest34,ASTER-USDT-SWAP,0.60375403604527,-1,1778932800000,-0.0,1.0,0.0,0.4847419726967228,1,37.15581260265402,0.2785079123060812,0.10198632137979145,202628.1761
rest34,ASTER-USDT-SWAP,-0.1611091554034196,1,1782997200000,-1.0,1.0,-1.0,2.6426891229654137,23,18.65415433591982,0.0948232575575761,0.10915218878200468,680541.9816
rest34,ASTER-USDT-SWAP,-1.030373736881209,-1,1785729600000,1.0,1.0,1.0,2.373450798256926,3,14.674407809370532,0.5722802105264482,0.2145288861950235,262189.4992
rest34,ASTER-USDT-SWAP,-0.1150469295956909,-1,1786017600000,1.0,1.0,-1.0,3.3939667497670434,23,16.21160810881621,0.08186643308376625,0.05494793349115562,438182.75999999995
rest34,CRO-USDT-SWAP,0.4948853209329772,-1,1765710000000,1.0,1.0,1.0,1.3191385657298975,13,24.06793869353897,0.10751397415263826,0.0030154704289950215,5065.16222
rest34,CRO-USDT-SWAP,0.7206808765498336,-1,1771729200000,1.0,1.0,1.0,1.5355950303832504,15,26.61797137779584,0.5144145818132468,-0.02593502695652521,6250.86431
rest34,CRO-USDT-SWAP,0.6891652186578392,1,1773637200000,-1.0,1.0,1.0,2.076994416617546,24,31.212802252884305,0.06414751113495124,0.11963390809848563,8224.00777
rest34,CRO-USDT-SWAP,-1.0882768965558038,-1,1774180800000,1.0,1.0,1.0,0.4247683705692142,21,20.711756038765152,-0.2965259140394131,0.3411919891281789,1659.8955999999998
rest34,CRO-USDT-SWAP,0.4246987050432981,-1,1774382400000,1.0,1.0,1.0,1.0243245027213426,8,24.560288221261292,0.8298243812341844,0.23395107421257752,5954.4377
rest34,CRO-USDT-SWAP,-0.5642098844902066,-1,1777478400000,-0.0,1.0,0.0,2.3219834881922123,15,31.726601884041862,-0.22883117342444745,-0.23598905990950306,12231.3107
rest34,CRO-USDT-SWAP,-1.0657846368992712,-1,1777748400000,-0.0,1.0,0.0,1.2438211111522008,2,11.961320693782422,0.0007612242751988145,0.31378636226279677,2749.24233
rest34,CRO-USDT-SWAP,0.8169968131649212,1,1778403600000,0.0,1.0,0.0,1.2918734417508968,7,19.19679990390145,-0.01569011084379694,0.26487849482250764,8765.14904
rest34,CRO-USDT-SWAP,-0.3556447827191732,-1,1783936800000,1.0,1.0,1.0,4.149804707889092,13,22.65671024226612,0.44995850896481987,0.04421493492788897,5812.37607
rest34,CRO-USDT-SWAP,0.2937148392914185,-1,1785474000000,1.0,1.0,1.0,1.769033476221301,2,13.802712263842086,-0.4126980122426413,0.2069049946978195,5937.28251
rest34,CRO-USDT-SWAP,2.139160191074068,-1,1785988800000,1.0,1.0,-1.0,0.3748064408217599,24,14.358963938460182,-0.766623884033899,-0.30314145316978186,582.7909999999999
rest34,ZEN-USDT-SWAP,0.2811491446734147,-1,1787032800000,1.0,1.0,-1.0,0.4103641478122986,14,16.088814407456617,-0.3801260502612622,0.4737960797221561,52618.217
