变体,段,持仓,用风险R,扣成本后,扣成本前,去掉最好5笔,胜率,止损占比
二层,A 26年4–6月,274,119.0,-0.457,-0.366,-0.556,19%,72%
二层,B 26年7–9月,245,103.7,0.532,0.609,-0.05,29%,64%
二层_只做多,A 26年4–6月,194,80.3,-0.586,-0.491,-0.703,14%,77%
二层_只做多,B 26年7–9月,158,67.7,1.306,1.391,0.327,32%,60%
二层_做差价,A 26年4–6月,274,119.0,-0.412,-0.319,-0.511,20%,72%
二层_做差价,B 26年7–9月,245,103.7,0.374,0.453,-0.117,30%,64%
二层_做差价_只做多,A 26年4–6月,194,80.3,-0.555,-0.458,-0.663,14%,77%
二层_做差价_只做多,B 26年7–9月,158,67.7,1.018,1.104,0.209,34%,60%
三层,A 26年4–6月,147,73.3,-0.268,-0.235,-0.392,28%,58%
三层,B 26年7–9月,136,65.7,0.551,0.585,-0.1,38%,50%
三层_只做多,A 26年4–6月,86,42.3,-0.399,-0.366,-0.591,20%,63%
三层_只做多,B 26年7–9月,83,40.3,1.196,1.232,0.136,43%,40%
三层_做差价,A 26年4–6月,147,73.3,-0.232,-0.197,-0.342,29%,58%
三层_做差价,B 26年7–9月,136,65.7,0.429,0.465,-0.113,40%,50%
三层_做差价_只做多,A 26年4–6月,86,42.3,-0.374,-0.34,-0.549,21%,63%
三层_做差价_只做多,B 26年7–9月,83,40.3,0.982,1.02,0.099,48%,40%
二层,C 25年9月–26年3月,337,139.0,-0.015,0.061,-0.337,22%,67%
二层_只做多,C 25年9月–26年3月,189,74.0,-0.541,-0.444,-0.843,10%,81%
二层_做差价,C 25年9月–26年3月,337,139.0,-0.0,0.078,-0.302,23%,67%
二层_做差价_只做多,C 25年9月–26年3月,189,74.0,-0.523,-0.425,-0.807,12%,81%
三层,C 25年9月–26年3月,192,86.3,-0.104,-0.07,-0.356,29%,53%
三层_只做多,C 25年9月–26年3月,86,36.7,-0.819,-0.77,-0.881,6%,74%
三层_做差价,C 25年9月–26年3月,192,86.3,-0.088,-0.052,-0.335,30%,53%
三层_做差价_只做多,C 25年9月–26年3月,86,36.7,-0.769,-0.719,-0.839,7%,74%
二层,5m 近60天,405,175.7,0.854,1.005,-0.134,20%,73%
二层_只做多,5m 近60天,222,101.7,1.958,2.107,0.251,23%,69%
二层_做差价,5m 近60天,405,175.7,0.502,0.658,-0.198,22%,73%
二层_做差价_只做多,5m 近60天,222,101.7,1.315,1.47,0.105,25%,69%
三层,5m 近60天,222,107.7,0.775,0.849,-0.095,28%,59%
三层_只做多,5m 近60天,126,65.0,1.612,1.683,0.171,36%,50%
三层_做差价,5m 近60天,222,107.7,0.549,0.627,-0.134,29%,59%
三层_做差价_只做多,5m 近60天,126,65.0,1.232,1.308,0.101,37%,50%
二层,5m 两年·第一年,808,341.7,0.153,0.292,-0.271,17%,75%
二层,5m 两年·第二年,866,376.7,-0.077,0.045,-0.194,24%,67%
二层_只做多,5m 两年·第一年,378,156.3,0.536,0.65,-0.332,19%,74%
二层_只做多,5m 两年·第二年,503,215.0,-0.241,-0.107,-0.391,20%,70%
二层_做差价,5m 两年·第一年,808,341.7,0.008,0.152,-0.276,18%,75%
二层_做差价,5m 两年·第二年,866,376.7,-0.097,0.029,-0.203,24%,67%
二层_做差价_只做多,5m 两年·第一年,378,156.3,0.22,0.337,-0.355,19%,74%
二层_做差价_只做多,5m 两年·第二年,503,215.0,-0.272,-0.134,-0.399,21%,70%
三层,5m 两年·第一年,425,203.3,0.478,0.532,-0.167,24%,60%
三层,5m 两年·第二年,552,259.7,-0.029,0.035,-0.144,31%,55%
三层_只做多,5m 两年·第一年,214,97.3,1.037,1.093,-0.228,23%,62%
三层_只做多,5m 两年·第二年,291,136.7,-0.09,-0.025,-0.282,29%,57%
三层_做差价,5m 两年·第一年,425,203.3,0.243,0.301,-0.19,23%,60%
三层_做差价,5m 两年·第二年,552,259.7,-0.045,0.023,-0.143,32%,55%
三层_做差价_只做多,5m 两年·第一年,214,97.3,0.569,0.627,-0.242,22%,62%
三层_做差价_只做多,5m 两年·第二年,291,136.7,-0.121,-0.052,-0.28,29%,57%
