改法,数据,持仓,每1R,去掉最好5笔,胜率,组合收益,回撤
方案二,原40币·全部,264,-0.002,-0.079,40%,+0%,6%
方案二,原40币·前一年,148,-0.087,-0.12,36%,-5%,5%
方案二,原40币·后一年,116,0.117,-0.066,45%,+5%,2%
8_挂单(成本0.1%),原40币·全部,264,0.005,-0.072,41%,+1%,5%
8_挂单(成本0.1%),原40币·前一年,148,-0.08,-0.114,37%,-4%,4%
8_挂单(成本0.1%),原40币·后一年,116,0.125,-0.06,45%,+6%,2%
1_中枢上方二买,原40币·全部,20,0.002,-0.101,35%,+0%,1%
1_中枢上方二买,原40币·前一年,12,-0.051,-0.088,17%,-0%,0%
1_中枢上方二买,原40币·后一年,8,0.101,-0.116,62%,+0%,0%
2_MACD确认二买,原40币·全部,31,-0.043,-0.116,39%,-1%,1%
2_MACD确认二买,原40币·前一年,12,0.004,-0.097,33%,+0%,0%
2_MACD确认二买,原40币·后一年,19,-0.07,-0.153,42%,-1%,1%
3_二买放宽,原40币·全部,288,-0.044,-0.118,38%,-4%,9%
3_二买放宽,原40币·前一年,161,-0.135,-0.167,34%,-8%,8%
3_二买放宽,原40币·后一年,127,0.082,-0.095,43%,+4%,3%
4_一次买够,原40币·全部,264,-0.008,-0.077,39%,-1%,14%
4_一次买够,原40币·前一年,148,-0.083,-0.118,34%,-10%,11%
4_一次买够,原40币·后一年,116,0.089,-0.064,44%,+10%,4%
5_强势不理一卖,原40币·全部,262,-0.003,-0.08,39%,+0%,6%
5_强势不理一卖,原40币·前一年,147,-0.086,-0.123,35%,-5%,5%
5_强势不理一卖,原40币·后一年,115,0.114,-0.069,44%,+5%,2%
6_三买激进,原40币·全部,359,-0.209,-0.329,35%,-55%,57%
6_三买激进,原40币·前一年,157,-0.259,-0.41,32%,-34%,37%
6_三买激进,原40币·后一年,202,-0.171,-0.361,37%,-31%,34%
7_三买稳健,原40币·全部,337,-0.274,-0.482,20%,-62%,62%
7_三买稳健,原40币·前一年,144,-0.307,-0.598,20%,-38%,44%
7_三买稳健,原40币·后一年,193,-0.249,-0.524,21%,-40%,40%
方案二,新30币·全部,104,-0.028,-0.124,37%,-1%,2%
方案二,新30币·前半年,64,-0.024,-0.099,44%,-1%,2%
方案二,新30币·后半年,40,-0.036,-0.186,25%,-1%,2%
8_挂单(成本0.1%),新30币·全部,104,-0.021,-0.118,38%,-1%,2%
8_挂单(成本0.1%),新30币·前半年,64,-0.019,-0.096,45%,-0%,2%
8_挂单(成本0.1%),新30币·后半年,40,-0.024,-0.176,28%,-0%,2%
1_中枢上方二买,新30币·全部,9,-0.108,-0.136,33%,-0%,0%
1_中枢上方二买,新30币·前半年,6,0.008,-0.038,50%,+0%,0%
1_中枢上方二买,新30币·后半年,3,-0.284,,0%,-0%,0%
2_MACD确认二买,新30币·全部,26,0.029,-0.041,38%,+0%,0%
2_MACD确认二买,新30币·前半年,21,0.046,-0.031,43%,+0%,0%
2_MACD确认二买,新30币·后半年,5,-0.035,,20%,-0%,0%
3_二买放宽,新30币·全部,110,-0.066,-0.161,35%,-3%,3%
3_二买放宽,新30币·前半年,68,-0.055,-0.133,43%,-1%,2%
3_二买放宽,新30币·后半年,42,-0.083,-0.227,24%,-1%,2%
4_一次买够,新30币·全部,104,-0.022,-0.127,36%,-2%,5%
4_一次买够,新30币·前半年,64,-0.03,-0.104,42%,-2%,5%
4_一次买够,新30币·后半年,40,-0.009,-0.19,25%,-1%,5%
5_强势不理一卖,新30币·全部,104,-0.027,-0.123,37%,-1%,2%
5_强势不理一卖,新30币·前半年,64,-0.022,-0.098,44%,-1%,2%
5_强势不理一卖,新30币·后半年,40,-0.036,-0.186,25%,-1%,2%
6_三买激进,新30币·全部,163,0.168,-0.034,42%,+28%,15%
6_三买激进,新30币·前半年,95,0.254,-0.024,46%,+26%,7%
6_三买激进,新30币·后半年,68,0.049,-0.316,35%,+2%,15%
7_三买稳健,新30币·全部,153,-0.019,-0.273,26%,+1%,18%
7_三买稳健,新30币·前半年,87,-0.009,-0.415,28%,+7%,13%
7_三买稳健,新30币·后半年,66,-0.032,-0.467,24%,-5%,14%
