side,tp,sl,hold,cost,n_tr,pf_tr,bp_tr,pf_te,bp_te,pf_new,pf_rc,pf_old,n_all,win
-1,0.005,0.01,12,挂单进,84763,1.069630046638801,2.0156549837351485,1.0357072126554423,1.0590180405669667,1.0593687042336224,1.036145143310365,1.035724906390115,356666,0.6837741752788323
-1,0.005,0.01,12,吃单进,84763,0.9021760277579643,-2.984345016264851,0.8738701238379708,-3.9409819594330333,0.8956088013032029,0.8744440916143836,0.8679194035327313,356666,0.6775919207325621
-1,0.005,0.01,48,挂单进,81038,1.0822301350070993,2.5090221674267026,1.0501554404645985,1.5657887424991956,1.0680305653914315,1.055399821509468,1.0615017738646586,339993,0.715332374490063
-1,0.005,0.01,48,吃单进,81038,0.9219537533255012,-2.4909778325732974,0.8948099446214838,-3.4342112575008032,0.9103309883401949,0.8991249182171097,0.9032924234424707,339993,0.7145794178115432
-1,0.005,0.01,288,挂单进,80568,1.0844597211772804,2.599342342964667,1.051544259617437,1.6215316951609995,1.0699475049116307,1.0586813690905017,1.0672888516635914,337985,0.7210467920173972
-1,0.005,0.01,288,吃单进,80568,0.9253311470305358,-2.400657657035333,0.8971987445268392,-3.3784683048389996,0.912901487520061,0.9032632768441905,0.9106305660501126,337985,0.721023122327914
-1,0.005,0.02,12,挂单进,75481,1.2686138115710652,7.299150441829027,1.2404624371439912,6.65878728922912,1.2733924403938985,1.2406528633605085,1.2525379406219257,320081,0.762975621795733
-1,0.005,0.02,12,吃单进,75481,1.081139252086047,2.2991504418290236,1.0574586381596933,1.6587872892291171,1.0883949539381164,1.0587569311529197,1.0572188317903641,320081,0.7555837428650872
-1,0.005,0.02,48,挂单进,68184,1.2902430119841042,8.612937972709869,1.260843490615463,7.904029870132975,1.286774161328252,1.2629648875948605,1.2847025806087438,287541,0.8314675124590928
-1,0.005,0.02,48,吃单进,68184,1.1184413405679108,3.612937972709866,1.09326655040037,2.904029870132972,1.1166634147745675,1.0952086832682042,1.1104303969106026,287541,0.8303476721580575
-1,0.005,0.02,288,挂单进,66600,1.286096943560139,8.753473677755085,1.2618721752715971,8.14038408599028,1.2861436896152145,1.2700569051334096,1.2973333523556536,280668,0.853499508315875
-1,0.005,0.02,288,吃单进,66600,1.1198292389229048,3.7534736777550815,1.0986826842568544,3.1403840859902754,1.119850323295834,1.1057303022801057,1.1294242756752997,280668,0.8534567531745693
-1,0.005,0.03,12,挂单进,72513,1.3613433380634437,9.32816098311832,1.3395617301166167,8.901544196601083,1.3790810150480863,1.34558454065099,1.3593676031975628,308673,0.7792323915600003
-1,0.005,0.03,12,吃单进,72513,1.1608976704785472,4.328160983118318,1.1428865927647143,3.901544196601082,1.1800142929251933,1.149375313252014,1.1466814730724946,308673,0.7715252062862641
-1,0.005,0.03,48,挂单进,62760,1.3922677092524742,11.195672371540088,1.3669047135050085,10.663892893924746,1.400910850555307,1.3661979750931312,1.3955534677280337,266071,0.8631154842128604
-1,0.005,0.03,48,吃单进,62760,1.2120996138395912,6.195672371540085,1.1904970561761006,5.663892893924744,1.2214708360079047,1.190339516443157,1.2098922505315215,266071,0.8618188378290005
-1,0.005,0.03,288,挂单进,59777,1.3786015902978193,11.39516875696566,1.3744720922671851,11.296741148002214,1.3991465069771702,1.390178445399888,1.4178290381796919,253313,0.9009841579389924
-1,0.005,0.03,288,吃单进,59777,1.2090283608272818,6.395168756965656,1.2053589810932726,6.296741148002208,1.2271086937830713,1.218977311164609,1.2428876813367518,253313,0.9009328380304209
-1,0.005,0.05,12,挂单进,70559,1.4255184639320853,10.544733326803843,1.4315666601813695,10.685734623369864,1.4851808409879381,1.4578155799260688,1.457214028017782,302008,0.7856613069852454
-1,0.005,0.05,12,吃单进,70559,1.2145552627782965,5.54473332680384,1.2202679465921031,5.685734623369859,1.2695525471926459,1.2438583646813004,1.2266029421462104,302008,0.7777774098699373
-1,0.005,0.05,48,挂单进,58335,1.4581364633584166,12.693460293083419,1.4604355913978688,12.761507639423716,1.5214435489445308,1.481807506370394,1.4757219530138537,248708,0.877933158563456
-1,0.005,0.05,48,吃单进,58335,1.2718163383191716,7.693460293083415,1.2742460158898508,7.761507639423712,1.3290584104696797,1.2935864537205073,1.2803228339446975,248708,0.8765258857776992
-1,0.005,0.05,288,挂单进,52957,1.4624093231280462,13.614915048609433,1.4679506924495247,13.727535934489499,1.526202777692239,1.5094612902673967,1.4863626674497232,225864,0.9343675840328693
-1,0.005,0.05,288,吃单进,52957,1.2893573714497293,8.614915048609427,1.2942813022502186,8.7275359344895,1.345964416996987,1.330709647940343,1.3093715999949667,225864,0.9343100272730492
-1,0.01,0.01,12,挂单进,66068,0.919664646904853,-3.5729442660215156,0.8877761895805754,-5.0821894777053505,0.9111869681484566,0.8922040238725535,0.8817314883939501,280900,0.5061480954076184
-1,0.01,0.01,12,吃单进,66068,0.81740735719831,-8.572944266021507,0.7890471519893145,-10.082189477705338,0.8122302781658546,0.7939261362851311,0.775535530442334,280900,0.4933570665717337
-1,0.01,0.01,48,挂单进,59715,0.9536328394263315,-2.3674198031922704,0.9217444347341747,-4.075509735329005,0.9368732987385434,0.9246799379342356,0.9316457785911832,251882,0.5192868089025814
-1,0.01,0.01,48,吃单进,59715,0.8621444049266415,-7.367419803192256,0.8334801584646365,-9.07550973532899,0.8478752967710956,0.8359600577667263,0.8397364398759953,251882,0.5165553711658634
-1,0.01,0.01,288,挂单进,58464,0.9554550129195103,-2.357604208765187,0.9273858997806813,-3.903227036369553,0.9402294864162897,0.9318915566131135,0.9491022695151797,246392,0.5224236176499237
-1,0.01,0.01,288,吃单进,58464,0.8669339654748424,-7.357604208765173,0.8414544461817623,-8.903227036369538,0.8531189876478698,0.8454880781401721,0.8610680668697646,246392,0.5223546219033085
-1,0.01,0.02,12,挂单进,56600,1.0117883684874196,0.5498038695887959,0.9942450825878942,-0.27152328483293614,1.021846896207933,1.007067148517053,0.9833752216685216,243154,0.588470681132122
-1,0.01,0.02,12,吃单进,56600,0.9086251802805201,-4.450196130411198,0.8929853046506779,-5.27152328483293,0.9208610313575267,0.9060854085779573,0.8716829278606224,243154,0.572727571826908
-1,0.01,0.02,48,挂单进,46668,1.0596244709409932,3.4576783637134714,1.0426467131436679,2.5070306677066507,1.062890156951305,1.0468879210278894,1.051938139995491,198452,0.6609961098905529
-1,0.01,0.02,48,吃单进,46668,0.9741543026350354,-1.542321636286521,0.95877612683169,-2.492969332293343,0.978587362763364,0.9627620055341759,0.9622966010824257,198452,0.6569951424021929
-1,0.01,0.02,288,挂单进,44086,1.0632110154724306,3.988327405094347,1.048062888644147,3.0625316539813965,1.063495596567903,1.0567972912536576,1.0788157085538164,186767,0.6977035557673464
-1,0.01,0.02,288,吃单进,44086,0.9843398947404647,-1.0116725949056455,0.9703014710609486,-1.9374683460185964,0.9846757102899686,0.9782444721600075,0.9984042552806924,186767,0.6975215107593954
-1,0.01,0.03,12,挂单进,53665,1.0430179359063667,1.9880018321729438,1.041588708190142,1.9265962329052664,1.0711166023180985,1.0592684906924317,1.0225665917761733,231679,0.6056267508060722
-1,0.01,0.03,12,吃单进,53665,0.9375045289217463,-3.011998167827051,0.9363782493268201,-3.073403767094728,0.9663888264708974,0.9539853032961758,0.9061822111504217,231679,0.5891254710180897
-1,0.01,0.03,48,挂单进,41501,1.099921084606201,5.940503430209247,1.098915014405623,5.902194407428329,1.1203145937691494,1.1093450183184672,1.0920787966010632,177920,0.7055249550359712
-1,0.01,0.03,48,吃单进,41501,1.0154403821307556,0.9405034302092553,1.0147621598472867,0.9021944074283357,1.036049442205454,1.0246673213470276,1.0019674875853053,177920,0.700871178057554
-1,0.01,0.03,288,挂单进,37566,1.099722038625316,6.7444360005490624,1.1059889287053073,7.135415691840555,1.120856645445885,1.123226073873914,1.1339824211945708,160225,0.7757341238882821
-1,0.01,0.03,288,吃单进,37566,1.0253703249855124,1.7444360005490689,1.03120163145315,2.1354156918405622,1.0452612543041306,1.0470697141931624,1.0565008618261427,160225,0.7754844749570916
-1,0.01,0.05,12,挂单进,51671,1.0539738619835406,2.4633690448968566,1.0744301391791657,3.3671426133101248,1.1108423526164433,1.0970170593626152,1.0610863314138508,224545,0.6110044757175622
-1,0.01,0.05,12,吃单进,51671,0.9467192586027503,-2.536630955103138,0.9653959686144001,-1.6328573866898692,1.001658030898023,0.9874637368864393,0.9385913049745455,224545,0.5939700282794095
-1,0.01,0.05,48,挂单进,37305,1.1166542951739222,7.010426506605852,1.1369079716901023,8.143779796720853,1.1675527597937152,1.1459355557923614,1.1228762561123182,161960,0.7269943195850828
-1,0.01,0.05,48,吃单进,37305,1.032716505266475,2.010426506605858,1.0517009474696175,3.14377979672086,1.0818173722117763,1.0604508628964242,1.0308017183423388,161960,0.7217831563348975
-1,0.01,0.05,288,挂单进,31353,1.1334851762577842,9.473465825226413,1.1486141174460032,10.42956520509297,1.1706003482885303,1.1597841526186952,1.1640300961738903,135475,0.8380955895921757
-1,0.01,0.05,288,吃单进,31353,1.0623205390650856,4.473465825226416,1.0765029839294897,5.429565205092975,1.0974814863561464,1.0868032764879654,1.08956724729183,135475,0.8377708064218491
-1,0.02,0.01,12,挂单进,59012,0.789051538591706,-11.225918862994105,0.7770899887666752,-11.938967887715854,0.788473946990101,0.7849612701286033,0.7540859666199687,253838,0.4143784618536232
-1,0.02,0.01,12,吃单进,59012,0.7112902676870063,-16.2259188629941,0.700455751028972,-16.938967887715847,0.7132386646507518,0.7090626530808827,0.6699487767819309,253838,0.39831309732979303
-1,0.02,0.01,48,挂单进,49716,0.844055351013885,-10.540312907486834,0.834447545368449,-11.257900583475116,0.8386254806765383,0.8371313201674881,0.8236976874447587,212533,0.3663384039184503
-1,0.02,0.01,48,吃单进,49716,0.7804705994133256,-15.540312907486827,0.771672669038982,-16.257900583475113,0.7767010618489536,0.7741831287757411,0.7572489928171248,212533,0.3613085967826173
-1,0.02,0.01,288,挂单进,46893,0.8668879189383528,-9.91117669360375,0.8537891959856191,-10.949067516507233,0.8552738838378825,0.8597487958727741,0.8709870232028873,199366,0.3322432109788028
-1,0.02,0.01,288,吃单进,46893,0.8083223167764133,-14.911176693603748,0.7961427905102995,-15.949067516507231,0.7976327662670393,0.8015408670462469,0.8117510872344402,199366,0.3319773682573759
-1,0.02,0.02,12,挂单进,49601,0.8343466384751387,-9.778805779423537,0.8374567210573752,-9.61752747091512,0.8500704620181593,0.8465537838157801,0.8079095880157479,215866,0.4894008319976282
-1,0.02,0.02,12,吃单进,49601,0.7602433502531019,-14.778805779423537,0.7633630465739656,-14.617527470915121,0.7778559653462397,0.7733928077617802,0.7238021984268125,215866,0.46943474192323015
-1,0.02,0.02,48,挂单进,36932,0.9065796524567251,-7.957887292154446,0.9111678649303563,-7.54766849809287,0.920050689144239,0.9090441338593221,0.9027231822613766,159660,0.5009144431917826
-1,0.02,0.02,48,吃单进,36932,0.8522830147329372,-12.957887292154451,0.8565591460793844,-12.547668498092875,0.8664557048744552,0.8547582098491568,0.8421135373787852,159660,0.4934611048478016
-1,0.02,0.02,288,挂单进,32460,0.9328671468869008,-6.962908288599323,0.9358979409161354,-6.636987026450908,0.9450979965587639,0.9401233034794118,0.9531750229112277,138917,0.5035164882627756
-1,0.02,0.02,288,吃单进,32460,0.8873714642821356,-11.962908288599328,0.890242845411616,-11.63698702645091,0.8992445820007122,0.8939895159600392,0.9057767655057065,138917,0.502746244160182
-1,0.02,0.03,12,挂单进,46862,0.8437882638336437,-9.293143444380686,0.8606175633770023,-8.269987470628033,0.8709828777510752,0.8771235604638412,0.8275421789631554,205038,0.5073547342443839
-1,0.02,0.03,12,吃单进,46862,0.7695184137172741,-14.293143444380684,0.78540488057363,-13.269987470628033,0.798036303669695,0.8022776018637945,0.7414643387291311,205038,0.48627083760083495
-1,0.02,0.03,48,挂单进,32224,0.9318034582109272,-6.145929824432214,0.9385302119582557,-5.533665147661568,0.9520416469504768,0.9434467652371089,0.9290839256810746,140739,0.5495065333702812
-1,0.02,0.03,48,吃单进,32224,0.879382298201631,-11.145929824432214,0.8858461257902345,-10.533665147661571,0.9003822990860065,0.8908186505417782,0.8691971350139501,140739,0.5407882676443629
-1,0.02,0.03,288,挂单进,26458,0.9602999185194726,-4.73161870338316,0.9715662622233157,-3.3646892973862483,0.9801932125402765,0.9846009806736071,0.9903802886417783,113970,0.598157409844696
-1,0.02,0.03,288,吃单进,26458,0.9197138445501116,-9.731618703383164,0.9304898660329031,-8.364689297386253,0.9391283262546152,0.9426795300710257,0.9471986751580114,113970,0.5971395981398614
-1,0.02,0.05,12,挂单进,45164,0.8472905299802033,-8.991805431650029,0.875257863214079,-7.302572806149907,0.8929676297572458,0.8983625956574663,0.8430316195154389,198633,0.5143254142060987
-1,0.02,0.05,12,吃单进,45164,0.7720374935223242,-13.99180543165003,0.7983333784268587,-12.302572806149913,0.8177363720784917,0.8211910524901562,0.7539665776980403,198633,0.4925666933490407
-1,0.02,0.05,48,挂单进,28724,0.9350617346281451,-6.006890718742488,0.9584619650454252,-3.810483320778688,0.9767521224620853,0.9630724627167297,0.9398635874620006,127010,0.5758522950948745
-1,0.02,0.05,48,吃单进,28724,0.8837194673615364,-11.00689071874249,0.9061107352512657,-8.810483320778692,0.925319715287674,0.9107765889592563,0.8796522699648985,127010,0.5661758916620738
-1,0.02,0.05,288,挂单进,20998,0.9765020718351846,-3.1398231521748703,0.9927551384232678,-0.954421414882288,1.0097311030684126,0.9916517297443007,1.0166564695246767,91860,0.6825604180274331
-1,0.02,0.05,288,吃单进,20998,0.9398026925288683,-8.139823152174873,0.9553327310258585,-5.954421414882292,0.9722233197509971,0.953991682668942,0.9764032759890013,91860,0.6810799042020466
-1,0.03,0.01,12,挂单进,57997,0.7588206771218984,-13.167684185550138,0.744982379899148,-14.05565068310891,0.7585155423314413,0.7500450896377091,0.7274786396190154,249732,0.39924799384940657
-1,0.03,0.01,12,吃单进,57997,0.6849250821416003,-18.167684185550133,0.672544713984767,-19.055650683108908,0.6873274958792027,0.678587826669663,0.646521470294267,249732,0.3827262825749203
-1,0.03,0.01,48,挂单进,47640,0.8216476969687552,-12.835077631315208,0.8090930042608033,-13.815056774265114,0.8155338012355287,0.8072430681542327,0.808780292696178,204403,0.32655587246762524
-1,0.03,0.01,48,吃单进,47640,0.7634047868097624,-17.8350776313152,0.7517236392343531,-18.81505677426511,0.7590537256772902,0.750145231361392,0.7462776257956218,204403,0.32098843950431255
-1,0.03,0.01,288,挂单进,43579,0.8658346184434542,-11.15784324335574,0.844500403746149,-13.023227455050993,0.8479039647682357,0.8430502179201668,0.8704705154576989,185555,0.2539247123494382
-1,0.03,0.01,288,吃单进,43579,0.8140561679000918,-16.157843243355735,0.7940259559097154,-18.023227455050986,0.79743678074245,0.7923722599489547,0.8176553949186214,185555,0.2534935733340519
-1,0.03,0.02,12,挂单进,48573,0.7909440703675865,-12.809508742076213,0.790288656165901,-12.958128817032966,0.8029481478544375,0.7959487220172373,0.7679213856791954,211601,0.4710941819745653
-1,0.03,0.02,12,吃单进,48573,0.7216278101215713,-17.809508742076215,0.7215757741196714,-17.958128817032968,0.7360886963657051,0.7283839068300085,0.6881702085382886,211601,0.45045628328788617
-1,0.03,0.02,48,挂单进,34927,0.874400247526962,-11.68913653449192,0.8679864978464717,-12.311655091043917,0.8793382742169159,0.8645254326193224,0.8724988639935285,151651,0.4534886021193398
-1,0.03,0.02,48,吃单进,34927,0.8259038803553913,-16.689136534491922,0.8197293663331825,-17.311655091043917,0.832134074872696,0.8168470393929331,0.8168199213356666,151651,0.4449888230212791
-1,0.03,0.02,288,挂单进,29177,0.9220702096197101,-9.585309876068914,0.9098424832996993,-11.129418938490497,0.922607633261149,0.9080230052725267,0.9389572498009875,125042,0.407894947297708
-1,0.03,0.02,288,吃单进,29177,0.884219977802035,-14.58530987606892,0.8724205624577983,-16.1294189384905,0.8850412363140037,0.8703219933800569,0.8989882663459212,125042,0.4067193423009869
-1,0.03,0.03,12,挂单进,45857,0.7927599735688814,-12.891335224829936,0.8046772517270422,-12.188397507953015,0.8178966162394794,0.8211951823746605,0.7848971196909585,200819,0.48870375811053735
-1,0.03,0.03,12,吃单进,45857,0.7240085898884446,-17.89133522482994,0.7356232720852905,-17.188397507953017,0.7509096522949936,0.7525354536405188,0.7035180734144836,200819,0.46684327678157944
-1,0.03,0.03,48,挂单进,30348,0.8865374790066082,-11.356961614551638,0.8844622759493145,-11.579922474027603,0.9000719620273356,0.8868926814151986,0.8972160107038607,133173,0.5009799283638575
-1,0.03,0.03,48,吃单进,30348,0.8406460865435861,-16.35696161455164,0.8386362108331836,-16.579922474027605,0.8553145949519546,0.8413192436217045,0.842389390338622,133173,0.49100793704429574
-1,0.03,0.03,288,挂单进,23336,0.9450271864977383,-8.025166644447681,0.9371807190763685,-9.179998332202556,0.9488323404090333,0.938034160497264,0.9710458845337692,100731,0.5010771262074237
-1,0.03,0.03,288,吃单进,23336,0.912285009424448,-13.025166644447689,0.9046033967448451,-14.179998332202562,0.9163466165541695,0.9050246614580434,0.9354501641816498,100731,0.499439100177701
-1,0.03,0.05,12,挂单进,44216,0.7918733185580534,-12.809747051533977,0.814431388943239,-11.47610049619772,0.8334224286338466,0.8335517442971352,0.7972984931311388,194614,0.49629009218247405
-1,0.03,0.05,12,吃单进,44216,0.7223135514123687,-17.80974705153398,0.7442061283248128,-16.47610049619772,0.7646746568578284,0.7634806853486892,0.7135111698851746,194614,0.4737891415828255
-1,0.03,0.05,48,挂单进,27092,0.8984681292583888,-10.403596945038796,0.9035117810698567,-9.905013004165149,0.9272804947860883,0.9060672038868989,0.9028015560335654,120227,0.5300805975363271
-1,0.03,0.05,48,吃单进,27092,0.8531163171411433,-15.403596945038796,0.8580663217613433,-14.905013004165149,0.8826653149237711,0.8608494009972247,0.8480455328648098,120227,0.519001555391052
-1,0.03,0.05,288,挂单进,18291,0.9620393183388904,-6.366122791267643,0.9584299491779302,-6.936581563468794,0.9809991982177915,0.9466707071491884,1.0020825046123432,80097,0.5917949486247924
-1,0.03,0.05,288,吃单进,18291,0.9330432677445514,-11.366122791267646,0.9293301479291955,-11.936581563468797,0.9518965923970502,0.9175416219830457,0.9692361949805647,80097,0.5894228248248998
1,0.005,0.01,12,挂单进,76827,1.116223018520257,3.318338348106053,1.0422380690260777,1.2446523296466945,1.0469182296794886,1.0086591085308703,0.938925538414877,342527,0.6878260691857868
1,0.005,0.01,12,吃单进,76827,0.9439865729297441,-1.681661651893947,0.8790552959509449,-3.755347670353306,0.8850515623023115,0.8458786838355168,0.7922463149871632,342527,0.6824367130182438
1,0.005,0.01,48,挂单进,74447,1.111437900114736,3.347785347129977,1.05122088094389,1.5979675621262386,1.0519110502394178,1.03246764477368,0.9548346948250069,329360,0.7133349526354141
1,0.005,0.01,48,吃单进,74447,0.9473896302966937,-1.652214652870023,0.8957246350187673,-3.4020324378737614,0.8966869231708896,0.8786861154587369,0.8131547772173224,329360,0.7126518095700753
1,0.005,0.01,288,挂单进,74203,1.1110025426827261,3.353813485197176,1.0524318680072575,1.6481111155345791,1.0532247729995465,1.0359098805560705,0.9582176686933993,327815,0.7174839467382518
1,0.005,0.01,288,吃单进,74203,0.9478450785048735,-1.6461865148028239,0.8979278127138276,-3.35188888446542,0.8985897109304739,0.8837901698690014,0.8175235159551232,327815,0.7174686942330277
1,0.005,0.02,12,挂单进,68749,1.255892165063017,7.1424126604949665,1.2544948701299277,6.919598309667598,1.2399243466342185,1.258377068091251,1.1773108456469306,309901,0.7681614451066631
1,0.005,0.02,12,吃单进,68749,1.0738280516153884,2.1424126604949625,1.067621772615458,1.9195983096675944,1.0590256624206673,1.0620137733107193,1.003831783277679,309901,0.7614657584196244
1,0.005,0.02,48,挂单进,63062,1.2362526320272067,7.305538561392727,1.2600144672548115,7.867415978905727,1.2372885535979792,1.3035667749436883,1.1895428650749558,281494,0.8302699169431675
1,0.005,0.02,48,吃单进,63062,1.072610056788458,2.3055385613927224,1.092196204596134,2.867415978905723,1.0736665895468163,1.1262448294115661,1.030239244342109,281494,0.828987473978131
1,0.005,0.02,288,挂单进,62024,1.2244162718695142,7.151939562456685,1.2596655540742903,8.08531961075128,1.2361867700476552,1.3135894091043223,1.1878228713590264,275503,0.8498709632925957
1,0.005,0.02,288,吃单进,62024,1.0659622473934909,2.1519395624566813,1.0967909688431494,3.085319610751277,1.0763529561310246,1.143524934969588,1.0340623409224308,275503,0.849823776873573
1,0.005,0.03,12,挂单进,66661,1.3081363693841024,8.423336740824077,1.3261665763651442,8.537415155338303,1.3098818337933558,1.3661531576041706,1.3063695888627003,300737,0.7842267496184374
1,0.005,0.03,12,吃单进,66661,1.120697498653588,3.4233367408240722,1.129558997574558,3.5374151553383006,1.1202711768848361,1.1522951606043343,1.1145713251896099,300737,0.7772671802937451
1,0.005,0.03,48,挂单进,58541,1.2838278242929522,8.747738481030447,1.3235130684737682,9.633077648206765,1.296560755345901,1.4261622329666757,1.3268413613500543,261450,0.8602294893861159
1,0.005,0.03,48,吃单进,58541,1.1189675954343543,3.7477384810304444,1.1520094605886413,4.633077648206762,1.1302100586364519,1.2355235964938702,1.1533555649623726,261450,0.8587339835532607
1,0.005,0.03,288,挂单进,56175,1.2466084566230373,8.114348523137512,1.3226230191724537,10.076876343041022,1.2875270019046512,1.4471680924690087,1.313465500808221,249292,0.8959934534601993
1,0.005,0.03,288,吃单进,56175,1.0931322487994348,3.114348523137509,1.1599165867476657,5.0768763430410155,1.1292573530271306,1.2683753750355848,1.1514669945273233,249292,0.8959212489771031
1,0.005,0.05,12,挂单进,65724,1.3736958501988947,9.863481404013964,1.38583698498522,9.745152142326416,1.3703046250116209,1.4913564634678103,1.4289867902477085,296037,0.792664430459706
1,0.005,0.05,12,吃单进,65724,1.1777279421384064,4.863481404013963,1.180065333164099,4.745152142326412,1.1722318969481897,1.2548389929740822,1.2176989264603801,296037,0.7855639666663289
1,0.005,0.05,48,挂单进,55248,1.3314087265192682,10.043722201902472,1.3676936283448238,10.759640618177697,1.3427164419139663,1.56859258334497,1.4388853949135338,246440,0.8748173997727642
1,0.005,0.05,48,吃单进,55248,1.1632237146960596,5.043722201902468,1.192646513254406,5.759640618177691,1.1730341835867544,1.3588614737052145,1.2518569045350012,246440,0.8732064599902614
1,0.005,0.05,288,挂单进,50079,1.2431265835851446,8.327120955550955,1.3583796328246622,11.295239528820824,1.3132759655979076,1.6037399538016097,1.3963547520244766,222012,0.9288146586670991
1,0.005,0.05,288,吃单进,50079,1.0961193176470299,3.3271209555509484,1.1975368013882872,6.29523952882082,1.1582326623896781,1.4116557946389008,1.230022811840414,222012,0.9287110606633876
1,0.01,0.01,12,挂单进,58087,0.878856657034667,-5.627913365445765,0.8359462783553103,-7.514052618504109,0.8366894751636982,0.8456262370357001,0.789885102294186,265746,0.4966848042868002
1,0.01,0.01,12,吃单进,58087,0.7828319517848167,-10.627913365445757,0.7412635989090867,-12.514052618504099,0.7447234529302545,0.7429432645586485,0.7009837087027647,265746,0.48429703551511594
1,0.01,0.01,48,挂单进,53157,0.8877720342076157,-6.007074039685971,0.8598041597098186,-7.55411313073179,0.8542459782692599,0.8936290471563861,0.8287299442862699,240024,0.5006207712562077
1,0.01,0.01,48,吃单进,53157,0.803391564342505,-11.007074039685959,0.7773715656512894,-12.554113130731775,0.7731450592590575,0.8057421453490546,0.7483079759552069,240024,0.49835433123354334
1,0.01,0.01,288,挂单进,52437,0.8887877371803984,-6.109618338900558,0.8637060530815762,-7.594777260759997,0.8573134597837859,0.9081748159552863,0.8366427092457,235497,0.5016157318352251
1,0.01,0.01,288,吃单进,52437,0.8064191621616821,-11.109618338900544,0.7836538979826227,-12.594777260759983,0.7778592798641535,0.823895262588056,0.7590342790218689,235497,0.5015605294334959
1,0.01,0.02,12,挂单进,49964,0.9571621441437842,-2.089214193923379,0.9334878371778536,-3.127270826905505,0.9313556307235235,0.972039065735567,0.9034198377373649,231230,0.5796047225706007
1,0.01,0.02,12,吃单进,49964,0.8605510283257035,-7.0892141939233735,0.8348050162613434,-8.1272708269055,0.8366286857768949,0.8594182828223808,0.8093502696299231,231230,0.5637633525061627
1,0.01,0.02,48,挂单进,41650,0.9759562892079052,-1.4836597372189158,0.9596259882082014,-2.4774808808171915,0.9534901686781604,1.0453322652417956,0.9458091150788106,189219,0.6439099667580951
1,0.01,0.02,48,吃单进,41650,0.89781539108112,-6.483659737218908,0.8816217671851909,-7.477480880817184,0.8773733013569023,0.9558404591611234,0.8675024708469499,189219,0.6397401952235241
1,0.01,0.02,288,挂单进,39659,0.9630197989738486,-2.4981142056660723,0.96611474819521,-2.2839477791025113,0.9553782891390675,1.0695430999934556,0.95310897433348,178342,0.6779782664767694
1,0.01,0.02,288,吃单进,39659,0.8915785470718454,-7.498114205666066,0.8944490223440263,-7.283947779102506,0.8845847382213727,0.989784354343984,0.882078129767711,178342,0.6777820143320138
1,0.01,0.03,12,挂单进,47759,0.9738875316012962,-1.279110460523437,0.9674036787414224,-1.5134703980231305,0.959999328201727,1.0305427763047124,0.9474132307342334,221892,0.5962450200998684
1,0.01,0.03,12,吃单进,47759,0.8768033088690474,-6.279110460523431,0.8657992190671265,-6.5134703980231246,0.8633413266744021,0.9106350881272831,0.8494584352953478,221892,0.5796288284390605
1,0.01,0.03,48,挂单进,37369,1.0003307106958308,0.021124596517947923,0.9930050930326993,-0.4401340106392068,0.9869160832984044,1.1248122975417467,1.0020027674521648,170528,0.6861629761681366
1,0.01,0.03,48,吃单进,37369,0.9238773593983788,-4.978875403482044,0.9156815520375359,-5.440134010639199,0.9118069495154689,1.0308217553945276,0.9219331862302819,170528,0.6811960499155564
1,0.01,0.03,288,挂单进,33910,0.9694377034240109,-2.276483145431029,1.001485222411596,0.10790616474019064,0.9842559581901531,1.157485073693232,1.0076375923650867,152729,0.7570075100341127
1,0.01,0.03,288,吃单进,33910,0.9038956281138516,-7.276483145431022,0.9337660003319008,-4.892093835259803,0.9178865323748084,1.078232940058178,0.9388739405413005,152729,0.7567390606891946
1,0.01,0.05,12,挂单进,46561,1.00321061380253,0.15453332003206,0.987070510459054,-0.5905727185532295,0.9851273981830356,1.094063909091289,0.9830140618033851,216407,0.6023834718839963
1,0.01,0.05,12,吃单进,46561,0.9032219671019682,-4.845466679967934,0.8829409345076441,-5.590572718553224,0.8857356761701367,0.96474445670579,0.8804891056615142,216407,0.5852629536013161
1,0.01,0.05,48,挂单进,34325,1.0281930288569898,1.8065113388634424,1.0132880480197086,0.8391733673807698,1.0128224819285783,1.2105648988015456,1.0279239855056115,156719,0.7056196121721042
1,0.01,0.05,48,吃单进,34325,0.9512337244171497,-3.19348866113655,0.9356478771044437,-4.160826632619223,0.9373030610479136,1.1088447120561353,0.9466388039533316,156719,0.7001831303160434
1,0.01,0.05,288,挂单进,28587,0.9693963802195946,-2.477058282025087,1.0237585226984165,1.8289323726241915,1.001800505746429,1.2593207348973139,1.025572684381247,128441,0.8197927453071838
1,0.01,0.05,288,吃单进,28587,0.9086325572028945,-7.477058282025082,0.9592773285350618,-3.1710676273758023,0.9391891478955944,1.1777252584103608,0.9598670870976013,128441,0.8193178190764632
1,0.02,0.01,12,挂单进,52776,0.7943339901024962,-11.095258763283889,0.7431853125245315,-13.441417117811847,0.7428458620852659,0.7578430486864316,0.6755229181793809,243382,0.41581135827628996
1,0.02,0.01,12,吃单进,52776,0.7169486453816284,-16.095258763283887,0.6665455137368205,-18.44141711781184,0.6693727877810667,0.6722486719642828,0.6059234690300098,243382,0.40043224231865954
1,0.02,0.01,48,挂单进,44910,0.811981011788418,-13.055981203590079,0.7843483646703396,-14.824468451939708,0.7794311244152926,0.8455275665882515,0.737755568321731,204725,0.3539089021858591
1,0.02,0.01,48,吃单进,44910,0.7515313211221475,-18.05598120359008,0.7246342338892999,-19.824468451939705,0.7214692147610511,0.7776838639886493,0.6798614770491611,204725,0.3494199535962877
1,0.02,0.01,288,挂单进,42627,0.8143842264703249,-14.149753991670757,0.7960641132963213,-15.61272016428129,0.7870984559527991,0.8743956612966985,0.7590569383041086,192341,0.31396842066954006
1,0.02,0.01,288,吃单进,42627,0.7595302845667125,-19.149753991670753,0.7422965225776558,-20.612720164281285,0.7340356268056948,0.8150045327169926,0.7074401737243733,192341,0.31377085488793344
1,0.02,0.02,12,挂单进,44873,0.8611481096232898,-8.068521334666572,0.8109148602024174,-10.548502037733861,0.8144625244887892,0.8471040072546047,0.7399047723250626,209233,0.49387046976337384
1,0.02,0.02,12,吃单进,44873,0.7843784150917428,-13.068521334666574,0.7337566029941509,-15.548502037733861,0.7408818633761547,0.7567116863282138,0.6699864940598718,209233,0.4740839160170719
1,0.02,0.02,48,挂单进,33757,0.8896040329601071,-9.425001190236566,0.85688258498764,-12.108325832282429,0.855879913294519,0.9681355755231611,0.8091433615050242,155147,0.49159184515330623
1,0.02,0.02,48,吃单进,33757,0.8358826854602185,-14.425001190236568,0.8037752722756534,-17.108325832282432,0.804574643323047,0.9025130229535949,0.7567486647585489,155147,0.48352852456057804
1,0.02,0.02,288,挂单进,29664,0.8698666764228292,-14.034295254967812,0.8713278271249628,-13.795783765922844,0.862115864174066,1.0045733476325485,0.8377116390173686,134135,0.4835352443433854
1,0.02,0.02,288,吃单进,29664,0.8276166965176964,-19.034295254967816,0.828808126902099,-18.79578376592285,0.8202802827836677,0.954673682389809,0.7961316181886436,134135,0.48286427852536623
1,0.02,0.03,12,挂单进,42779,0.8639550780548831,-8.004975239352506,0.8381779813902966,-8.971166088911398,0.835482415998005,0.886931948552167,0.7566052929291702,200402,0.5103791379327551
1,0.02,0.03,12,吃单进,42779,0.7876957794958152,-13.004975239352508,0.7590081556848781,-13.9711660889114,0.7608247982278211,0.7923285715253745,0.6858063496513896,200402,0.48952605263420523
1,0.02,0.03,48,挂单进,29969,0.9178622237336639,-7.362470285733719,0.8911578447675979,-9.618737647390576,0.8898959376863517,1.0263789111636175,0.8294982745460102,138194,0.5372664515101958
1,0.02,0.03,48,吃单进,29969,0.8654994776606391,-12.362470285733725,0.838877401561224,-14.618737647390578,0.8396656759463808,0.9590726138336594,0.7781197574181519,138194,0.5280330549806793
1,0.02,0.03,288,挂单进,24306,0.8832874669732725,-14.68126946224162,0.914758191286753,-10.436429596722121,0.9004921221780213,1.0856522343586354,0.8711758382949695,110188,0.5798998076015537
1,0.02,0.03,288,吃单进,24306,0.8461189850724541,-19.68126946224162,0.8760279131915248,-15.436429596722128,0.8627492733821601,1.0381593536390374,0.8331830685702257,110188,0.5788742875812248
1,0.02,0.05,12,挂单进,41741,0.8823959680441569,-6.828271497243823,0.8464994462268747,-8.432226448831907,0.8473224750562987,0.9306728427773868,0.768445043908726,195538,0.5168509445734333
1,0.02,0.05,12,吃单进,41741,0.8042601422169136,-11.828271497243824,0.7661586953471998,-13.432226448831909,0.7714075725212444,0.8300891543355106,0.6956325698831358,195538,0.49537174359970954
1,0.02,0.05,48,挂单进,27527,0.9483930063570314,-4.661294400690158,0.9035954284538298,-8.63162811627214,0.9093492900060337,1.0938635388660214,0.8416964519668356,126510,0.5598766895897558
1,0.02,0.05,48,吃单进,27527,0.8955079749366638,-9.661294400690158,0.8514899719728551,-13.631628116272143,0.8592125732858581,1.0216717681701402,0.7899403149867047,126510,0.5498300529602403
1,0.02,0.05,288,挂单进,19637,0.9061969224324622,-13.226384827414865,0.9278625489526855,-9.878362329645283,0.916921121946436,1.1512593339300643,0.8938820117951739,88981,0.6635573886560052
1,0.02,0.05,288,吃单进,19637,0.8722314121577025,-18.226384827414865,0.8926592466031578,-14.878362329645283,0.8827728578555165,1.1049117220972462,0.8583425322527158,88981,0.661792967037907
1,0.03,0.01,12,挂单进,52288,0.8039711977315421,-10.725054775563462,0.7313625608512618,-14.265539165274658,0.7367942312048904,0.7494851985288568,0.6583069562034871,241065,0.406678696617095
1,0.03,0.01,12,吃单进,52288,0.7273334527927681,-15.72505477556346,0.6566771412940261,-19.265539165274657,0.6649696682455284,0.6656585877811433,0.5909302543558436,241065,0.39101487150768466
1,0.03,0.01,48,挂单进,43502,0.8198675395165532,-13.123805808472499,0.773032158590074,-16.37782908147433,0.7744976503059685,0.8598021597985746,0.7298000620828049,198479,0.3211876319409106
1,0.03,0.01,48,吃单进,43502,0.7623362809732035,-18.123805808472497,0.7171601466633305,-21.37782908147433,0.7201172182367404,0.7939769341054409,0.6750236495149645,198479,0.31619466039228333
1,0.03,0.01,288,挂单进,39737,0.8010729892670351,-16.96770527843714,0.7933156092425135,-17.568493705247906,0.7852122402573599,0.8983755471016918,0.762016864785883,179903,0.238206144422272
1,0.03,0.01,288,吃单进,39737,0.7534625584067369,-21.967705278437133,0.7458899635385544,-22.568493705247896,0.738509020321696,0.8439978176690726,0.7157941595600572,179903,0.23785039715846873
1,0.03,0.02,12,挂单进,44358,0.8699050808827444,-7.709215726490909,0.7928878254482438,-11.80973443964173,0.8022725035206885,0.8326714604221789,0.7148265456547055,206778,0.48281732099159486
1,0.03,0.02,12,吃单进,44358,0.7943750135428853,-12.70921572649091,0.7183851047603566,-16.80973443964173,0.7310827230366078,0.7448395944536975,0.6479203255352579,206778,0.46256855178017003
1,0.03,0.02,48,挂单进,32430,0.899429245451741,-9.140818361777947,0.8397487348759867,-14.498501754741408,0.8457319179554763,0.9671122617154593,0.7872503225640314,149111,0.45374922037944887
1,0.03,0.02,48,吃单进,32430,0.8489207521711815,-14.14081836177795,0.7909243328135641,-19.49850175474141,0.7984932729282384,0.9051343205168629,0.7389899537099096,149111,0.44466873671291857
1,0.03,0.02,288,挂单进,26732,0.8544797997620258,-18.600186096571495,0.8638330703660355,-17.159428722531317,0.8539557301708132,1.017021574269089,0.8326280277685307,121651,0.39066674338887475
1,0.03,0.02,288,吃单进,26732,0.8196864201439263,-23.600186096571502,0.8283071965796739,-22.15942872253132,0.819241375595403,0.9738262108975905,0.797312579963452,121651,0.38966387452630885
1,0.03,0.03,12,挂单进,42293,0.8711912454728725,-7.744499708830638,0.8161803665281826,-10.442975276109141,0.8192267683439795,0.8681096899665705,0.7191992073209492,197959,0.4986184007799595
1,0.03,0.03,12,吃单进,42293,0.7963809896890948,-12.744499708830638,0.740045831207533,-15.44297527610914,0.7473355124493515,0.7765961347998884,0.652446759079926,197959,0.47718972110386493
1,0.03,0.03,48,挂单进,28748,0.9274184076690414,-6.963969051930185,0.8770640554008285,-11.69927641662088,0.8817205134603722,1.0259715685526862,0.8024698863779689,132537,0.4988116525951244
1,0.03,0.03,48,吃单进,28748,0.8784356575741925,-11.963969051930185,0.8291284015028673,-16.699276416620883,0.8356679533161038,0.9627055140586135,0.7555522899397641,132537,0.4884673713755404
1,0.03,0.03,288,挂单进,21549,0.8759292064824401,-18.945169558562156,0.8947776246309529,-15.695666981758295,0.8862393973584296,1.0728407333676053,0.8648560037846004,98148,0.4846863919794596
1,0.03,0.03,288,吃单进,21549,0.8458092006556416,-23.94516955856216,0.8636131422586416,-20.695666981758297,0.8559223730293499,1.033382581263718,0.8332084383472351,98148,0.48299506867180175
1,0.03,0.05,12,挂单进,41272,0.8912819693927407,-6.448627148918175,0.8240404385214763,-9.923186511318766,0.830390719864395,0.9075635628646608,0.7311577944331377,193212,0.5056155932343747
1,0.03,0.05,12,吃单进,41272,0.8145363696996931,-11.448627148918176,0.7468997042963749,-14.923186511318768,0.7574438670478132,0.8108955756325283,0.6624857564434546,193212,0.48360867854998657
1,0.03,0.05,48,挂单进,26416,0.9668340149607236,-3.1925155350390524,0.8837399643953797,-11.254505089950658,0.8978287143177004,1.080353532515891,0.8256012979067141,121468,0.523117199591662
1,0.03,0.05,48,吃单进,26416,0.9168933879981142,-8.192515535039053,0.8362456199526536,-16.25450508995066,0.8520128976034346,1.0134154519176182,0.77783204188341,121468,0.5118220436658214
1,0.03,0.05,288,挂单进,17084,0.9011810797313912,-17.25563311342297,0.9054208694142809,-16.122614630891764,0.8970755551527232,1.1378443071173057,0.9022985351798273,78053,0.5717269035142788
1,0.03,0.05,288,吃单进,17084,0.8740782774714309,-22.255633113422977,0.8776360672320559,-21.12261463089177,0.8703429319879319,1.0997607927053563,0.8725720778799118,78053,0.5689595531241592
