形态,方向,训练笔数,训练胜率,训练平均R,训练PF,检验笔数,检验胜率,检验平均R,检验PF
2B假突破,多,35135,38%,-0.159,0.77,11155,35%,-0.236,0.67
2B假突破,空,37815,38%,-0.177,0.75,10371,37%,-0.214,0.7
2B假突破+顺大趋势,多,7266,39%,-0.108,0.84,1601,34%,-0.257,0.65
2B假突破+顺大趋势,空,15926,39%,-0.168,0.76,4887,37%,-0.217,0.7
内包线突破,多,20087,36%,-0.164,0.76,5315,39%,-0.092,0.86
内包线突破,空,19136,42%,-0.018,0.97,6090,46%,0.062,1.11
内包线突破+顺大趋势,多,8865,37%,-0.136,0.8,1949,37%,-0.146,0.78
内包线突破+顺大趋势,空,13206,43%,0.008,1.01,4772,47%,0.093,1.16
吞没(任意位置),多,60747,37%,-0.158,0.77,17783,38%,-0.136,0.8
吞没(任意位置),空,64951,41%,-0.074,0.88,18384,42%,-0.047,0.92
吞没+20根低/高点,多,6737,42%,-0.05,0.92,2615,39%,-0.099,0.85
吞没+20根低/高点,空,8601,39%,-0.103,0.84,2677,38%,-0.129,0.8
吞没+低点+顺大趋势,多,1647,42%,-0.033,0.95,462,37%,-0.148,0.78
吞没+低点+顺大趋势,空,3890,41%,-0.066,0.89,1373,39%,-0.111,0.83
长下影线(任意位置),多,59518,36%,-0.195,0.72,15494,37%,-0.152,0.78
长下影线(任意位置),空,44736,40%,-0.106,0.84,13508,42%,-0.053,0.92
长影线+20根低/高点,多,9157,36%,-0.174,0.74,3100,37%,-0.143,0.78
长影线+20根低/高点,空,8611,40%,-0.085,0.87,2450,39%,-0.11,0.83
长影线+低点+顺大趋势,多,1812,38%,-0.11,0.83,372,39%,-0.097,0.85
长影线+低点+顺大趋势,空,3604,41%,-0.057,0.91,1227,38%,-0.133,0.8
