形态,方向,位置,训练笔数,训练PF,训练平均R,检验笔数,检验PF,检验平均R
CDL3BLACKCROWS,空,任意位置,303,0.84,-0.103,92,0.84,-0.107
CDL3INSIDE,多,任意位置,10307,0.71,-0.206,2773,0.75,-0.173
CDL3INSIDE,多,在高低点,88,0.88,-0.079,41,0.47,-0.402
CDL3INSIDE,空,任意位置,9978,0.73,-0.191,2639,0.82,-0.12
CDL3INSIDE,空,在高低点,147,0.62,-0.267,48,0.5,-0.363
CDL3LINESTRIKE,多,任意位置,2916,0.37,-0.588,580,0.4,-0.551
CDL3LINESTRIKE,多,在高低点,633,0.45,-0.465,109,0.43,-0.51
CDL3LINESTRIKE,空,任意位置,2051,0.37,-0.603,460,0.35,-0.628
CDL3LINESTRIKE,空,在高低点,465,0.5,-0.421,97,0.33,-0.638
CDL3OUTSIDE,多,任意位置,44677,0.61,-0.298,10919,0.63,-0.276
CDL3OUTSIDE,空,任意位置,48667,0.68,-0.231,12817,0.69,-0.229
CDL3WHITESOLDIERS,多,任意位置,1854,0.73,-0.187,560,0.67,-0.238
CDLADVANCEBLOCK,空,任意位置,26817,0.5,-0.431,7180,0.48,-0.446
CDLADVANCEBLOCK,空,在高低点,11608,0.53,-0.388,3355,0.5,-0.422
CDLBELTHOLD,多,任意位置,215728,0.74,-0.181,63353,0.72,-0.195
CDLBELTHOLD,多,在高低点,822,0.91,-0.056,868,0.53,-0.366
CDLBELTHOLD,空,任意位置,216754,0.82,-0.117,67633,0.8,-0.133
CDLBELTHOLD,空,在高低点,2045,0.77,-0.156,948,0.56,-0.345
CDLCLOSINGMARUBOZU,多,任意位置,176486,0.74,-0.177,52222,0.72,-0.194
CDLCLOSINGMARUBOZU,多,在高低点,8006,0.99,-0.008,3379,0.77,-0.154
CDLCLOSINGMARUBOZU,空,任意位置,131132,0.8,-0.13,48734,0.76,-0.164
CDLCLOSINGMARUBOZU,空,在高低点,7135,0.8,-0.131,2930,0.68,-0.22
CDLDARKCLOUDCOVER,空,任意位置,384,0.73,-0.194,186,1.06,0.035
CDLDOJI,多,任意位置,374951,0.47,-0.456,109682,0.44,-0.496
CDLDOJI,多,在高低点,23039,0.64,-0.265,9407,0.57,-0.342
CDLDOJISTAR,多,任意位置,10863,0.53,-0.384,3320,0.47,-0.462
CDLDOJISTAR,多,在高低点,2624,0.64,-0.274,988,0.49,-0.424
CDLDOJISTAR,空,任意位置,11565,0.51,-0.409,3348,0.49,-0.435
CDLDOJISTAR,空,在高低点,2979,0.61,-0.299,997,0.46,-0.467
CDLDRAGONFLYDOJI,多,任意位置,53014,0.54,-0.369,14302,0.5,-0.419
CDLDRAGONFLYDOJI,多,在高低点,3677,0.63,-0.272,1275,0.59,-0.31
CDLENGULFING,多,任意位置,238092,0.69,-0.221,64988,0.7,-0.216
CDLENGULFING,多,在高低点,9373,0.81,-0.124,3902,0.77,-0.148
CDLENGULFING,空,任意位置,263488,0.75,-0.17,78254,0.74,-0.179
CDLENGULFING,空,在高低点,14423,0.75,-0.166,5132,0.74,-0.174
CDLEVENINGDOJISTAR,空,任意位置,3091,0.81,-0.13,834,0.87,-0.083
CDLEVENINGSTAR,空,任意位置,8814,0.8,-0.132,2278,0.84,-0.108
CDLEVENINGSTAR,空,在高低点,687,0.81,-0.121,248,0.82,-0.115
CDLGAPSIDESIDEWHITE,多,任意位置,3322,0.5,-0.421,1182,0.37,-0.578
CDLGRAVESTONEDOJI,多,任意位置,13862,0.22,-0.883,4744,0.18,-0.948
CDLHAMMER,多,任意位置,71441,0.6,-0.31,19661,0.58,-0.327
CDLHAMMER,多,在高低点,12552,0.65,-0.257,4037,0.63,-0.274
CDLHANGINGMAN,空,任意位置,8623,0.28,-0.774,2580,0.19,-0.916
CDLHANGINGMAN,空,在高低点,299,0.2,-0.941,258,0.11,-1.061
CDLHARAMI,多,任意位置,129765,0.62,-0.294,40356,0.55,-0.365
CDLHARAMI,多,在高低点,19840,0.69,-0.227,8024,0.65,-0.261
CDLHARAMI,空,任意位置,126329,0.63,-0.288,38838,0.59,-0.323
CDLHARAMI,空,在高低点,23726,0.71,-0.211,8115,0.62,-0.29
CDLHARAMICROSS,多,任意位置,31515,0.53,-0.389,11243,0.46,-0.468
CDLHARAMICROSS,多,在高低点,5717,0.66,-0.253,2604,0.55,-0.364
CDLHARAMICROSS,空,任意位置,31751,0.53,-0.388,10901,0.48,-0.444
CDLHARAMICROSS,空,在高低点,6683,0.65,-0.266,2644,0.53,-0.376
CDLHIGHWAVE,多,任意位置,204057,0.51,-0.415,67375,0.47,-0.457
CDLHIGHWAVE,多,在高低点,14144,0.65,-0.262,6553,0.6,-0.312
CDLHIGHWAVE,空,任意位置,157450,0.58,-0.333,38955,0.56,-0.356
CDLHIGHWAVE,空,在高低点,14434,0.71,-0.21,3978,0.66,-0.25
CDLHIKKAKE,多,任意位置,160416,0.53,-0.379,39178,0.51,-0.407
CDLHIKKAKE,多,在高低点,23503,0.55,-0.354,6422,0.51,-0.406
CDLHIKKAKE,空,任意位置,161518,0.56,-0.35,35688,0.57,-0.347
CDLHIKKAKE,空,在高低点,21555,0.56,-0.354,4983,0.52,-0.403
CDLHIKKAKEMOD,多,任意位置,1915,0.51,-0.403,440,0.52,-0.397
CDLHIKKAKEMOD,多,在高低点,195,0.51,-0.406,43,0.75,-0.18
CDLHIKKAKEMOD,空,任意位置,2121,0.57,-0.339,458,0.84,-0.108
CDLHIKKAKEMOD,空,在高低点,162,0.61,-0.301,43,0.94,-0.041
CDLHOMINGPIGEON,多,任意位置,457,0.44,-0.498,133,0.38,-0.577
CDLIDENTICAL3CROWS,空,任意位置,2732,0.81,-0.127,948,0.8,-0.133
CDLINVERTEDHAMMER,多,任意位置,1399,0.13,-1.104,582,0.08,-1.172
CDLLONGLEGGEDDOJI,多,任意位置,374703,0.47,-0.456,109561,0.44,-0.497
CDLLONGLEGGEDDOJI,多,在高低点,23038,0.64,-0.265,9407,0.57,-0.342
CDLLONGLINE,多,任意位置,283028,0.73,-0.188,79750,0.72,-0.196
CDLLONGLINE,多,在高低点,3158,0.99,-0.006,1577,0.71,-0.205
CDLLONGLINE,空,任意位置,250150,0.79,-0.14,79648,0.79,-0.145
CDLLONGLINE,空,在高低点,4877,0.76,-0.162,1959,0.7,-0.216
CDLMARUBOZU,多,任意位置,59282,0.74,-0.182,17898,0.71,-0.202
CDLMARUBOZU,多,在高低点,297,0.99,-0.003,333,0.35,-0.567
CDLMARUBOZU,空,任意位置,43627,0.82,-0.122,17991,0.78,-0.147
CDLMARUBOZU,空,在高低点,477,0.59,-0.309,318,0.48,-0.425
CDLMATCHINGLOW,多,任意位置,36289,0.49,-0.434,10305,0.44,-0.497
CDLMATCHINGLOW,多,在高低点,4200,0.63,-0.283,1647,0.56,-0.355
CDLMORNINGDOJISTAR,多,任意位置,2898,0.79,-0.145,847,0.68,-0.229
CDLMORNINGDOJISTAR,多,在高低点,144,1.17,0.093,71,0.79,-0.142
CDLMORNINGSTAR,多,任意位置,8490,0.77,-0.153,2327,0.73,-0.191
CDLMORNINGSTAR,多,在高低点,587,1.08,0.045,203,0.73,-0.182
CDLRICKSHAWMAN,多,任意位置,285862,0.46,-0.468,82582,0.44,-0.502
CDLRICKSHAWMAN,多,在高低点,12573,0.63,-0.287,5694,0.53,-0.38
CDLRISEFALL3METHODS,空,任意位置,529,0.77,-0.157,139,0.95,-0.033
CDLSEPARATINGLINES,多,任意位置,6869,0.72,-0.198,1711,0.75,-0.175
CDLSEPARATINGLINES,空,任意位置,10313,0.75,-0.172,3616,0.74,-0.181
CDLSHOOTINGSTAR,空,任意位置,15449,0.59,-0.327,3829,0.63,-0.281
CDLSHOOTINGSTAR,空,在高低点,3455,0.69,-0.224,1003,0.7,-0.223
CDLSHORTLINE,多,任意位置,257074,0.54,-0.376,64512,0.5,-0.415
CDLSHORTLINE,多,在高低点,2447,0.69,-0.228,1038,0.55,-0.364
CDLSHORTLINE,空,任意位置,231204,0.6,-0.314,63879,0.61,-0.307
CDLSHORTLINE,空,在高低点,3767,0.57,-0.34,1546,0.54,-0.374
CDLSPINNINGTOP,多,任意位置,332417,0.52,-0.395,102356,0.49,-0.43
CDLSPINNINGTOP,多,在高低点,21754,0.64,-0.266,9386,0.62,-0.291
CDLSPINNINGTOP,空,任意位置,287665,0.59,-0.323,74329,0.57,-0.344
CDLSPINNINGTOP,空,在高低点,24890,0.71,-0.208,7070,0.65,-0.264
CDLSTALLEDPATTERN,空,任意位置,4442,0.47,-0.462,1445,0.46,-0.476
CDLSTALLEDPATTERN,空,在高低点,2320,0.46,-0.47,783,0.48,-0.45
CDLSTICKSANDWICH,多,任意位置,228,0.44,-0.514,80,0.3,-0.723
CDLTAKURI,多,任意位置,51562,0.55,-0.363,13944,0.5,-0.416
CDLTAKURI,多,在高低点,3672,0.63,-0.273,1273,0.6,-0.308
CDLTASUKIGAP,多,任意位置,98,0.53,-0.389,19,0.4,-0.531
CDLTRISTAR,多,任意位置,206,0.46,-0.474,116,0.37,-0.581
CDLTRISTAR,空,任意位置,191,0.5,-0.425,116,0.26,-0.733
CDLXSIDEGAP3METHODS,多,任意位置,5014,0.4,-0.557,1014,0.39,-0.573
CDLXSIDEGAP3METHODS,多,在高低点,69,0.33,-0.599,15,0.42,-0.47
CDLXSIDEGAP3METHODS,空,任意位置,4713,0.42,-0.526,1093,0.43,-0.517
CDLXSIDEGAP3METHODS,空,在高低点,87,1.07,0.042,28,0.72,-0.198
CDL3OUTSIDE,多,在高低点,161,0.83,-0.107,33,0.46,-0.385
CDL3OUTSIDE,空,在高低点,179,0.78,-0.142,54,0.38,-0.481
CDLDARKCLOUDCOVER,空,在高低点,79,0.83,-0.112,53,1.05,0.033
CDLEVENINGDOJISTAR,空,在高低点,169,0.7,-0.205,71,0.8,-0.128
CDLGAPSIDESIDEWHITE,空,任意位置,224,0.41,-0.533,258,0.3,-0.679
CDLGRAVESTONEDOJI,多,在高低点,97,0.2,-0.922,154,0.08,-1.068
CDLHOMINGPIGEON,多,在高低点,98,0.51,-0.382,35,0.36,-0.587
CDLINNECK,空,任意位置,50,1.02,0.014,49,0.42,-0.522
CDLINVERTEDHAMMER,多,在高低点,57,0.1,-1.166,57,0.07,-1.118
CDLLADDERBOTTOM,多,任意位置,61,0.9,-0.065,17,0.59,-0.323
CDLONNECK,空,任意位置,68,0.93,-0.047,59,0.38,-0.577
CDLPIERCING,多,任意位置,173,0.72,-0.2,132,0.87,-0.081
CDLRISEFALL3METHODS,多,任意位置,519,0.7,-0.204,99,0.64,-0.256
CDLTASUKIGAP,空,任意位置,77,0.28,-0.726,27,0.2,-0.877
CDLTHRUSTING,空,任意位置,261,0.46,-0.475,180,0.44,-0.516
CDLUNIQUE3RIVER,多,任意位置,94,0.57,-0.338,25,0.26,-0.744
