数据,段,方式,笔数,胜率,每笔,合计U
币安独有,第一年,不限仓位(全部信号),66600,89%,-0.379%,-25255
币安独有,第一年,10仓·字母顺序,11406,95%,+0.405%,+4625
币安独有,第一年,10仓·随机顺序1,11251,95%,+0.361%,+4056
币安独有,第一年,10仓·随机顺序2,10343,95%,+0.394%,+4079
币安独有,第一年,10仓·随机顺序3,8808,96%,+0.473%,+4163
币安独有,第一年,10仓·随机顺序4,10209,96%,+0.455%,+4650
币安独有,第一年,10仓·随机顺序5,10318,95%,+0.426%,+4399
币安独有,第二年,不限仓位(全部信号),89626,89%,-0.328%,-29383
币安独有,第二年,10仓·字母顺序,9878,97%,+0.607%,+6000
币安独有,第二年,10仓·随机顺序1,10652,97%,+0.586%,+6247
币安独有,第二年,10仓·随机顺序2,13218,96%,+0.533%,+7045
币安独有,第二年,10仓·随机顺序3,10854,96%,+0.549%,+5956
币安独有,第二年,10仓·随机顺序4,13261,96%,+0.552%,+7316
币安独有,第二年,10仓·随机顺序5,11352,96%,+0.570%,+6467
更早年份,2022年,不限仓位(全部信号),51839,90%,-0.190%,-9844
更早年份,2022年,10仓·字母顺序,25952,97%,+0.713%,+18504
更早年份,2022年,10仓·随机顺序1,25965,97%,+0.701%,+18192
更早年份,2022年,10仓·随机顺序2,26397,97%,+0.695%,+18338
更早年份,2022年,10仓·随机顺序3,25983,97%,+0.712%,+18503
更早年份,2022年,10仓·随机顺序4,26695,97%,+0.703%,+18764
更早年份,2022年,10仓·随机顺序5,27049,98%,+0.705%,+19069
更早年份,2023年,不限仓位(全部信号),32062,86%,-0.248%,-7966
更早年份,2023年,10仓·字母顺序,10999,92%,+0.356%,+3920
更早年份,2023年,10仓·随机顺序1,10852,92%,+0.343%,+3720
更早年份,2023年,10仓·随机顺序2,11348,93%,+0.366%,+4150
更早年份,2023年,10仓·随机顺序3,10653,92%,+0.334%,+3557
更早年份,2023年,10仓·随机顺序4,11043,93%,+0.346%,+3818
更早年份,2023年,10仓·随机顺序5,11167,93%,+0.378%,+4220
更早年份,2024前三季,不限仓位(全部信号),26379,87%,-0.323%,-8514
更早年份,2024前三季,10仓·字母顺序,10414,95%,+0.455%,+4737
更早年份,2024前三季,10仓·随机顺序1,10100,95%,+0.458%,+4628
更早年份,2024前三季,10仓·随机顺序2,10605,95%,+0.462%,+4896
更早年份,2024前三季,10仓·随机顺序3,10013,95%,+0.477%,+4773
更早年份,2024前三季,10仓·随机顺序4,10581,95%,+0.451%,+4769
更早年份,2024前三季,10仓·随机顺序5,10413,95%,+0.451%,+4698
欧易新64,第一年,不限仓位(全部信号),11987,89%,-0.362%,-4342
欧易新64,第一年,10仓·字母顺序,8168,92%,+0.101%,+827
欧易新64,第一年,10仓·随机顺序1,8440,92%,+0.114%,+962
欧易新64,第一年,10仓·随机顺序2,8223,92%,+0.084%,+694
欧易新64,第一年,10仓·随机顺序3,8462,92%,+0.120%,+1018
欧易新64,第一年,10仓·随机顺序4,8294,92%,+0.098%,+810
欧易新64,第一年,10仓·随机顺序5,8382,92%,+0.096%,+802
欧易新64,第二年,不限仓位(全部信号),18529,88%,-0.199%,-3685
欧易新64,第二年,10仓·字母顺序,10599,93%,+0.274%,+2909
欧易新64,第二年,10仓·随机顺序1,10673,93%,+0.288%,+3073
欧易新64,第二年,10仓·随机顺序2,10401,92%,+0.252%,+2619
欧易新64,第二年,10仓·随机顺序3,10316,93%,+0.247%,+2552
欧易新64,第二年,10仓·随机顺序4,9962,92%,+0.276%,+2753
欧易新64,第二年,10仓·随机顺序5,10007,92%,+0.263%,+2628
