数据,段,止盈,笔数,胜率,平均赚,平均亏,每笔,收益,最大回撤,最差一天,平均持仓
币安独有币,第一年,1%,11406,95%,+1.00%,-11.92%,+0.405%,+467%,43%,-23%,13小时
币安独有币,第一年,2%,5935,90%,+2.00%,-12.12%,+0.651%,+390%,43%,-20%,27小时
币安独有币,第一年,3%,4108,86%,+3.00%,-11.91%,+0.969%,+402%,48%,-15%,39小时
币安独有币,第一年,4%,3084,83%,+4.00%,-12.39%,+1.174%,+366%,55%,-18%,52小时
币安独有币,第一年,5%,2416,77%,+4.99%,-11.82%,+1.167%,+285%,59%,-21%,66小时
币安独有币,第二年,1%,9878,97%,+1.00%,-12.24%,+0.607%,+606%,32%,-32%,8小时
币安独有币,第二年,2%,7580,90%,+2.00%,-10.48%,+0.800%,+612%,60%,-30%,11小时
币安独有币,第二年,3%,4621,85%,+3.00%,-10.16%,+1.083%,+505%,51%,-27%,17小时
币安独有币,第二年,4%,3659,78%,+3.99%,-9.52%,+0.969%,+358%,43%,-29%,22小时
币安独有币,第二年,5%,2850,73%,+4.99%,-9.83%,+0.930%,+268%,57%,-29%,28小时
更早年份,2022年,1%,25952,97%,+1.00%,-10.42%,+0.713%,+1869%,32%,-16%,8小时
更早年份,2022年,2%,12353,95%,+2.00%,-10.27%,+1.370%,+1710%,40%,-19%,17小时
更早年份,2022年,3%,6899,92%,+3.00%,-9.94%,+1.920%,+1338%,52%,-19%,28小时
更早年份,2022年,4%,4415,87%,+4.00%,-9.55%,+2.297%,+1024%,49%,-16%,39小时
更早年份,2022年,5%,2949,82%,+5.00%,-9.23%,+2.391%,+712%,54%,-14%,57小时
更早年份,2023年,1%,10999,92%,+1.00%,-7.55%,+0.356%,+396%,39%,-13%,13小时
更早年份,2023年,2%,5210,84%,+2.00%,-7.33%,+0.531%,+280%,40%,-11%,27小时
更早年份,2023年,3%,3397,76%,+3.00%,-7.04%,+0.573%,+197%,40%,-13%,42小时
更早年份,2023年,4%,2685,70%,+4.00%,-6.91%,+0.677%,+183%,39%,-12%,54小时
更早年份,2023年,5%,2231,64%,+4.97%,-6.71%,+0.821%,+185%,47%,-12%,65小时
更早年份,2024前三季,1%,10414,95%,+1.00%,-9.34%,+0.455%,+478%,56%,-23%,5小时
更早年份,2024前三季,2%,5198,90%,+2.00%,-9.08%,+0.889%,+467%,51%,-22%,11小时
更早年份,2024前三季,3%,3148,83%,+3.00%,-9.03%,+1.010%,+321%,58%,-29%,18小时
更早年份,2024前三季,4%,2005,76%,+3.99%,-8.96%,+0.921%,+187%,59%,-28%,25小时
更早年份,2024前三季,5%,1711,70%,+4.98%,-8.51%,+0.886%,+153%,64%,-22%,32小时
