数据,段,手续费,参数,笔数,胜率,每笔,收益,最大回撤,最大单亏,止损次数
币安独有币,第一年,0.001,原版,6068,94%,+0.207%,+126.7%,33.2%,-25.1%,34
币安独有币,第一年,0.0015,原版,6090,93%,+0.102%,+63.0%,44.2%,-25.2%,39
币安独有币,第一年,0.002,原版,3392,92%,-0.072%,-24.6%,70.1%,-25.3%,29
币安独有币,第一年,0.0015,止盈0.8%,7517,95%,+0.104%,+79.1%,40.7%,-25.2%,35
币安独有币,第一年,0.0015,止盈1.5%,3822,89%,+0.031%,+11.8%,49.3%,-25.2%,48
币安独有币,第一年,0.0015,止盈2%,3098,86%,-0.019%,-6.1%,50.5%,-25.2%,51
币安独有币,第一年,0.0015,ADX>20,7216,92%,+0.100%,+72.8%,41.1%,-25.2%,36
币安独有币,第一年,0.0015,ADX>30,5037,93%,+0.003%,+1.6%,73.7%,-25.2%,54
币安独有币,第二年,0.001,原版,2141,90%,-0.057%,-12.3%,55.1%,-25.1%,22
币安独有币,第二年,0.0015,原版,1874,90%,-0.169%,-32.0%,64.3%,-25.2%,21
币安独有币,第二年,0.002,原版,1688,89%,-0.227%,-38.6%,62.0%,-25.3%,20
币安独有币,第二年,0.0015,止盈0.8%,1933,91%,-0.175%,-34.1%,60.7%,-25.2%,18
币安独有币,第二年,0.0015,止盈1.5%,1212,85%,-0.359%,-43.9%,69.1%,-25.2%,23
币安独有币,第二年,0.0015,止盈2%,869,79%,-0.540%,-47.4%,63.1%,-25.2%,19
币安独有币,第二年,0.0015,ADX>20,1834,89%,-0.172%,-31.9%,57.0%,-25.2%,22
币安独有币,第二年,0.0015,ADX>30,1474,90%,-0.265%,-39.4%,69.4%,-25.2%,22
