策略,手续费,币,段,笔数,空单,胜率,每笔,收益,回撤
ADXMomentum_BTC,0.001,老40,第一年,3792,0,91%,+0.077%,+29.2%,34.1%
ADXMomentum_BTC,0.001,老40,第二年,2691,0,92%,+0.269%,+71.9%,17.5%
ADXMomentum_BTC,0.001,新178,第一年,6737,0,93%,+0.133%,+90.6%,53.7%
ADXMomentum_BTC,0.001,新178,第二年,3361,0,91%,+0.176%,+58.6%,13.2%
ADXMomentum_BTC,0.0015,老40,第一年,3401,0,90%,-0.023%,-6.7%,39.7%
ADXMomentum_BTC,0.0015,老40,第二年,2525,0,91%,+0.228%,+57.2%,19.1%
ADXMomentum_BTC,0.0015,新178,第一年,5982,0,92%,+0.052%,+32.2%,61.1%
ADXMomentum_BTC,0.0015,新178,第二年,2712,0,90%,+0.023%,+6.0%,29.0%
ADXMomentum_BTC,0.002,老40,第一年,3161,0,89%,-0.063%,-18.8%,40.4%
ADXMomentum_BTC,0.002,老40,第二年,2312,0,90%,+0.167%,+38.3%,23.6%
ADXMomentum_BTC,0.002,新178,第一年,5655,0,92%,-0.010%,-3.4%,62.1%
ADXMomentum_BTC,0.002,新178,第二年,2287,0,89%,-0.083%,-19.1%,36.9%
ADXMomentum_LS,0.001,老40,第一年,6301,2528,92%,+0.127%,+79.0%,42.1%
ADXMomentum_LS,0.001,老40,第二年,8251,5539,93%,+0.386%,+314.7%,16.1%
ADXMomentum_LS,0.001,新178,第一年,12663,5991,95%,+0.338%,+425.7%,46.8%
ADXMomentum_LS,0.001,新178,第二年,17879,14525,95%,+0.553%,+984.5%,11.8%
ADXMomentum_LS,0.0015,老40,第一年,5834,2347,91%,+0.060%,+34.5%,46.3%
ADXMomentum_LS,0.0015,老40,第二年,7714,5150,92%,+0.333%,+253.5%,19.1%
ADXMomentum_LS,0.0015,新178,第一年,11682,5511,94%,+0.297%,+345.5%,50.1%
ADXMomentum_LS,0.0015,新178,第二年,16021,13155,95%,+0.495%,+787.9%,9.7%
ADXMomentum_LS,0.002,老40,第一年,5420,2123,90%,-0.012%,-6.1%,45.7%
ADXMomentum_LS,0.002,老40,第二年,7158,4787,91%,+0.257%,+181.7%,24.4%
ADXMomentum_LS,0.002,新178,第一年,10624,5025,94%,+0.221%,+235.2%,57.2%
ADXMomentum_LS,0.002,新178,第二年,14904,12218,94%,+0.443%,+655.5%,12.9%
