策略,币,段,笔数,空单,胜率,收益,回撤,市场,备注
ADXMomentum_BTC,老40,第一年,3797.0,0.0,91%,+21.2%,39.5%,+50.9%,
ADXMomentum_BTC,老40,第二年,2803.0,0.0,91%,+103.6%,14.9%,-18.0%,
ADXMomentum_BTC,新178,第一年,6876.0,0.0,93%,+120.8%,31.3%,-42.0%,
ADXMomentum_BTC,新178,第二年,3516.0,0.0,91%,+93.8%,20.2%,-58.8%,
ADXMomentum_LS,老40,第一年,6338.0,2561.0,92%,+70.9%,48.5%,+50.9%,
ADXMomentum_LS,老40,第二年,8251.0,5539.0,93%,+1975.4%,26.4%,-18.0%,
ADXMomentum_LS,新178,第一年,12745.0,6017.0,95%,+5675.2%,24.9%,-42.0%,
ADXMomentum_LS,新178,第二年,,,,,,,失败
AverageStrategy_BTC,老40,第一年,434.0,0.0,27%,-0.8%,37.3%,+45.5%,
AverageStrategy_BTC,老40,第二年,284.0,0.0,30%,+95.4%,20.7%,-18.1%,
AverageStrategy_BTC,新178,第一年,580.0,0.0,22%,-4.4%,43.7%,-41.7%,
AverageStrategy_BTC,新178,第二年,415.0,0.0,21%,-10.8%,29.4%,-59.0%,
AverageStrategy_LS,老40,第一年,650.0,217.0,27%,-24.7%,47.6%,+45.5%,
AverageStrategy_LS,老40,第二年,716.0,444.0,30%,+85.7%,24.9%,-18.1%,
AverageStrategy_LS,新178,第一年,879.0,301.0,22%,-42.6%,64.2%,-41.7%,
AverageStrategy_LS,新178,第二年,937.0,578.0,26%,-15.6%,34.8%,-59.0%,
MultiMa_BTC,老40,第一年,325.0,0.0,65%,+26.4%,25.0%,+45.5%,
MultiMa_BTC,老40,第二年,239.0,0.0,51%,+26.4%,18.1%,-18.1%,
MultiMa_BTC,新178,第一年,529.0,0.0,57%,-46.6%,65.7%,-41.7%,
MultiMa_BTC,新178,第二年,426.0,0.0,52%,-38.3%,43.2%,-59.0%,
MultiMa_LS,老40,第一年,459.0,143.0,59%,-27.7%,50.6%,+45.5%,
MultiMa_LS,老40,第二年,522.0,285.0,55%,+50.9%,23.4%,-18.1%,
MultiMa_LS,新178,第一年,785.0,274.0,57%,-49.2%,67.4%,-41.7%,
MultiMa_LS,新178,第二年,1122.0,721.0,62%,+98.2%,22.4%,-59.0%,
FSupertrendStrategy_BTC,老40,第一年,2174.0,0.0,67%,+62.4%,23.9%,+48.5%,
FSupertrendStrategy_BTC,老40,第二年,1529.0,0.0,66%,+71.5%,19.9%,-18.0%,
FSupertrendStrategy_BTC,新178,第一年,3341.0,0.0,67%,-25.0%,47.1%,-42.3%,
FSupertrendStrategy_BTC,新178,第二年,2196.0,0.0,64%,-19.7%,24.7%,-58.8%,
FSupertrendStrategy_LS,老40,第一年,3535.0,1368.0,66%,+145.8%,25.5%,+48.5%,
FSupertrendStrategy_LS,老40,第二年,4123.0,2617.0,65%,+362.3%,34.6%,-18.0%,
FSupertrendStrategy_LS,新178,第一年,5364.0,2054.0,68%,+394.3%,55.5%,-42.3%,
FSupertrendStrategy_LS,新178,第二年,6360.0,4235.0,66%,+325.4%,32.6%,-58.8%,
