策略,段,笔数,胜率,总收益,最大回撤,每笔平均,去掉最好5笔每笔,周期,做空,备注
ADXMomentum,第一年,6065,91%,+120.2%,53.8%,+0.15%,+0.15%,1h,0.0,
ADXMomentum,第二年,6120,90%,+73.8%,47.2%,+0.11%,+0.11%,1h,0.0,
ASDTSRockwellTrading,第一年,31207,26%,-99.6%,99.6%,-0.18%,-0.18%,5m,0.0,
ASDTSRockwellTrading,第二年,31924,22%,-99.9%,99.9%,-0.20%,-0.20%,5m,0.0,
AdxSmas,第一年,2234,47%,+3.8%,55.0%,+0.11%,+0.09%,1h,0.0,
AdxSmas,第二年,2496,42%,-30.8%,64.3%,-0.07%,-0.09%,1h,0.0,
AverageStrategy,第一年,701,29%,+44.4%,42.5%,+0.82%,+0.47%,4h,0.0,
AverageStrategy,第二年,839,25%,+37.0%,47.9%,+0.66%,+0.37%,4h,0.0,
AwesomeMacd,第一年,1295,34%,-16.0%,60.6%,-0.02%,-0.06%,1h,0.0,
AwesomeMacd,第二年,0,,,,,,,,运行失败
Bandtastic,第一年,7857,62%,-52.8%,70.1%,-0.07%,-0.07%,15m,0.0,
Bandtastic,第二年,8456,60%,-92.5%,94.4%,-0.28%,-0.29%,15m,0.0,
BbandRsi,第一年,486,62%,-7.8%,47.9%,+0.19%,+0.08%,1h,0.0,
BbandRsi,第二年,548,58%,-69.4%,79.0%,-1.85%,-1.96%,1h,0.0,
BinHV27,第一年,4304,56%,-49.2%,62.3%,-0.14%,-0.16%,5m,0.0,
BinHV27,第二年,5224,55%,-58.3%,67.7%,-0.13%,-0.20%,5m,0.0,
BinHV45,第一年,46,85%,+1.2%,2.0%,+0.27%,+0.15%,1m,0.0,
BinHV45,第二年,45,44%,-9.9%,10.5%,-2.32%,-2.77%,1m,0.0,
BreakEven,第一年,0,,,,,,,,没有交易
BreakEven,第二年,0,,,,,,,,没有交易
CCIStrategy,第一年,2374,49%,-38.4%,43.5%,-0.20%,-0.22%,1m,0.0,
CCIStrategy,第二年,2104,50%,-45.8%,48.3%,-0.29%,-0.31%,1m,0.0,
CMCWinner,第一年,2646,60%,-58.1%,58.2%,-0.32%,-0.33%,15m,0.0,
CMCWinner,第二年,3270,59%,-49.7%,51.5%,-0.21%,-0.21%,15m,0.0,
ClucMay72018,第一年,845,78%,-10.0%,28.2%,-0.12%,-0.13%,5m,0.0,
ClucMay72018,第二年,835,73%,-19.9%,28.2%,-0.26%,-0.27%,5m,0.0,
CofiBitStrategy,第一年,21320,47%,-96.8%,96.8%,-0.16%,-0.16%,5m,0.0,
CofiBitStrategy,第二年,23962,41%,-98.8%,98.8%,-0.18%,-0.19%,5m,0.0,
CombinedBinHAndCluc,第一年,1303,73%,+3.8%,36.2%,+0.05%,+0.03%,5m,0.0,
CombinedBinHAndCluc,第二年,1260,75%,-3.5%,26.3%,-0.02%,-0.04%,5m,0.0,
CustomStoplossWithPSAR,第一年,26,35%,+99.4%,24.0%,+47.02%,-1.41%,1h,0.0,
CustomStoplossWithPSAR,第二年,86,12%,-50.1%,79.1%,-0.18%,-15.93%,1h,0.0,
Diamond,第一年,599,65%,+1.9%,9.3%,+0.04%,+0.02%,5m,0.0,
Diamond,第二年,811,67%,-18.6%,23.4%,-0.23%,-0.25%,5m,0.0,
EMASkipPump,第一年,19242,57%,-98.3%,98.3%,-0.20%,-0.20%,5m,0.0,
EMASkipPump,第二年,20749,56%,-99.0%,99.0%,-0.22%,-0.22%,5m,0.0,
FAdxSmaStrategy,第一年,346,32%,-10.7%,14.1%,-0.33%,-0.44%,1h,163.0,
FAdxSmaStrategy,第二年,524,30%,-14.9%,18.6%,-0.30%,-0.37%,1h,204.0,
FOttStrategy,第一年,0,,,,,,,,没有交易
FOttStrategy,第二年,0,,,,,,,,没有交易
FReinforcedStrategy,第一年,0,,,,,,,,运行失败
FReinforcedStrategy,第二年,0,,,,,,,,运行失败
FSampleStrategy,第一年,342,13%,+3.3%,54.2%,+0.92%,-0.55%,1h,21.0,
FSampleStrategy,第二年,362,11%,-43.4%,69.2%,-1.03%,-2.44%,1h,22.0,
FSupertrendStrategy,第一年,3491,67%,+144.6%,33.2%,+0.30%,+0.28%,1h,0.0,
FSupertrendStrategy,第二年,3928,62%,+13.2%,50.7%,+0.06%,+0.05%,1h,0.0,
FixedRiskRewardLoss,第一年,0,,,,,,,,运行失败
FixedRiskRewardLoss,第二年,0,,,,,,,,运行失败
HourBasedStrategy,第一年,2342,59%,-61.6%,82.6%,-0.29%,-0.32%,1h,0.0,
HourBasedStrategy,第二年,1994,57%,-84.7%,88.3%,-0.83%,-0.86%,1h,0.0,
InformativeSample,第一年,6025,89%,-10.4%,61.4%,+0.02%,+0.02%,5m,0.0,
InformativeSample,第二年,4433,88%,-54.0%,69.6%,-0.13%,-0.14%,5m,0.0,
Low_BB,第一年,55,35%,+3.6%,2.3%,+0.68%,+0.15%,1m,0.0,
Low_BB,第二年,107,24%,+10.0%,7.9%,+0.95%,-0.28%,1m,0.0,
MACDStrategy,第一年,1832,96%,-28.4%,65.3%,-0.06%,-0.07%,5m,0.0,
MACDStrategy,第二年,1264,94%,-61.9%,71.3%,-0.58%,-0.60%,5m,0.0,
MACDStrategy_crossed,第一年,1878,91%,-39.4%,54.8%,-0.16%,-0.18%,5m,0.0,
MACDStrategy_crossed,第二年,1812,89%,-56.3%,70.4%,-0.34%,-0.35%,5m,0.0,
MultiMa,第一年,483,63%,+58.8%,48.4%,+1.22%,+0.78%,4h,0.0,
MultiMa,第二年,498,55%,+12.0%,36.6%,+0.40%,-0.09%,4h,0.0,
MultiRSI,第一年,12700,58%,-89.0%,89.2%,-0.17%,-0.17%,5m,0.0,
MultiRSI,第二年,14171,58%,-89.5%,90.5%,-0.16%,-0.16%,5m,0.0,
PatternRecognition,第一年,305,79%,+30.3%,42.6%,+1.38%,+0.70%,1d,0.0,
PatternRecognition,第二年,208,70%,-37.5%,58.8%,-1.49%,-2.03%,1d,0.0,
PowerTower,第一年,3485,69%,+4.9%,61.5%,+0.11%,+0.08%,5m,0.0,
PowerTower,第二年,2651,68%,-40.1%,66.4%,-0.03%,-0.07%,5m,0.0,
Quickie,第一年,1966,95%,-24.8%,59.8%,-0.04%,-0.06%,5m,0.0,
Quickie,第二年,1502,93%,-51.2%,64.7%,-0.33%,-0.37%,5m,0.0,
ReinforcedAverageStrategy,第一年,343,27%,-24.4%,34.8%,-0.71%,-1.33%,4h,0.0,
ReinforcedAverageStrategy,第二年,0,,,,,,,,运行失败
ReinforcedQuickie,第一年,8143,71%,-75.1%,76.3%,-0.16%,-0.16%,5m,0.0,
ReinforcedQuickie,第二年,8340,69%,-78.4%,81.8%,-0.18%,-0.18%,5m,0.0,
ReinforcedSmoothScalp,第一年,2418,44%,-33.6%,33.6%,-0.17%,-0.17%,1m,0.0,
ReinforcedSmoothScalp,第二年,3087,40%,-40.3%,40.6%,-0.17%,-0.17%,1m,0.0,
SampleStrategy,第一年,3876,88%,-53.8%,68.9%,-0.16%,-0.17%,5m,0.0,
SampleStrategy,第二年,3269,87%,-65.0%,73.0%,-0.28%,-0.29%,5m,0.0,
Scalp,第一年,27229,18%,-99.4%,99.4%,-0.18%,-0.18%,1m,0.0,
Scalp,第二年,28669,10%,-99.7%,99.7%,-0.20%,-0.20%,1m,0.0,
Simple,第一年,5515,90%,-16.6%,65.8%,+0.02%,+0.02%,5m,0.0,
Simple,第二年,4955,85%,-44.8%,68.0%,-0.07%,-0.08%,5m,0.0,
SmoothOperator,第一年,5287,58%,-66.5%,72.6%,-0.18%,-0.18%,5m,0.0,
SmoothOperator,第二年,5637,57%,-78.7%,83.8%,-0.25%,-0.26%,5m,0.0,
SmoothScalp,第一年,8377,43%,-73.4%,73.4%,-0.16%,-0.16%,1m,0.0,
SmoothScalp,第二年,8743,37%,-83.9%,83.9%,-0.21%,-0.21%,1m,0.0,
Strategy001,第一年,4587,88%,-57.6%,70.2%,-0.15%,-0.15%,5m,0.0,
Strategy001,第二年,3525,87%,-69.4%,77.1%,-0.29%,-0.30%,5m,0.0,
Strategy001_custom_exit,第一年,6576,92%,-70.9%,77.2%,-0.16%,-0.17%,5m,0.0,
Strategy001_custom_exit,第二年,5356,91%,-78.1%,82.4%,-0.26%,-0.26%,5m,0.0,
Strategy002,第一年,931,89%,-28.3%,29.9%,-0.34%,-0.36%,5m,0.0,
Strategy002,第二年,948,89%,-30.2%,37.7%,-0.36%,-0.39%,5m,0.0,
Strategy003,第一年,1823,89%,-45.7%,53.6%,-0.30%,-0.32%,5m,0.0,
Strategy003,第二年,1995,90%,-44.5%,50.8%,-0.27%,-0.28%,5m,0.0,
Strategy004,第一年,2265,89%,-57.1%,62.3%,-0.34%,-0.35%,5m,0.0,
Strategy004,第二年,2363,92%,-23.3%,38.3%,-0.10%,-0.11%,5m,0.0,
Strategy005,第一年,2219,82%,-58.4%,71.4%,-0.33%,-0.34%,5m,0.0,
Strategy005,第二年,1990,81%,-63.1%,70.4%,-0.43%,-0.45%,5m,0.0,
Supertrend,第一年,2030,66%,+97.6%,49.8%,+0.42%,+0.40%,1h,0.0,
Supertrend,第二年,2241,61%,-7.5%,56.6%,+0.05%,+0.03%,1h,0.0,
SwingHighToSky,第一年,1819,72%,-5.8%,45.1%,+0.05%,+0.02%,15m,0.0,
SwingHighToSky,第二年,1432,66%,-75.8%,80.7%,-0.88%,-0.92%,15m,0.0,
TDSequentialStrategy,第一年,1821,45%,-59.0%,70.9%,-0.40%,-0.51%,1h,0.0,
TDSequentialStrategy,第二年,1825,42%,-80.9%,85.9%,-0.85%,-0.93%,1h,0.0,
TechnicalExampleStrategy,第一年,30337,41%,-99.7%,99.7%,-0.19%,-0.19%,5m,0.0,
TechnicalExampleStrategy,第二年,32618,39%,-99.9%,99.9%,-0.20%,-0.20%,5m,0.0,
TrendFollowingStrategy,第一年,689,84%,+3.2%,62.5%,+0.41%,+0.35%,5m,0.0,
TrendFollowingStrategy,第二年,493,79%,-40.2%,64.5%,-0.66%,-0.76%,5m,0.0,
TrendRiderStrategy,第一年,4376,25%,-80.0%,80.2%,-0.36%,-0.38%,1h,0.0,
TrendRiderStrategy,第二年,4817,25%,-79.4%,80.2%,-0.32%,-0.34%,1h,0.0,
UniversalMACD,第一年,952,75%,+81.7%,25.7%,+0.67%,+0.62%,5m,0.0,
UniversalMACD,第二年,848,69%,-33.2%,45.8%,-0.33%,-0.38%,5m,0.0,
VolatilitySystem,第一年,205,41%,+124.0%,46.7%,+3.43%,-2.80%,1h,107.0,
VolatilitySystem,第二年,267,32%,-49.6%,65.2%,-4.50%,-6.35%,1h,129.0,
hlhb,第一年,387,79%,+3.1%,10.6%,+0.10%,-0.04%,4h,0.0,
hlhb,第二年,471,75%,-46.4%,51.2%,-1.20%,-1.28%,4h,0.0,
mabStra,第一年,954,53%,-44.1%,85.8%,-0.28%,-0.40%,4h,0.0,
mabStra,第二年,759,52%,-63.6%,81.3%,-1.07%,-1.20%,4h,0.0,
multi_tf,第一年,0,,,,,,,,运行失败
multi_tf,第二年,0,,,,,,,,运行失败
