pair,笔数,胜率,合计,最大单亏
ORDI-USDT-SWAP,736,0.8804347826086957,-3.9234553766338593,-0.2537556334501754
ONE-USDT-SWAP,785,0.8764331210191083,-3.524399914507043,-0.2537556334501754
PEOPLE-USDT-SWAP,725,0.886896551724138,-3.0349603243341474,-0.2537556334501754
SHIB-USDT-SWAP,501,0.8203592814371258,-2.8574079957312724,-0.2537556334501756
APR-USDT-SWAP,334,0.8862275449101796,-2.823832494092306,-0.2537556334501756
ZRO-USDT-SWAP,601,0.870216306156406,-2.7429163354295585,-0.2537556334501754
VIRTUAL-USDT-SWAP,790,0.9025316455696203,-2.7138181378334965,-0.2537556334501754
TRB-USDT-SWAP,572,0.8513986013986014,-2.7060681633312527,-0.2537556334501754
W-USDT-SWAP,654,0.8776758409785933,-2.535148214978035,-0.2537556334501754
MEW-USDT-SWAP,704,0.8821022727272727,-2.5133695190267002,-0.25375563345017516
WIF-USDT-SWAP,788,0.9060913705583756,-2.4151658566918224,-0.2537556334501754
INIT-USDT-SWAP,535,0.8841121495327103,-2.246399299863845,-0.2522466300549177
ETHFI-USDT-SWAP,647,0.8902627511591963,-2.2196466560485564,-0.25375563345017493
STRK-USDT-SWAP,711,0.8860759493670886,-2.2091711788347497,-0.2537556334501754
DOT-USDT-SWAP,574,0.8484320557491289,-2.1272765351829146,-0.2537556334501754
TIA-USDT-SWAP,703,0.8904694167852063,-2.106620920613817,-0.25375563345017516
PENGU-USDT-SWAP,823,0.9027946537059538,-2.1033740462314037,-0.2537556334501754
CRO-USDT-SWAP,554,0.8393501805054152,-2.0907543409974054,-0.2537556334501754
ETC-USDT-SWAP,561,0.8413547237076648,-1.939185681955781,-0.2537556334501754
JTO-USDT-SWAP,729,0.8984910836762688,-1.8654147374905485,-0.2537556334501754
AR-USDT-SWAP,719,0.8929068150208623,-1.748841509455373,-0.2537556334501754
OP-USDT-SWAP,704,0.8920454545454546,-1.7417465594493668,-0.25375563345017516
RAY-USDT-SWAP,878,0.8963553530751709,-1.7128614400107827,-0.2537556334501754
IOTA-USDT-SWAP,677,0.8774002954209749,-1.6910786022869035,-0.2537556334501754
CELO-USDT-SWAP,615,0.8682926829268293,-1.6727713551415704,-0.25375563345017516
LAB-USDT-SWAP,656,0.9375,-1.6721932970708266,-0.2537556334501754
BONK-USDT-SWAP,798,0.9010025062656641,-1.6200307077234393,-0.2537556334501754
JUP-USDT-SWAP,731,0.8891928864569083,-1.6185762017194403,-0.25375563345017516
FARTCOIN-USDT-SWAP,885,0.9310734463276836,-1.545038535782358,-0.2537556334501754
INJ-USDT-SWAP,680,0.8926470588235295,-1.5398582627265907,-0.25375563345017516
ICP-USDT-SWAP,589,0.8726655348047538,-1.485685769848078,-0.25375563345017516
BERA-USDT-SWAP,672,0.9002976190476191,-1.4334346482952893,-0.25375563345017516
WLFI-USDT-SWAP,272,0.875,-1.386312470661219,-0.2537556334501754
ASTER-USDT-SWAP,269,0.8661710037174721,-1.1966089160683355,-0.2537556334501754
ATOM-USDT-SWAP,528,0.8579545454545454,-1.0437951478185958,-0.2537556334501754
APT-USDT-SWAP,620,0.8806451612903226,-1.037847898230533,-0.25375563345017516
TRX-USDT-SWAP,334,0.6646706586826348,-1.02832763016993,-0.2522466300549175
MON-USDT-SWAP,318,0.8930817610062893,-0.9438053234448937,-0.2537556334501754
POL-USDT-SWAP,501,0.8662674650698603,-0.9427498476787366,-0.2537556334501754
AERO-USDT-SWAP,522,0.8888888888888888,-0.7676881231206573,-0.2537556334501754
AZTEC-USDT-SWAP,270,0.8703703703703703,-0.7182596269351715,-0.2063575546246199
ZAMA-USDT-SWAP,308,0.9123376623376623,-0.55067816190657,-0.2537556334501754
LDO-USDT-SWAP,758,0.9050131926121372,-0.5179915331453876,-0.25375563345017516
KAITO-USDT-SWAP,576,0.9079861111111112,-0.4949817797290174,-0.2537556334501754
GRAM-USDT-SWAP,73,0.7808219178082192,-0.47561097777224864,-0.12479879703686421
VVV-USDT-SWAP,93,0.8924731182795699,-0.39012312085195733,-0.23006244514293278
PENDLE-USDT-SWAP,434,0.8870967741935484,-0.36508168641660776,-0.16004056589935423
OKB-USDT-SWAP,242,0.8388429752066116,-0.31812907751010555,-0.17988082893762347
PONS-USDT-SWAP,10,0.8,-0.3160308992381792,-0.23917582867650755
CAP-USDT-SWAP,132,0.9393939393939394,-0.2902103346409707,-0.25375563345017516
FLOCK-USDT-SWAP,31,0.8709677419354839,-0.28566734122635584,-0.23016954519075858
UP-USDT-SWAP,189,0.91005291005291,-0.2640354124885937,-0.2522466300549176
MET-USDT-SWAP,408,0.9019607843137255,-0.2524925820727116,-0.2537556334501754
0G-USDT-SWAP,414,0.8985507246376812,-0.22470073321885325,-0.2537556334501754
CP-USDT-SWAP,17,0.8823529411764706,-0.11643430558099427,-0.16507330972453232
CASHCAT-USDT-SWAP,33,0.9090909090909091,-0.11459058712147775,-0.2522466300549177
DGAI-USDT-SWAP,19,0.8421052631578947,0.03126885915411632,-0.0552186618872289
BEAT-USDT-SWAP,602,0.9568106312292359,0.06711821967302559,-0.2537556334501754
CNPY-USDT-SWAP,52,0.9615384615384616,0.14596824019066298,-0.25224663005491765
ZEN-USDT-SWAP,346,0.9104046242774566,0.28928973749896053,-0.15685578053546584
DATA-USDT-SWAP,66,0.9242424242424242,0.29546291109433565,-0.11028593388113318
ARX-USDT-SWAP,150,0.9466666666666667,0.4535517542077897,-0.2537556334501754
SEI-USDT-SWAP,295,0.911864406779661,1.1302834132459745,-0.17017192455349717
