止损,最长持仓,止盈,段,笔数,胜率,PF,合计U
0.25,不限,0.01,选:更早1372022年,3662,90.7,0.83,-693
0.25,不限,0.01,选:更早1372023年,3375,86.0,0.78,-839
0.25,不限,0.01,验:更早1372024前三季,2431,88.0,0.73,-810
0.25,不限,0.01,验:币安独有416两年,1916,90.2,0.7,-753
0.25,不限,0.01,验:币安前1002.33年,4218,86.7,0.86,-700
0.25,不限,0.01,验:欧易新64两年,2797,89.7,0.74,-898
0.25,不限,0.02,选:更早1372022年,2944,82.9,0.91,-492
0.25,不限,0.02,选:更早1372023年,2667,77.9,0.91,-436
0.25,不限,0.02,验:更早1372024前三季,2046,80.7,0.85,-587
0.25,不限,0.02,验:币安独有416两年,986,83.2,0.72,-635
0.25,不限,0.02,验:币安前1002.33年,3947,79.9,0.93,-535
0.25,不限,0.02,验:欧易新64两年,2368,81.6,0.81,-908
0.25,24,0.01,选:更早1372022年,3589,84.0,0.79,-799
0.25,24,0.01,选:更早1372023年,3499,78.3,0.75,-892
0.25,24,0.01,验:更早1372024前三季,2974,80.2,0.73,-896
0.25,24,0.01,验:币安独有416两年,2404,83.6,0.69,-914
0.25,24,0.01,验:币安前1002.33年,3373,79.7,0.75,-907
0.25,24,0.01,验:欧易新64两年,2410,82.1,0.68,-910
0.25,24,0.02,选:更早1372022年,4184,71.2,0.88,-794
0.25,24,0.02,选:更早1372023年,3164,65.5,0.82,-895
0.25,24,0.02,验:更早1372024前三季,3357,68.3,0.84,-882
0.25,24,0.02,验:币安独有416两年,1603,72.0,0.72,-897
0.25,24,0.02,验:币安前1002.33年,2648,68.7,0.79,-920
0.25,24,0.02,验:欧易新64两年,2156,72.0,0.76,-973
0.25,12,0.01,选:更早1372022年,3705,77.1,0.78,-794
0.25,12,0.01,选:更早1372023年,2913,72.7,0.7,-892
0.25,12,0.01,验:更早1372024前三季,3085,75.3,0.72,-891
0.25,12,0.01,验:币安独有416两年,2215,78.4,0.66,-891
0.25,12,0.01,验:币安前1002.33年,4221,73.6,0.77,-914
0.25,12,0.01,验:欧易新64两年,2818,76.9,0.71,-893
0.25,12,0.02,选:更早1372022年,3585,64.7,0.87,-699
0.25,12,0.02,选:更早1372023年,2823,58.4,0.77,-891
0.25,12,0.02,验:更早1372024前三季,3304,61.6,0.81,-898
0.25,12,0.02,验:币安独有416两年,1942,66.2,0.73,-905
0.25,12,0.02,验:币安前1002.33年,4212,62.6,0.85,-904
0.25,12,0.02,验:欧易新64两年,2219,63.8,0.75,-897
0.1,不限,0.02,选:更早1372022年,3308,79.8,0.87,-791
0.1,不限,0.02,选:更早1372023年,2668,75.4,0.83,-798
0.1,不限,0.02,验:更早1372024前三季,2019,76.8,0.81,-704
0.1,不限,0.02,验:币安独有416两年,1173,77.4,0.72,-694
0.1,不限,0.02,验:币安前1002.33年,2491,77.0,0.81,-910
0.1,不限,0.02,验:欧易新64两年,2173,78.2,0.79,-893
0.1,不限,0.01,选:更早1372022年,3358,88.0,0.77,-868
0.1,不限,0.01,选:更早1372023年,3061,85.0,0.74,-897
0.1,不限,0.01,验:更早1372024前三季,2889,86.1,0.75,-809
0.1,不限,0.01,验:币安独有416两年,2042,86.7,0.69,-809
0.1,不限,0.01,验:币安前1002.33年,2705,85.4,0.72,-895
0.1,不限,0.01,验:欧易新64两年,2360,86.6,0.69,-902
0.1,24,0.01,选:更早1372022年,3432,83.7,0.78,-812
0.1,24,0.01,选:更早1372023年,3500,78.6,0.75,-903
0.1,24,0.01,验:更早1372024前三季,2791,79.3,0.71,-898
0.1,24,0.01,验:币安独有416两年,2033,82.2,0.65,-896
0.1,24,0.01,验:币安前1002.33年,3149,79.1,0.74,-890
0.1,24,0.01,验:欧易新64两年,2671,82.4,0.71,-891
0.1,24,0.02,选:更早1372022年,3413,72.4,0.86,-799
0.1,24,0.02,选:更早1372023年,3147,65.6,0.82,-908
0.1,24,0.02,验:更早1372024前三季,1848,66.5,0.73,-905
0.1,24,0.02,验:币安独有416两年,1863,71.7,0.74,-931
0.1,24,0.02,验:币安前1002.33年,2781,68.5,0.8,-911
0.1,24,0.02,验:欧易新64两年,2611,71.5,0.8,-915
0.1,12,0.01,选:更早1372022年,3256,75.6,0.73,-893
0.1,12,0.01,选:更早1372023年,2872,72.5,0.7,-896
0.1,12,0.01,验:更早1372024前三季,2784,74.5,0.69,-911
0.1,12,0.01,验:币安独有416两年,1756,76.8,0.6,-892
0.1,12,0.01,验:币安前1002.33年,4032,73.5,0.77,-892
0.1,12,0.01,验:欧易新64两年,2677,77.1,0.7,-890
0.1,12,0.02,选:更早1372022年,3281,63.9,0.85,-702
0.1,12,0.02,选:更早1372023年,2838,58.7,0.78,-892
0.1,12,0.02,验:更早1372024前三季,2176,61.8,0.73,-909
0.1,12,0.02,验:币安独有416两年,1690,65.4,0.71,-892
0.1,12,0.02,验:币安前1002.33年,4067,62.3,0.84,-891
0.1,12,0.02,验:欧易新64两年,2118,63.7,0.74,-910
0.05,不限,0.01,选:更早1372022年,2697,78.7,0.7,-913
0.05,不限,0.01,选:更早1372023年,2885,78.6,0.72,-899
0.05,不限,0.01,验:更早1372024前三季,1951,76.9,0.64,-831
0.05,不限,0.01,验:币安独有416两年,1618,76.0,0.6,-815
0.05,不限,0.01,验:币安前1002.33年,2460,77.5,0.68,-900
0.05,不限,0.01,验:欧易新64两年,2271,77.5,0.66,-899
0.05,不限,0.02,选:更早1372022年,3115,69.1,0.84,-798
0.05,不限,0.02,选:更早1372023年,2559,67.0,0.79,-896
0.05,不限,0.02,验:更早1372024前三季,1778,65.9,0.75,-793
0.05,不限,0.02,验:币安独有416两年,1358,64.3,0.68,-806
0.05,不限,0.02,验:币安前1002.33年,2950,67.6,0.82,-890
0.05,不限,0.02,验:欧易新64两年,2013,66.0,0.74,-916
0.05,24,0.01,选:更早1372022年,2650,77.3,0.69,-903
0.05,24,0.01,选:更早1372023年,2557,75.6,0.68,-890
0.05,24,0.01,验:更早1372024前三季,2523,75.6,0.68,-895
0.05,24,0.01,验:币安独有416两年,1969,76.0,0.63,-895
0.05,24,0.01,验:币安前1002.33年,2928,75.4,0.71,-899
0.05,24,0.01,验:欧易新64两年,2290,76.6,0.66,-891
0.05,24,0.02,选:更早1372022年,3217,67.0,0.84,-797
0.05,24,0.02,选:更早1372023年,3161,62.9,0.81,-901
0.05,24,0.02,验:更早1372024前三季,1758,61.5,0.7,-892
0.05,24,0.02,验:币安独有416两年,1578,63.4,0.69,-901
0.05,24,0.02,验:币安前1002.33年,3417,64.8,0.83,-911
0.05,24,0.02,验:欧易新64两年,2102,63.9,0.74,-927
0.05,12,0.01,选:更早1372022年,2955,74.2,0.71,-894
0.05,12,0.01,选:更早1372023年,3102,71.8,0.71,-898
0.05,12,0.01,验:更早1372024前三季,2286,70.4,0.64,-894
0.05,12,0.01,验:币安独有416两年,1938,74.1,0.62,-894
0.05,12,0.01,验:币安前1002.33年,3832,72.0,0.75,-896
0.05,12,0.01,验:欧易新64两年,2331,73.3,0.66,-892
0.05,12,0.02,选:更早1372022年,3369,62.1,0.84,-800
0.05,12,0.02,选:更早1372023年,3053,58.3,0.79,-890
0.05,12,0.02,验:更早1372024前三季,1955,56.6,0.7,-902
0.05,12,0.02,验:币安独有416两年,1851,62.5,0.71,-910
0.05,12,0.02,验:币安前1002.33年,4288,60.4,0.84,-914
0.05,12,0.02,验:欧易新64两年,2351,61.3,0.76,-897
0.03,不限,0.01,选:更早1372022年,2701,69.0,0.67,-907
0.03,不限,0.01,选:更早1372023年,2049,66.4,0.6,-903
0.03,不限,0.01,验:更早1372024前三季,2008,66.2,0.6,-896
0.03,不限,0.01,验:币安独有416两年,1402,61.8,0.49,-890
0.03,不限,0.01,验:币安前1002.33年,2980,69.5,0.7,-894
0.03,不限,0.01,验:欧易新64两年,2108,66.7,0.61,-900
0.03,不限,0.02,选:更早1372022年,2378,55.1,0.74,-906
0.03,不限,0.02,选:更早1372023年,2471,55.3,0.75,-900
0.03,不限,0.02,验:更早1372024前三季,2292,55.4,0.76,-813
0.03,不限,0.02,验:币安独有416两年,1579,51.4,0.64,-897
0.03,不限,0.02,验:币安前1002.33年,3406,57.0,0.81,-890
0.03,不限,0.02,验:欧易新64两年,2301,54.8,0.74,-890
0.03,24,0.01,选:更早1372022年,2726,68.9,0.67,-908
0.03,24,0.01,选:更早1372023年,2283,67.0,0.63,-905
0.03,24,0.01,验:更早1372024前三季,2095,65.7,0.6,-898
0.03,24,0.01,验:币安独有416两年,1401,61.8,0.49,-891
0.03,24,0.01,验:币安前1002.33年,2786,67.6,0.68,-901
0.03,24,0.01,验:欧易新64两年,2125,66.4,0.61,-903
0.03,24,0.02,选:更早1372022年,2598,55.3,0.76,-892
0.03,24,0.02,选:更早1372023年,2899,55.2,0.78,-911
0.03,24,0.02,验:更早1372024前三季,2338,53.8,0.74,-892
0.03,24,0.02,验:币安独有416两年,1649,51.7,0.65,-901
0.03,24,0.02,验:币安前1002.33年,3054,55.1,0.79,-892
0.03,24,0.02,验:欧易新64两年,2353,54.4,0.74,-902
0.03,12,0.01,选:更早1372022年,3190,68.7,0.71,-894
0.03,12,0.01,选:更早1372023年,1835,63.0,0.56,-892
0.03,12,0.01,验:更早1372024前三季,2075,63.1,0.59,-897
0.03,12,0.01,验:币安独有416两年,1417,61.1,0.49,-893
0.03,12,0.01,验:币安前1002.33年,3063,65.0,0.69,-890
0.03,12,0.01,验:欧易新64两年,2244,65.8,0.62,-890
0.03,12,0.02,选:更早1372022年,2692,53.2,0.76,-891
0.03,12,0.02,选:更早1372023年,2650,53.0,0.75,-902
0.03,12,0.02,验:更早1372024前三季,2210,51.1,0.7,-893
0.03,12,0.02,验:币安独有416两年,1610,51.1,0.64,-901
0.03,12,0.02,验:币安前1002.33年,3510,53.0,0.8,-898
0.03,12,0.02,验:欧易新64两年,2417,53.4,0.74,-891
