blk,old_n,old_R,new_n,new_R,all_n,all_R,old_pick,new_pick,per
1772443200000,0,0.0,0,0.0,0,0.0,ETHUSDT;XRPUSDT;BTCUSDT,LINKUSDT;ETHUSDT;SOLUSDT,INS
1772464800000,0,0.0,0,0.0,0,0.0,XRPUSDT;DOGEUSDT;SOLUSDT,LINKUSDT;ETHUSDT;DOGEUSDT,INS
1772486400000,0,0.0,0,0.0,0,0.0,SOLUSDT;ETHUSDT;LINKUSDT,DOGEUSDT;BTCUSDT;ETHUSDT,INS
1772508000000,0,0.0,0,0.0,0,0.0,,LINKUSDT;XRPUSDT;DOGEUSDT,INS
1772529600000,0,0.0,0,0.0,0,0.0,,LINKUSDT;ETHUSDT;DOGEUSDT,INS
1772551200000,0,0.0,0,0.0,0,0.0,LINKUSDT;SOLUSDT;BTCUSDT,SOLUSDT;ETHUSDT;LINKUSDT,INS
1772572800000,0,0.0,0,0.0,0,0.0,,LINKUSDT;SOLUSDT;DOGEUSDT,INS
1772594400000,0,0.0,0,0.0,0,0.0,SOLUSDT;XRPUSDT;BTCUSDT,SOLUSDT;ETHUSDT;LINKUSDT,INS
1772616000000,0,0.0,0,0.0,0,0.0,DOGEUSDT;LINKUSDT;XRPUSDT,SOLUSDT;DOGEUSDT;LINKUSDT,INS
1772637600000,0,0.0,0,0.0,0,0.0,SOLUSDT,SOLUSDT;LINKUSDT;XRPUSDT,INS
1772659200000,0,0.0,0,0.0,0,0.0,SOLUSDT;XRPUSDT;BTCUSDT,LINKUSDT;DOGEUSDT;XRPUSDT,INS
1772680800000,0,0.0,0,0.0,0,0.0,BTCUSDT;ETHUSDT;SOLUSDT,LINKUSDT;DOGEUSDT;XRPUSDT,INS
1772702400000,0,0.0,0,0.0,0,0.0,BTCUSDT;ETHUSDT,SOLUSDT;ETHUSDT;LINKUSDT,INS
1772724000000,0,0.0,0,0.0,0,0.0,LINKUSDT;XRPUSDT;ETHUSDT,SOLUSDT;LINKUSDT;ETHUSDT,INS
1772745600000,0,0.0,0,0.0,0,0.0,SOLUSDT,BTCUSDT;LINKUSDT;SOLUSDT,INS
1772767200000,2,0.8246100329109365,2,0.8246100329109365,3,1.2340479123520534,ETHUSDT;LINKUSDT;DOGEUSDT,LINKUSDT;ETHUSDT;SOLUSDT,INS
1772788800000,0,0.0,0,0.0,0,0.0,XRPUSDT;BTCUSDT;DOGEUSDT,SOLUSDT;ETHUSDT;LINKUSDT,INS
1772810400000,0,0.0,0,0.0,0,0.0,,LINKUSDT;BTCUSDT;SOLUSDT,INS
1772832000000,0,0.0,0,0.0,0,0.0,SOLUSDT;ETHUSDT;XRPUSDT,BTCUSDT;SOLUSDT;LINKUSDT,INS
1772853600000,0,0.0,2,1.3034699806079832,3,1.4309221327705441,,LINKUSDT,INS
1772875200000,1,0.13026154836632234,2,0.27744369939606006,2,0.27744369939606006,SOLUSDT,LINKUSDT;SOLUSDT,INS
1772896800000,1,0.15206666666665802,1,0.15206666666665802,4,0.1139595201195589,LINKUSDT,LINKUSDT,INS
1772918400000,0,0.0,0,0.0,1,0.12134853801167486,SOLUSDT;LINKUSDT,LINKUSDT;SOLUSDT,INS
1772940000000,0,0.0,1,0.9318368421052703,2,1.8262155713116985,SOLUSDT,LINKUSDT;SOLUSDT,INS
1772961600000,0,0.0,0,0.0,0,0.0,LINKUSDT;SOLUSDT,LINKUSDT;SOLUSDT,INS
1772983200000,1,0.5376421673189604,0,0.0,4,-0.7840686821193604,ETHUSDT;SOLUSDT,XRPUSDT;DOGEUSDT;ETHUSDT,INS
1773004800000,1,-1.0395131578947372,1,-1.0395131578947372,1,-1.0395131578947372,LINKUSDT,LINKUSDT;SOLUSDT;ETHUSDT,INS
1773026400000,2,-0.2491130474583623,1,-0.41179467186485647,3,0.4498399230098658,XRPUSDT;LINKUSDT;ETHUSDT,LINKUSDT;SOLUSDT;ETHUSDT,INS
1773048000000,0,0.0,0,0.0,1,-1.0753588516746568,SOLUSDT;ETHUSDT;LINKUSDT,SOLUSDT;LINKUSDT;BTCUSDT,INS
1773069600000,0,0.0,0,0.0,0,0.0,DOGEUSDT;XRPUSDT,LINKUSDT;ETHUSDT;DOGEUSDT,INS
1773091200000,1,0.16054299595141028,0,0.0,2,0.31697845271932484,LINKUSDT,DOGEUSDT;SOLUSDT;XRPUSDT,INS
1773112800000,0,0.0,0,0.0,2,1.8548421916420876,ETHUSDT;DOGEUSDT,ETHUSDT;SOLUSDT;DOGEUSDT,INS
1773134400000,0,0.0,1,0.9247109460768392,1,0.9247109460768392,ETHUSDT,SOLUSDT;LINKUSDT;DOGEUSDT,INS
1773156000000,0,0.0,0,0.0,0,0.0,,LINKUSDT;DOGEUSDT;XRPUSDT,INS
1773177600000,1,0.6616706766917114,0,0.0,2,-0.44024893097972007,LINKUSDT;ETHUSDT;DOGEUSDT,SOLUSDT;BTCUSDT;DOGEUSDT,INS
1773199200000,0,0.0,0,0.0,0,0.0,LINKUSDT;SOLUSDT;DOGEUSDT,SOLUSDT;ETHUSDT;LINKUSDT,INS
1773220800000,1,-1.0730292397660772,1,-1.0730292397660772,3,0.7481744335270717,LINKUSDT;SOLUSDT,LINKUSDT;DOGEUSDT;SOLUSDT,INS
1773242400000,2,0.92527348957106,1,-0.033103088299260605,3,0.6859844242567875,SOLUSDT;LINKUSDT;ETHUSDT,DOGEUSDT;LINKUSDT;ETHUSDT,INS
1773264000000,1,-1.0824997193558121,1,0.9169923250080398,3,-1.2710638371789897,ETHUSDT;LINKUSDT;SOLUSDT,SOLUSDT;DOGEUSDT;LINKUSDT,INS
1773285600000,1,-1.1074889594676398,2,0.028535969170377484,2,0.028535969170377484,ETHUSDT,LINKUSDT;ETHUSDT;SOLUSDT,INS
1773307200000,1,0.1601961133603238,1,0.1601961133603238,3,2.0805452541074247,SOLUSDT;LINKUSDT,LINKUSDT;SOLUSDT,INS
1773328800000,1,0.12092489651093624,1,0.03692159860232135,4,0.602713937967502,LINKUSDT;ETHUSDT;DOGEUSDT,DOGEUSDT;ETHUSDT;SOLUSDT,INS
1773350400000,1,-1.0919833396440823,1,-1.0919833396440823,2,-0.22037992531175787,SOLUSDT;ETHUSDT;LINKUSDT,DOGEUSDT;SOLUSDT;LINKUSDT,INS
1773372000000,2,1.572178188189989,1,0.9524860700058305,2,1.572178188189989,ETHUSDT;DOGEUSDT;BTCUSDT,ETHUSDT;LINKUSDT;SOLUSDT,INS
1773393600000,0,0.0,0,0.0,0,0.0,ETHUSDT;LINKUSDT;SOLUSDT,XRPUSDT;SOLUSDT;DOGEUSDT,INS
1773415200000,0,0.0,0,0.0,0,0.0,LINKUSDT;ETHUSDT;SOLUSDT,LINKUSDT;DOGEUSDT;XRPUSDT,INS
1773436800000,1,-1.0876521739130398,3,-1.235916351198346,4,-2.338300447992244,DOGEUSDT;ETHUSDT;XRPUSDT,LINKUSDT;SOLUSDT;DOGEUSDT,INS
1773458400000,0,0.0,0,0.0,1,0.852958214408025,LINKUSDT,LINKUSDT;DOGEUSDT,INS
1773480000000,0,0.0,1,0.13399345661450868,2,0.2553883694725899,,DOGEUSDT;LINKUSDT,INS
1773501600000,2,1.0200785964912207,2,1.0200785964912207,3,0.9264766228070089,LINKUSDT,LINKUSDT,INS
1773523200000,0,0.0,0,0.0,0,0.0,,,INS
1773544800000,0,0.0,0,0.0,0,0.0,,LINKUSDT;DOGEUSDT;SOLUSDT,INS
1773566400000,0,0.0,0,0.0,0,0.0,DOGEUSDT,DOGEUSDT;LINKUSDT,INS
1773588000000,0,0.0,1,0.9191088066701311,2,1.8165726708033056,LINKUSDT,LINKUSDT;DOGEUSDT,INS
1773609600000,0,0.0,0,0.0,0,0.0,,DOGEUSDT;LINKUSDT,INS
1773631200000,0,0.0,0,0.0,0,0.0,XRPUSDT;BTCUSDT;SOLUSDT,XRPUSDT;BTCUSDT;DOGEUSDT,INS
1773652800000,0,0.0,0,0.0,0,0.0,XRPUSDT;ETHUSDT;SOLUSDT,DOGEUSDT;LINKUSDT;SOLUSDT,INS
1773674400000,0,0.0,0,0.0,0,0.0,BTCUSDT;SOLUSDT;LINKUSDT,LINKUSDT;SOLUSDT;BTCUSDT,INS
1773696000000,0,0.0,0,0.0,0,0.0,DOGEUSDT,DOGEUSDT;BTCUSDT;SOLUSDT,INS
1773717600000,0,0.0,1,0.683508658743632,1,0.683508658743632,BTCUSDT;XRPUSDT;ETHUSDT,SOLUSDT;ETHUSDT;XRPUSDT,INS
1773739200000,0,0.0,0,0.0,0,0.0,SOLUSDT;ETHUSDT;BTCUSDT,LINKUSDT;XRPUSDT;SOLUSDT,INS
1773760800000,1,0.7504016309011798,1,0.7504016309011798,2,0.8920114959001473,ETHUSDT;XRPUSDT;LINKUSDT,SOLUSDT;LINKUSDT;XRPUSDT,INS
1773782400000,0,0.0,1,0.9434095975232167,2,1.609046311258775,,LINKUSDT;DOGEUSDT;BTCUSDT,INS
1773804000000,0,0.0,0,0.0,2,-1.179623217140643,DOGEUSDT;ETHUSDT;LINKUSDT,SOLUSDT;LINKUSDT;DOGEUSDT,INS
1773825600000,0,0.0,0,0.0,0,0.0,XRPUSDT;DOGEUSDT,XRPUSDT;LINKUSDT;SOLUSDT,INS
1773847200000,0,0.0,0,0.0,0,0.0,BTCUSDT,ETHUSDT;LINKUSDT;XRPUSDT,INS
1773868800000,1,0.994752263792016,1,0.9915201096155263,2,1.9862723734075423,ETHUSDT;LINKUSDT;SOLUSDT,DOGEUSDT;XRPUSDT;LINKUSDT,INS
1773890400000,1,-1.0587551487414255,0,0.0,2,-2.170719800838146,SOLUSDT;LINKUSDT;ETHUSDT,SOLUSDT;XRPUSDT;DOGEUSDT,INS
1773912000000,1,0.9539605263157886,2,-0.12664094632870448,3,0.8273195799870842,LINKUSDT;ETHUSDT,DOGEUSDT;XRPUSDT;SOLUSDT,INS
1773933600000,0,0.0,0,0.0,1,-0.837720273988643,SOLUSDT;DOGEUSDT,DOGEUSDT;SOLUSDT;XRPUSDT,INS
1773955200000,3,1.0156908331960242,3,1.0156908331960242,7,4.119840144204709,SOLUSDT;DOGEUSDT;XRPUSDT,SOLUSDT;DOGEUSDT;XRPUSDT,INS
1773976800000,1,0.6934398891966735,1,0.6659789473684229,2,1.3594188365650965,DOGEUSDT;ETHUSDT;SOLUSDT,LINKUSDT;ETHUSDT;XRPUSDT,INS
1773998400000,1,0.15700350877192634,2,0.3070790926636623,5,0.7751963497800363,LINKUSDT,XRPUSDT;SOLUSDT;LINKUSDT,INS
1774020000000,0,0.0,1,0.6652856950067477,2,0.8172361105192067,DOGEUSDT;ETHUSDT;BTCUSDT,DOGEUSDT;ETHUSDT;LINKUSDT,INS
1774041600000,0,0.0,2,0.20631578766243053,2,0.20631578766243053,DOGEUSDT;XRPUSDT;SOLUSDT,ETHUSDT;LINKUSDT;XRPUSDT,INS
1774063200000,1,0.11604101633393316,1,0.11604101633393316,2,0.9660295330803318,LINKUSDT,LINKUSDT,INS
1774084800000,0,0.0,0,0.0,2,0.25367789473680197,,,INS
1774106400000,0,0.0,0,0.0,3,0.9739777860007945,,,INS
1774128000000,0,0.0,0,0.0,0,0.0,,,INS
1774149600000,1,-1.060534412955467,1,-1.060534412955467,1,-1.060534412955467,LINKUSDT;ETHUSDT;XRPUSDT,SOLUSDT;LINKUSDT;ETHUSDT,INS
1774171200000,0,0.0,0,0.0,0,0.0,LINKUSDT;DOGEUSDT,LINKUSDT;DOGEUSDT;SOLUSDT,INS
1774192800000,1,-1.0760247678018517,0,0.0,1,-1.0760247678018517,SOLUSDT;ETHUSDT;LINKUSDT,XRPUSDT;ETHUSDT;SOLUSDT,INS
1774214400000,0,0.0,1,0.16832811296533773,1,0.16832811296533773,,LINKUSDT,INS
1774236000000,2,1.0956172414078704,3,0.013448278227397137,3,0.013448278227397137,ETHUSDT;LINKUSDT;XRPUSDT,LINKUSDT;SOLUSDT;ETHUSDT,INS
1774257600000,0,0.0,0,0.0,0,0.0,BTCUSDT;ETHUSDT,BTCUSDT;ETHUSDT;LINKUSDT,INS
1774279200000,1,0.6061893554109987,0,0.0,1,0.6061893554109987,ETHUSDT;LINKUSDT,BTCUSDT;ETHUSDT;XRPUSDT,INS
1774300800000,0,0.0,0,0.0,0,0.0,ETHUSDT;LINKUSDT,DOGEUSDT;BTCUSDT;ETHUSDT,INS
1774322400000,1,0.9106735934664241,1,0.938938626226576,3,0.7523163435549216,DOGEUSDT;XRPUSDT,LINKUSDT;BTCUSDT;SOLUSDT,INS
1774344000000,2,-0.1140838277511973,2,-0.1140838277511973,2,-0.1140838277511973,LINKUSDT;DOGEUSDT,ETHUSDT;LINKUSDT;DOGEUSDT,INS
1774365600000,0,0.0,0,0.0,0,0.0,LINKUSDT;DOGEUSDT;ETHUSDT,SOLUSDT;LINKUSDT;ETHUSDT,INS
1774387200000,1,0.4222343412526917,1,0.4222343412526917,3,2.2426522012287653,LINKUSDT;BTCUSDT;ETHUSDT,SOLUSDT;LINKUSDT;ETHUSDT,INS
1774408800000,2,1.8372125365462049,1,0.9101156461366157,2,1.8372125365462049,SOLUSDT;ETHUSDT;LINKUSDT,ETHUSDT;LINKUSDT;DOGEUSDT,INS
1774430400000,0,0.0,0,0.0,0,0.0,XRPUSDT;LINKUSDT;DOGEUSDT,XRPUSDT;DOGEUSDT;SOLUSDT,INS
1774452000000,1,0.6991092105263222,0,0.0,1,0.6991092105263222,LINKUSDT;SOLUSDT;XRPUSDT,SOLUSDT;XRPUSDT;DOGEUSDT,INS
1774473600000,2,0.7727338680472856,2,1.0449267736717653,4,2.5363666142539207,ETHUSDT;LINKUSDT;DOGEUSDT,BTCUSDT;LINKUSDT;SOLUSDT,INS
1774495200000,1,-1.0715263157894845,1,-1.0715263157894845,1,-1.0715263157894845,LINKUSDT,LINKUSDT;SOLUSDT,INS
1774516800000,0,0.0,0,0.0,0,0.0,LINKUSDT,DOGEUSDT;LINKUSDT;SOLUSDT,INS
1774538400000,0,0.0,0,0.0,0,0.0,LINKUSDT,LINKUSDT;SOLUSDT;ETHUSDT,INS
1774560000000,0,0.0,1,0.9151762013729977,1,0.9151762013729977,DOGEUSDT;XRPUSDT,DOGEUSDT;SOLUSDT;LINKUSDT,INS
1774581600000,0,0.0,3,-1.9918118754649172,6,-4.06715333201998,,ETHUSDT;SOLUSDT;LINKUSDT,INS
1774603200000,0,0.0,0,0.0,0,0.0,,LINKUSDT;SOLUSDT;ETHUSDT,INS
1774624800000,0,0.0,0,0.0,0,0.0,DOGEUSDT,ETHUSDT;LINKUSDT;SOLUSDT,INS
1774646400000,1,0.901589473684217,1,0.901589473684217,2,1.7509767000278758,XRPUSDT;LINKUSDT;DOGEUSDT,LINKUSDT;DOGEUSDT;SOLUSDT,INS
1774668000000,0,0.0,1,0.9386318146597008,3,0.6741040670549115,,LINKUSDT,INS
1774689600000,0,0.0,0,0.0,2,0.2735124049433102,,,INS
1774711200000,0,0.0,1,0.8812873065015355,1,0.8812873065015355,SOLUSDT,SOLUSDT;LINKUSDT;DOGEUSDT,INS
1774732800000,0,0.0,0,0.0,0,0.0,,DOGEUSDT,INS
1774754400000,1,0.14287830551989905,1,0.14287830551989905,1,0.14287830551989905,LINKUSDT,LINKUSDT,INS
1774776000000,0,0.0,0,0.0,0,0.0,,,INS
1774797600000,0,0.0,0,0.0,0,0.0,,LINKUSDT;SOLUSDT,INS
1774819200000,0,0.0,0,0.0,0,0.0,LINKUSDT,LINKUSDT,INS
1774840800000,0,0.0,0,0.0,0,0.0,SOLUSDT;LINKUSDT;XRPUSDT,XRPUSDT;ETHUSDT;BTCUSDT,INS
1774862400000,0,0.0,1,0.15265803366488426,1,0.15265803366488426,XRPUSDT;ETHUSDT;SOLUSDT,DOGEUSDT;XRPUSDT;ETHUSDT,INS
1774884000000,0,0.0,0,0.0,0,0.0,DOGEUSDT,LINKUSDT;SOLUSDT;BTCUSDT,INS
1774905600000,0,0.0,1,0.9383263157894606,1,0.9383263157894606,BTCUSDT;ETHUSDT,LINKUSDT;ETHUSDT;BTCUSDT,INS
1774927200000,1,-1.0665444646098006,2,-0.9132568441502003,2,-0.9132568441502003,DOGEUSDT;LINKUSDT;ETHUSDT,SOLUSDT;DOGEUSDT;LINKUSDT,INS
1774948800000,2,-0.37312109276839633,3,-0.2113995223224595,5,-0.5677175994759798,XRPUSDT;SOLUSDT;LINKUSDT,DOGEUSDT;XRPUSDT;LINKUSDT,INS
1774970400000,0,0.0,1,0.550595087719297,1,0.550595087719297,SOLUSDT;BTCUSDT;DOGEUSDT,LINKUSDT;SOLUSDT;ETHUSDT,INS
1774992000000,1,0.15509581066224462,1,0.15509581066224462,1,0.15509581066224462,ETHUSDT;LINKUSDT;SOLUSDT,LINKUSDT;ETHUSDT;BTCUSDT,INS
1775013600000,1,-1.082346344655407,2,-2.158977923602766,4,-2.422531627694979,ETHUSDT,LINKUSDT;SOLUSDT;ETHUSDT,INS
1775035200000,0,0.0,0,0.0,0,0.0,LINKUSDT;ETHUSDT;XRPUSDT,SOLUSDT;BTCUSDT;DOGEUSDT,INS
1775056800000,2,1.1204381157313106,2,-0.07801223437300842,3,0.06002355510067048,XRPUSDT;SOLUSDT;ETHUSDT,SOLUSDT;ETHUSDT;DOGEUSDT,INS
1775078400000,1,-1.1237188015644533,2,-0.4550485189663743,2,-0.4550485189663743,DOGEUSDT;XRPUSDT;BTCUSDT,ETHUSDT;BTCUSDT;XRPUSDT,INS
1775100000000,0,0.0,0,0.0,0,0.0,ETHUSDT;DOGEUSDT,LINKUSDT;ETHUSDT;DOGEUSDT,INS
1775121600000,0,0.0,0,0.0,0,0.0,,LINKUSDT;SOLUSDT,INS
1775143200000,0,0.0,2,0.4287717565827949,2,0.4287717565827949,XRPUSDT;SOLUSDT;DOGEUSDT,SOLUSDT;LINKUSDT;ETHUSDT,INS
1775164800000,1,0.12371029460443136,0,0.0,2,0.2648389227321256,ETHUSDT;DOGEUSDT;SOLUSDT,ETHUSDT;SOLUSDT;LINKUSDT,INS
1775186400000,1,-0.01894166894778402,1,-0.01894166894778402,2,0.10190694937285713,XRPUSDT,XRPUSDT;LINKUSDT;SOLUSDT,INS
1775208000000,0,0.0,2,0.6732994401578474,3,1.2791889389628233,,LINKUSDT;SOLUSDT,INS
1775229600000,0,0.0,0,0.0,0,0.0,XRPUSDT;LINKUSDT,SOLUSDT;XRPUSDT;DOGEUSDT,INS
1775251200000,3,0.18739001809363576,3,0.18739001809363576,5,-1.1626139914035027,LINKUSDT,LINKUSDT,INS
1775272800000,0,0.0,0,0.0,1,0.6060736842105151,,,INS
1775294400000,0,0.0,0,0.0,1,0.8811182662538786,,,INS
1775316000000,0,0.0,0,0.0,2,1.0565504207986531,,,INS
1775337600000,0,0.0,0,0.0,1,-1.127915789473707,,,INS
1775359200000,0,0.0,0,0.0,0,0.0,,,INS
1775380800000,0,0.0,0,0.0,0,0.0,,,INS
1775402400000,1,0.15447347267792916,1,0.15447347267792916,1,0.15447347267792916,LINKUSDT;XRPUSDT,LINKUSDT;XRPUSDT;SOLUSDT,INS
1775424000000,0,0.0,1,0.9262451127819535,2,1.5348595543737362,SOLUSDT,LINKUSDT;SOLUSDT,INS
1775445600000,0,0.0,0,0.0,0,0.0,,DOGEUSDT;SOLUSDT;XRPUSDT,INS
1775467200000,0,0.0,0,0.0,0,0.0,XRPUSDT,SOLUSDT;XRPUSDT;LINKUSDT,INS
1775488800000,0,0.0,2,1.859970055901262,4,3.666538401250753,,SOLUSDT;LINKUSDT;DOGEUSDT,INS
1775510400000,0,0.0,0,0.0,1,-1.1197608221737831,,LINKUSDT;ETHUSDT,INS
1775532000000,0,0.0,0,0.0,1,0.15177192982456023,DOGEUSDT;ETHUSDT;BTCUSDT,BTCUSDT;ETHUSDT;SOLUSDT,INS
1775553600000,0,0.0,0,0.0,1,0.15302179200310784,,LINKUSDT,INS
1775575200000,2,-0.38200947665187135,2,-0.38200947665187135,2,-0.38200947665187135,DOGEUSDT;ETHUSDT;LINKUSDT,DOGEUSDT;ETHUSDT;LINKUSDT,INS
1775596800000,0,0.0,0,0.0,0,0.0,XRPUSDT,SOLUSDT;LINKUSDT;ETHUSDT,INS
1775618400000,0,0.0,0,0.0,0,0.0,ETHUSDT;DOGEUSDT;XRPUSDT,LINKUSDT;XRPUSDT;SOLUSDT,INS
1775640000000,0,0.0,0,0.0,1,-1.0651914401388118,LINKUSDT,ETHUSDT;LINKUSDT,INS
1775661600000,1,-0.947756278663471,2,1.0678729626626269,4,1.071484647385883,XRPUSDT;DOGEUSDT;SOLUSDT,BTCUSDT;ETHUSDT;XRPUSDT,INS
1775683200000,0,0.0,0,0.0,0,0.0,XRPUSDT;SOLUSDT,BTCUSDT;LINKUSDT;XRPUSDT,INS
1775704800000,0,0.0,2,0.556294976972339,2,0.556294976972339,BTCUSDT;ETHUSDT;DOGEUSDT,BTCUSDT;LINKUSDT;XRPUSDT,INS
1775726400000,0,0.0,1,0.14378776009790434,2,0.2778312979365736,,LINKUSDT,INS
1775748000000,0,0.0,2,-2.110474695212592,2,-2.110474695212592,XRPUSDT,ETHUSDT;LINKUSDT;SOLUSDT,INS
1775769600000,0,0.0,1,0.15891612903225402,3,-0.6205961895617486,XRPUSDT;ETHUSDT,ETHUSDT;XRPUSDT;LINKUSDT,INS
1775791200000,1,0.9052686373467982,1,0.9052686373467982,3,-0.09132545875036291,BTCUSDT;DOGEUSDT;SOLUSDT,SOLUSDT;LINKUSDT;DOGEUSDT,INS
1775812800000,0,0.0,0,0.0,0,0.0,,LINKUSDT,INS
1775834400000,3,0.7600559006227368,2,-0.14431597191678647,4,1.4503116281769153,ETHUSDT;DOGEUSDT;XRPUSDT,XRPUSDT;DOGEUSDT;SOLUSDT,INS
1775856000000,1,0.13513739612185974,1,0.13513739612185974,1,0.13513739612185974,DOGEUSDT;SOLUSDT;LINKUSDT,DOGEUSDT;LINKUSDT;SOLUSDT,INS
1775877600000,0,0.0,1,-1.0951578947368583,1,-1.0951578947368583,,LINKUSDT,INS
1775899200000,0,0.0,0,0.0,1,-1.1105263157894578,,,INS
1775920800000,0,0.0,0,0.0,1,-1.092944920440638,,,INS
1775942400000,1,0.9323251674641214,1,0.9323251674641214,1,0.9323251674641214,LINKUSDT;DOGEUSDT;SOLUSDT,DOGEUSDT;LINKUSDT;SOLUSDT,INS
1775964000000,0,0.0,0,0.0,0,0.0,DOGEUSDT;LINKUSDT,LINKUSDT;DOGEUSDT;SOLUSDT,INS
1775985600000,0,0.0,0,0.0,0,0.0,,,INS
1776007200000,0,0.0,0,0.0,0,0.0,,LINKUSDT,INS
1776028800000,0,0.0,0,0.0,4,0.4369182574628192,,,INS
1776050400000,1,-0.7984189886480679,1,-0.7984189886480679,2,0.06782480794701895,LINKUSDT;SOLUSDT,LINKUSDT;DOGEUSDT;ETHUSDT,INS
1776072000000,1,0.9821315789473554,1,0.9821315789473554,2,-0.13975252525254767,LINKUSDT,LINKUSDT,INS
1776093600000,2,-0.09300866006383879,3,0.8637804730630929,4,1.7966120520104547,LINKUSDT;ETHUSDT,LINKUSDT;SOLUSDT;ETHUSDT,INS
1776115200000,1,0.02838112522685885,1,0.02838112522685885,1,0.02838112522685885,ETHUSDT;LINKUSDT,DOGEUSDT;SOLUSDT;LINKUSDT,INS
1776136800000,0,0.0,0,0.0,0,0.0,BTCUSDT;ETHUSDT;DOGEUSDT,DOGEUSDT;LINKUSDT;ETHUSDT,INS
1776158400000,0,0.0,1,-1.0812589473684056,1,-1.0812589473684056,,LINKUSDT;DOGEUSDT,INS
1776180000000,1,-0.624508862951064,1,-0.5098636882904861,2,-1.1343725512415501,DOGEUSDT;XRPUSDT;ETHUSDT,LINKUSDT;SOLUSDT;XRPUSDT,INS
1776201600000,0,0.0,0,0.0,0,0.0,ETHUSDT;XRPUSDT;DOGEUSDT,BTCUSDT;LINKUSDT;SOLUSDT,INS
1776223200000,1,0.6559657334826496,1,0.6559657334826496,1,0.6559657334826496,LINKUSDT;DOGEUSDT;ETHUSDT,DOGEUSDT;LINKUSDT;ETHUSDT,INS
1776244800000,1,-1.1004521138912966,1,-1.1004521138912966,2,-0.9767557264208415,LINKUSDT;SOLUSDT,DOGEUSDT;LINKUSDT;SOLUSDT,INS
1776266400000,1,-1.0589799103436979,0,0.0,1,-1.0589799103436979,SOLUSDT,ETHUSDT;DOGEUSDT;BTCUSDT,INS
1776288000000,1,0.9322710526315751,1,0.9322710526315751,1,0.9322710526315751,DOGEUSDT;LINKUSDT,SOLUSDT;DOGEUSDT;LINKUSDT,INS
1776309600000,0,0.0,0,0.0,0,0.0,ETHUSDT;LINKUSDT;SOLUSDT,ETHUSDT;LINKUSDT;SOLUSDT,INS
1776331200000,1,-1.0836390977443542,1,-1.0836390977443542,1,-1.0836390977443542,LINKUSDT;DOGEUSDT,LINKUSDT;DOGEUSDT,INS
1776352800000,1,-1.0365813765182197,1,-1.0405620848237187,2,-2.0771434613419384,BTCUSDT;ETHUSDT;DOGEUSDT,SOLUSDT;XRPUSDT;LINKUSDT,INS
1776374400000,0,0.0,0,0.0,1,-1.0792557229505118,ETHUSDT,LINKUSDT;BTCUSDT;ETHUSDT,INS
1776396000000,2,-0.1628692712581633,3,-1.2479941544721198,4,-2.3483145441352358,LINKUSDT;XRPUSDT,LINKUSDT;DOGEUSDT;XRPUSDT,INS
1776417600000,0,0.0,1,-1.0575319325982877,1,-1.0575319325982877,,DOGEUSDT;XRPUSDT;SOLUSDT,INS
1776439200000,0,0.0,1,0.7248193843545444,1,0.7248193843545444,,DOGEUSDT;SOLUSDT;LINKUSDT,INS
1776460800000,0,0.0,0,0.0,0,0.0,DOGEUSDT;SOLUSDT;XRPUSDT,DOGEUSDT;SOLUSDT;LINKUSDT,INS
1776482400000,0,0.0,1,0.19438986354774973,1,0.19438986354774973,XRPUSDT;DOGEUSDT,DOGEUSDT;XRPUSDT;LINKUSDT,INS
1776504000000,0,0.0,0,0.0,0,0.0,,XRPUSDT;LINKUSDT,INS
1776525600000,0,0.0,0,0.0,0,0.0,,XRPUSDT;ETHUSDT;LINKUSDT,INS
1776547200000,0,0.0,1,0.9239894736842094,1,0.9239894736842094,,LINKUSDT;DOGEUSDT,INS
1776568800000,0,0.0,0,0.0,0,0.0,,LINKUSDT,INS
1776590400000,0,0.0,0,0.0,0,0.0,XRPUSDT,XRPUSDT;DOGEUSDT;LINKUSDT,INS
1776612000000,2,-0.12915856670651404,3,0.8212931495406239,5,-1.3124531833543565,DOGEUSDT;XRPUSDT,LINKUSDT;XRPUSDT;DOGEUSDT,INS
1776633600000,2,1.523832458226055,2,1.523832458226055,3,2.183599335419048,DOGEUSDT;XRPUSDT,LINKUSDT;DOGEUSDT;XRPUSDT,INS
1776655200000,2,1.35276955992523,2,1.35276955992523,3,0.2548065175229929,ETHUSDT;DOGEUSDT;LINKUSDT,LINKUSDT;ETHUSDT;DOGEUSDT,INS
1776676800000,2,0.30608836582972415,1,0.15281918626352028,4,1.1393848351203748,ETHUSDT;XRPUSDT;LINKUSDT,DOGEUSDT;ETHUSDT;SOLUSDT,INS
1776698400000,0,0.0,1,0.1531263157894567,1,0.1531263157894567,,LINKUSDT;ETHUSDT;XRPUSDT,INS
1776720000000,3,-0.038317575187968744,2,-0.22857503702765003,6,-0.48152688127805,LINKUSDT;DOGEUSDT,ETHUSDT;SOLUSDT;XRPUSDT,INS
1776741600000,1,0.6452602870813253,1,0.6452602870813253,3,1.642848836084212,LINKUSDT,LINKUSDT,INS
1776763200000,1,-0.049368421052631485,1,-0.049368421052631485,2,-1.1310460782305847,SOLUSDT;LINKUSDT,LINKUSDT;SOLUSDT,INS
1776784800000,0,0.0,0,0.0,0,0.0,LINKUSDT;SOLUSDT;XRPUSDT,ETHUSDT;XRPUSDT;BTCUSDT,INS
1776806400000,1,0.1422718482473561,2,1.0634526532009092,3,1.9894126296345251,BTCUSDT;ETHUSDT;XRPUSDT,LINKUSDT;ETHUSDT;XRPUSDT,INS
1776828000000,1,0.06078217261182224,1,0.06078217261182224,1,0.06078217261182224,BTCUSDT;LINKUSDT,LINKUSDT;SOLUSDT;ETHUSDT,INS
1776849600000,0,0.0,0,0.0,0,0.0,LINKUSDT;DOGEUSDT,LINKUSDT;SOLUSDT;DOGEUSDT,INS
1776871200000,1,0.2952233644239197,1,0.2952233644239197,2,-0.27063399687613277,DOGEUSDT;ETHUSDT;LINKUSDT,ETHUSDT;DOGEUSDT;LINKUSDT,INS
1776892800000,0,0.0,0,0.0,1,-1.0638289473684122,ETHUSDT;SOLUSDT;DOGEUSDT,ETHUSDT;SOLUSDT;DOGEUSDT,INS
1776914400000,1,0.8700903110047873,1,0.8700903110047873,1,0.8700903110047873,DOGEUSDT;BTCUSDT;LINKUSDT,BTCUSDT;ETHUSDT;DOGEUSDT,INS
1776936000000,0,0.0,0,0.0,0,0.0,LINKUSDT,LINKUSDT,INS
1776957600000,0,0.0,1,-1.0669680759275335,2,-1.7882455208624863,,LINKUSDT,INS
1776979200000,2,-0.25844769595564776,1,-1.113570892931553,6,-2.260305769191291,XRPUSDT;LINKUSDT;BTCUSDT,XRPUSDT;DOGEUSDT;LINKUSDT,INS
1777000800000,0,0.0,1,0.23108009153317466,2,0.8524052294222865,,LINKUSDT,INS
1777022400000,0,0.0,1,0.1516682261208445,3,-0.3453677925925026,DOGEUSDT,LINKUSDT;DOGEUSDT,INS
1777044000000,3,-0.09680698985820624,3,-0.09680698985820624,3,-0.09680698985820624,XRPUSDT;LINKUSDT;DOGEUSDT,XRPUSDT;LINKUSDT;SOLUSDT,INS
1777065600000,0,0.0,1,0.5269468266253694,2,1.1705917358416569,LINKUSDT,LINKUSDT;SOLUSDT,INS
1777087200000,0,0.0,0,0.0,1,0.6177655603388515,,,INS
1777108800000,0,0.0,0,0.0,3,-0.14630506695443835,,,INS
1777130400000,0,0.0,0,0.0,0,0.0,,,INS
1777152000000,0,0.0,0,0.0,0,0.0,,,INS
1777173600000,0,0.0,0,0.0,1,-1.1213188854489369,,,INS
1777195200000,0,0.0,0,0.0,0,0.0,,,INS
1777216800000,0,0.0,0,0.0,0,0.0,,,INS
1777238400000,1,0.14119377990431622,1,0.14119377990431622,2,-0.9353428054615537,LINKUSDT,LINKUSDT,INS
1777260000000,0,0.0,1,0.5503757760475043,1,0.5503757760475043,,XRPUSDT;ETHUSDT;LINKUSDT,INS
1777281600000,0,0.0,0,0.0,0,0.0,,LINKUSDT,INS
1777303200000,0,0.0,0,0.0,0,0.0,,,INS
1777324800000,0,0.0,0,0.0,1,0.12485263157893453,,,INS
1777346400000,1,0.9084764912280745,1,0.9084764912280745,3,2.6583853984892407,LINKUSDT,DOGEUSDT;LINKUSDT,INS
1777368000000,1,-1.1015511695906492,2,-0.4406475906432775,2,-0.4406475906432775,DOGEUSDT,LINKUSDT;DOGEUSDT,INS
1777389600000,2,-1.3094156013410196,2,-1.3205754008707868,3,-1.5540667916854816,ETHUSDT;LINKUSDT;DOGEUSDT,DOGEUSDT;ETHUSDT;SOLUSDT,INS
1777411200000,2,1.0021852631578803,2,1.0021852631578803,3,-0.09956020906772978,LINKUSDT,LINKUSDT,INS
1777432800000,0,0.0,0,0.0,0,0.0,,,INS
1777454400000,2,-0.9240032036613341,2,-0.9240032036613341,3,-2.013755116483045,LINKUSDT,LINKUSDT;DOGEUSDT,INS
1777476000000,1,-1.0574105263158027,1,-1.0574105263158027,1,-1.0574105263158027,DOGEUSDT;LINKUSDT,LINKUSDT;SOLUSDT;XRPUSDT,INS
1777497600000,1,-1.096105263157898,0,0.0,1,-1.096105263157898,DOGEUSDT;LINKUSDT;ETHUSDT,DOGEUSDT;SOLUSDT;XRPUSDT,INS
1777519200000,0,0.0,1,0.7113919504644061,2,0.8390096865855202,DOGEUSDT,DOGEUSDT;LINKUSDT;ETHUSDT,INS
1777540800000,0,0.0,0,0.0,3,1.7844846104230818,,LINKUSDT;DOGEUSDT,INS
1777562400000,1,0.1492037894736763,1,-1.0740578532946574,3,-0.4554797634938058,LINKUSDT;SOLUSDT,DOGEUSDT;ETHUSDT;SOLUSDT,INS
1777584000000,1,-1.0822913436103219,1,-1.0822913436103219,2,-0.9543439751892772,DOGEUSDT,DOGEUSDT,INS
1777605600000,0,0.0,0,0.0,1,0.26717894736840975,DOGEUSDT,DOGEUSDT,INS
1777627200000,0,0.0,1,-1.0811750223015262,2,-0.464263443354171,,DOGEUSDT,INS
1777648800000,0,0.0,2,-0.5070925214685998,3,-1.6085472237981895,ETHUSDT,DOGEUSDT;LINKUSDT;ETHUSDT,INS
1777670400000,1,0.8728352941176427,1,0.8728352941176427,1,0.8728352941176427,LINKUSDT,DOGEUSDT;LINKUSDT,INS
1777692000000,0,0.0,0,0.0,0,0.0,,DOGEUSDT,INS
1777713600000,0,0.0,0,0.0,1,-1.148842105263125,,,INS
1777735200000,0,0.0,0,0.0,1,0.14476774193547004,,DOGEUSDT,INS
1777756800000,0,0.0,0,0.0,1,-1.0964210526315687,,,INS
1777778400000,1,0.7063040034997873,1,0.7063040034997873,1,0.7063040034997873,DOGEUSDT;LINKUSDT,DOGEUSDT;LINKUSDT,INS
1777800000000,0,0.0,0,0.0,2,-0.48006315789472864,,,INS
1777821600000,0,0.0,0,0.0,0,0.0,DOGEUSDT,DOGEUSDT,INS
1777843200000,0,0.0,0,0.0,2,-0.1487263468191209,,,INS
1777864800000,1,-1.0842706766917174,1,-1.0842706766917174,1,-1.0842706766917174,LINKUSDT,LINKUSDT;SOLUSDT;XRPUSDT,INS
1777886400000,0,0.0,1,-1.0589058561897686,4,-0.2907768759365956,DOGEUSDT,DOGEUSDT;LINKUSDT,INS
1777908000000,1,0.1276185579555773,1,0.1276185579555773,2,-0.3742478992321815,DOGEUSDT;XRPUSDT,ETHUSDT;SOLUSDT;XRPUSDT,INS
1777929600000,0,0.0,1,-1.1372105263158134,2,-2.2851726618705044,LINKUSDT;DOGEUSDT,ETHUSDT;LINKUSDT;DOGEUSDT,INS
1777951200000,0,0.0,1,0.9218894736842128,4,2.5372805835075947,,LINKUSDT;DOGEUSDT,INS
1777972800000,0,0.0,0,0.0,1,0.848894736842121,,LINKUSDT,INS
1777994400000,0,0.0,0,0.0,1,-1.1300434210526349,ETHUSDT;LINKUSDT,ETHUSDT;DOGEUSDT;LINKUSDT,INS
1778016000000,0,0.0,1,0.15934538520212793,2,0.8238151170639405,,LINKUSDT;DOGEUSDT,INS
1778037600000,0,0.0,0,0.0,0,0.0,DOGEUSDT,LINKUSDT;DOGEUSDT;SOLUSDT,INS
1778059200000,0,0.0,0,0.0,0,0.0,DOGEUSDT,LINKUSDT;SOLUSDT;DOGEUSDT,INS
1778080800000,1,0.1625617224880329,2,0.007479385676402495,3,0.13492156587714593,SOLUSDT;DOGEUSDT;LINKUSDT,LINKUSDT;XRPUSDT;DOGEUSDT,INS
1778102400000,2,-0.4043632471008095,2,-0.4043632471008095,2,-0.4043632471008095,LINKUSDT;SOLUSDT;DOGEUSDT,LINKUSDT;SOLUSDT;DOGEUSDT,INS
1778124000000,1,-1.0684572368421053,1,-1.0684572368421053,1,-1.0684572368421053,LINKUSDT;DOGEUSDT;SOLUSDT,SOLUSDT;DOGEUSDT;LINKUSDT,INS
1778145600000,0,0.0,1,0.9321213114754161,2,1.8082490105611095,SOLUSDT,LINKUSDT;SOLUSDT;DOGEUSDT,INS
1778167200000,1,0.03555230321793497,1,0.03555230321793497,2,0.18532775999457657,DOGEUSDT;SOLUSDT;LINKUSDT,DOGEUSDT;LINKUSDT;SOLUSDT,INS
1778188800000,0,0.0,0,0.0,0,0.0,DOGEUSDT,LINKUSDT;SOLUSDT;DOGEUSDT,INS
1778210400000,0,0.0,4,0.6101786318579766,5,-0.5349722785934752,,LINKUSDT;SOLUSDT;DOGEUSDT,INS
1778232000000,0,0.0,2,1.3367557894736763,2,1.3367557894736763,DOGEUSDT,LINKUSDT;DOGEUSDT,INS
1778253600000,0,0.0,0,0.0,0,0.0,DOGEUSDT;SOLUSDT,DOGEUSDT;LINKUSDT;SOLUSDT,INS
1778275200000,0,0.0,0,0.0,0,0.0,LINKUSDT;DOGEUSDT,XRPUSDT;DOGEUSDT;LINKUSDT,INS
1778296800000,0,0.0,0,0.0,0,0.0,,LINKUSDT,INS
1778318400000,0,0.0,0,0.0,0,0.0,SOLUSDT;LINKUSDT,DOGEUSDT;LINKUSDT;SOLUSDT,INS
1778340000000,0,0.0,0,0.0,0,0.0,,,INS
1778361600000,0,0.0,0,0.0,0,0.0,,,INS
1778383200000,0,0.0,0,0.0,1,-0.024495307451409543,,,INS
1778404800000,0,0.0,0,0.0,0,0.0,,LINKUSDT,INS
1778426400000,0,0.0,0,0.0,0,0.0,,LINKUSDT,INS
1778448000000,1,-0.06109943192505643,1,-0.06109943192505643,1,-0.06109943192505643,SOLUSDT;DOGEUSDT;ETHUSDT,XRPUSDT;LINKUSDT;DOGEUSDT,INS
1778469600000,0,0.0,1,0.0042241771079208346,2,0.9115311244763478,SOLUSDT;LINKUSDT,DOGEUSDT;LINKUSDT;ETHUSDT,INS
1778491200000,0,0.0,0,0.0,0,0.0,SOLUSDT;XRPUSDT,DOGEUSDT;LINKUSDT;XRPUSDT,INS
1778512800000,0,0.0,1,0.2165228486235334,2,0.5228162864278759,SOLUSDT,DOGEUSDT;XRPUSDT;SOLUSDT,INS
1778534400000,0,0.0,0,0.0,0,0.0,XRPUSDT;LINKUSDT,XRPUSDT;LINKUSDT;SOLUSDT,INS
1778556000000,1,0.13352631578947452,1,0.13352631578947452,1,0.13352631578947452,DOGEUSDT;SOLUSDT;XRPUSDT,DOGEUSDT;XRPUSDT;SOLUSDT,INS
1778577600000,0,0.0,0,0.0,0,0.0,LINKUSDT,XRPUSDT;DOGEUSDT;LINKUSDT,INS
1778599200000,0,0.0,0,0.0,0,0.0,DOGEUSDT;SOLUSDT,LINKUSDT;SOLUSDT;DOGEUSDT,INS
1778620800000,0,0.0,0,0.0,0,0.0,DOGEUSDT,DOGEUSDT;LINKUSDT;SOLUSDT,INS
1778642400000,0,0.0,0,0.0,0,0.0,DOGEUSDT,DOGEUSDT,INS
1778664000000,0,0.0,0,0.0,0,0.0,,LINKUSDT;DOGEUSDT,INS
1778685600000,3,1.7497486770981465,3,1.7497486770981465,4,1.8922629731178793,DOGEUSDT;LINKUSDT;XRPUSDT,SOLUSDT;LINKUSDT;XRPUSDT,INS
1778707200000,0,0.0,0,0.0,0,0.0,SOLUSDT;LINKUSDT;DOGEUSDT,LINKUSDT;DOGEUSDT;SOLUSDT,INS
1778728800000,1,0.9588109839816968,1,0.9588109839816968,3,1.2748455467156112,DOGEUSDT,DOGEUSDT,INS
1778750400000,0,0.0,1,-1.0669009287925693,4,-0.35055728878454673,,LINKUSDT;DOGEUSDT,INS
1778772000000,2,0.5625426985409099,1,0.7214170091198725,2,0.5625426985409099,DOGEUSDT;ETHUSDT,DOGEUSDT;LINKUSDT;SOLUSDT,INS
1778793600000,2,-0.9069146059378999,3,-0.24177683976675074,3,-0.24177683976675074,XRPUSDT;DOGEUSDT;LINKUSDT,DOGEUSDT;SOLUSDT;ETHUSDT,INS
1778815200000,0,0.0,0,0.0,0,0.0,DOGEUSDT;LINKUSDT;XRPUSDT,DOGEUSDT;XRPUSDT;SOLUSDT,INS
1778836800000,0,0.0,0,0.0,0,0.0,SOLUSDT;LINKUSDT,LINKUSDT;DOGEUSDT;XRPUSDT,INS
1778858400000,0,0.0,1,-0.40436067822341654,1,-0.40436067822341654,,DOGEUSDT;LINKUSDT;XRPUSDT,INS
1778880000000,1,0.12674850640112412,2,-0.961754280666869,2,-0.961754280666869,LINKUSDT;SOLUSDT,DOGEUSDT;SOLUSDT;LINKUSDT,INS
1778901600000,0,0.0,0,0.0,1,-1.1110789473684193,DOGEUSDT,DOGEUSDT,INS
1778923200000,0,0.0,0,0.0,0,0.0,XRPUSDT,DOGEUSDT;SOLUSDT;LINKUSDT,INS
1778944800000,0,0.0,0,0.0,0,0.0,LINKUSDT,DOGEUSDT;LINKUSDT,INS
1778966400000,0,0.0,0,0.0,2,-0.5136269856459236,,,INS
1778988000000,0,0.0,0,0.0,3,-3.271117952656779,,,INS
1779009600000,0,0.0,0,0.0,3,0.6034692282489418,,,INS
1779031200000,0,0.0,1,-1.0885251716247184,1,-1.0885251716247184,LINKUSDT,DOGEUSDT;LINKUSDT,INS
1779052800000,0,0.0,0,0.0,0,0.0,LINKUSDT,LINKUSDT,INS
1779074400000,0,0.0,0,0.0,0,0.0,LINKUSDT;SOLUSDT;XRPUSDT,DOGEUSDT;XRPUSDT;SOLUSDT,INS
1779096000000,0,0.0,0,0.0,0,0.0,SOLUSDT,DOGEUSDT;XRPUSDT;LINKUSDT,INS
1779117600000,0,0.0,1,0.9529927901946716,1,0.9529927901946716,,LINKUSDT;ETHUSDT;XRPUSDT,INS
1779139200000,2,-0.37797551456898204,2,-0.37797551456898204,2,-0.37797551456898204,DOGEUSDT;LINKUSDT;XRPUSDT,LINKUSDT;DOGEUSDT;XRPUSDT,INS
1779160800000,0,0.0,0,0.0,0,0.0,ETHUSDT;LINKUSDT,DOGEUSDT;LINKUSDT;XRPUSDT,INS
1779182400000,0,0.0,0,0.0,0,0.0,DOGEUSDT;LINKUSDT,XRPUSDT;DOGEUSDT;LINKUSDT,INS
1779204000000,0,0.0,1,0.5430282105263091,2,1.4760220879493056,ETHUSDT;SOLUSDT;BTCUSDT,LINKUSDT;DOGEUSDT;BTCUSDT,INS
1779225600000,0,0.0,0,0.0,0,0.0,LINKUSDT,LINKUSDT,INS
1779247200000,1,-1.073529085872581,1,-1.073529085872581,1,-1.073529085872581,DOGEUSDT;LINKUSDT,LINKUSDT;XRPUSDT;DOGEUSDT,INS
1779268800000,0,0.0,0,0.0,1,0.842573930152464,,,INS
1779290400000,0,0.0,0,0.0,1,0.6604996387334477,DOGEUSDT,LINKUSDT;DOGEUSDT,INS
1779312000000,0,0.0,0,0.0,0,0.0,SOLUSDT;DOGEUSDT;XRPUSDT,LINKUSDT;XRPUSDT;SOLUSDT,INS
1779333600000,0,0.0,0,0.0,0,0.0,,LINKUSDT,INS
1779355200000,0,0.0,0,0.0,1,-1.1196474618498926,LINKUSDT;DOGEUSDT,LINKUSDT;DOGEUSDT,INS
1779376800000,0,0.0,0,0.0,0,0.0,LINKUSDT;ETHUSDT,LINKUSDT;SOLUSDT;ETHUSDT,INS
1779398400000,1,-1.1082251618350771,0,0.0,1,-1.1082251618350771,XRPUSDT,LINKUSDT;DOGEUSDT;SOLUSDT,INS
1779420000000,0,0.0,0,0.0,2,-2.257313004106932,,LINKUSDT,INS
1779441600000,0,0.0,0,0.0,1,0.6174035825701862,LINKUSDT,LINKUSDT,INS
1779463200000,0,0.0,0,0.0,0,0.0,SOLUSDT;LINKUSDT,LINKUSDT;SOLUSDT;DOGEUSDT,INS
1779484800000,0,0.0,0,0.0,0,0.0,DOGEUSDT;LINKUSDT,LINKUSDT;SOLUSDT;DOGEUSDT,INS
1779506400000,0,0.0,0,0.0,0,0.0,SOLUSDT;DOGEUSDT,DOGEUSDT;SOLUSDT;LINKUSDT,INS
1779528000000,0,0.0,0,0.0,0,0.0,,LINKUSDT;DOGEUSDT,INS
1779549600000,0,0.0,0,0.0,0,0.0,,,INS
1779571200000,0,0.0,0,0.0,0,0.0,SOLUSDT,SOLUSDT;LINKUSDT;DOGEUSDT,INS
1779592800000,1,0.4513075431493735,1,0.4513075431493735,1,0.4513075431493735,LINKUSDT,LINKUSDT,INS
1779614400000,0,0.0,0,0.0,2,-0.988302474062269,,,INS
1779636000000,0,0.0,1,-1.1038764680295887,4,-2.7741035082382606,,SOLUSDT,INS
1779657600000,0,0.0,0,0.0,0,0.0,,,INS
1779679200000,1,0.37557624831309966,1,0.37557624831309966,5,0.45814098384427976,DOGEUSDT,LINKUSDT;DOGEUSDT,INS
1779700800000,0,0.0,0,0.0,0,0.0,,,INS
1779722400000,0,0.0,0,0.0,0,0.0,,,INS
1779744000000,0,0.0,0,0.0,0,0.0,,,INS
1779765600000,0,0.0,0,0.0,0,0.0,DOGEUSDT;LINKUSDT,LINKUSDT;DOGEUSDT,INS
1779787200000,0,0.0,0,0.0,0,0.0,LINKUSDT,LINKUSDT,INS
1779808800000,0,0.0,0,0.0,0,0.0,DOGEUSDT;LINKUSDT;BTCUSDT,LINKUSDT;ETHUSDT;SOLUSDT,INS
1779830400000,1,0.9464657801371049,3,1.172301110904236,4,1.9984000876402166,LINKUSDT,LINKUSDT;DOGEUSDT;SOLUSDT,INS
1779852000000,0,0.0,0,0.0,1,0.579950559773521,,,INS
1779873600000,1,-1.0826484443152102,1,-1.0826484443152102,5,1.620481054436758,LINKUSDT;DOGEUSDT,LINKUSDT;DOGEUSDT,INS
1779895200000,1,0.6962276603918511,2,1.7278747747294159,2,1.7278747747294159,LINKUSDT;ETHUSDT;DOGEUSDT,DOGEUSDT;LINKUSDT;SOLUSDT,INS
1779916800000,0,0.0,0,0.0,1,-1.079285795132994,ETHUSDT;LINKUSDT;SOLUSDT,SOLUSDT;ETHUSDT;LINKUSDT,INS
1779938400000,0,0.0,0,0.0,0,0.0,,DOGEUSDT;LINKUSDT;SOLUSDT,INS
1779960000000,1,-1.0944795321637604,1,-1.0944795321637604,1,-1.0944795321637604,LINKUSDT;SOLUSDT;DOGEUSDT,LINKUSDT;DOGEUSDT;SOLUSDT,INS
1779981600000,0,0.0,0,0.0,0,0.0,DOGEUSDT;ETHUSDT;SOLUSDT,XRPUSDT;LINKUSDT;DOGEUSDT,INS
1780003200000,1,0.6484783384079997,3,1.5874305801591355,4,2.235908918567135,DOGEUSDT,ETHUSDT;LINKUSDT;SOLUSDT,INS
1780024800000,0,0.0,0,0.0,1,0.13494672395272564,,DOGEUSDT,INS
1780046400000,0,0.0,0,0.0,0,0.0,,,INS
1780068000000,0,0.0,1,0.15962858108869207,2,0.22052115243530646,LINKUSDT;SOLUSDT;DOGEUSDT,DOGEUSDT;XRPUSDT;LINKUSDT,INS
1780089600000,3,0.67872004878138,1,0.9333241418764262,4,0.7561739601491585,LINKUSDT;SOLUSDT;ETHUSDT,LINKUSDT;XRPUSDT;DOGEUSDT,INS
1780111200000,0,0.0,2,-0.24897258853150808,4,-0.0319531881646444,,XRPUSDT;LINKUSDT;DOGEUSDT,INS
1780132800000,0,0.0,0,0.0,2,-1.0169822711563428,,,INS
1780154400000,0,0.0,0,0.0,3,-0.431078443986205,,,INS
1780176000000,0,0.0,0,0.0,0,0.0,,,INS
1780197600000,0,0.0,2,-0.23558714097830735,2,-0.23558714097830735,,LINKUSDT,INS
1780219200000,0,0.0,0,0.0,0,0.0,,,INS
1780240800000,0,0.0,0,0.0,0,0.0,,LINKUSDT,INS
1780262400000,0,0.0,0,0.0,3,0.9819914072289422,,,INS
1780284000000,0,0.0,0,0.0,0,0.0,XRPUSDT;ETHUSDT;SOLUSDT,LINKUSDT;SOLUSDT;XRPUSDT,INS
1780305600000,0,0.0,0,0.0,0,0.0,DOGEUSDT;ETHUSDT;LINKUSDT,LINKUSDT;DOGEUSDT;ETHUSDT,INS
1780327200000,0,0.0,1,-1.0812648660190143,1,-1.0812648660190143,ETHUSDT,DOGEUSDT;BTCUSDT;LINKUSDT,INS
1780348800000,1,-1.0653315405301573,2,-0.15386986820417314,2,-0.15386986820417314,XRPUSDT;SOLUSDT;LINKUSDT,DOGEUSDT;SOLUSDT;LINKUSDT,INS
1780370400000,1,-1.0565696990078948,1,-1.0565696990078948,1,-1.0565696990078948,LINKUSDT;DOGEUSDT;SOLUSDT,DOGEUSDT;LINKUSDT;SOLUSDT,INS
1780392000000,0,0.0,0,0.0,0,0.0,,SOLUSDT;ETHUSDT;DOGEUSDT,INS
1780413600000,0,0.0,0,0.0,0,0.0,,ETHUSDT;LINKUSDT;BTCUSDT,INS
1780435200000,0,0.0,0,0.0,0,0.0,BTCUSDT;LINKUSDT;XRPUSDT,XRPUSDT;BTCUSDT;DOGEUSDT,INS
1780456800000,0,0.0,0,0.0,1,0.36239900451489176,SOLUSDT;DOGEUSDT;LINKUSDT,XRPUSDT;SOLUSDT;DOGEUSDT,INS
1780478400000,1,0.15733680484396473,2,0.3092174823999264,2,0.3092174823999264,BTCUSDT;DOGEUSDT;LINKUSDT,LINKUSDT;DOGEUSDT;SOLUSDT,INS
1780500000000,0,0.0,0,0.0,0,0.0,,XRPUSDT;SOLUSDT;BTCUSDT,INS
1780521600000,0,0.0,0,0.0,0,0.0,DOGEUSDT;LINKUSDT;BTCUSDT,LINKUSDT;XRPUSDT;DOGEUSDT,INS
1780543200000,0,0.0,0,0.0,0,0.0,LINKUSDT;ETHUSDT;BTCUSDT,DOGEUSDT;ETHUSDT;XRPUSDT,INS
1780564800000,0,0.0,0,0.0,0,0.0,,SOLUSDT;LINKUSDT;XRPUSDT,INS
1780586400000,0,0.0,0,0.0,0,0.0,XRPUSDT;LINKUSDT;SOLUSDT,SOLUSDT;XRPUSDT;LINKUSDT,INS
1780608000000,0,0.0,0,0.0,0,0.0,XRPUSDT;LINKUSDT;BTCUSDT,DOGEUSDT;LINKUSDT;SOLUSDT,INS
1780629600000,0,0.0,0,0.0,0,0.0,,BTCUSDT;LINKUSDT;XRPUSDT,INS
1780651200000,0,0.0,0,0.0,0,0.0,SOLUSDT;LINKUSDT;DOGEUSDT,BTCUSDT;ETHUSDT;LINKUSDT,INS
1780672800000,0,0.0,0,0.0,0,0.0,,SOLUSDT;DOGEUSDT;ETHUSDT,INS
1780694400000,0,0.0,0,0.0,0,0.0,SOLUSDT;XRPUSDT;DOGEUSDT,LINKUSDT;BTCUSDT;DOGEUSDT,INS
1780716000000,0,0.0,0,0.0,0,0.0,,SOLUSDT;LINKUSDT;DOGEUSDT,INS
1780737600000,0,0.0,0,0.0,0,0.0,XRPUSDT;SOLUSDT;BTCUSDT,XRPUSDT;LINKUSDT;SOLUSDT,INS
1780759200000,0,0.0,0,0.0,0,0.0,LINKUSDT;DOGEUSDT;XRPUSDT,SOLUSDT;DOGEUSDT;LINKUSDT,INS
1780780800000,0,0.0,0,0.0,0,0.0,LINKUSDT;ETHUSDT;SOLUSDT,SOLUSDT;LINKUSDT;DOGEUSDT,INS
1780802400000,0,0.0,0,0.0,0,0.0,LINKUSDT;SOLUSDT;ETHUSDT,SOLUSDT;LINKUSDT;XRPUSDT,INS
1780824000000,0,0.0,0,0.0,0,0.0,SOLUSDT;LINKUSDT;BTCUSDT,SOLUSDT;LINKUSDT;XRPUSDT,INS
1780845600000,0,0.0,0,0.0,0,0.0,XRPUSDT,ETHUSDT;DOGEUSDT;XRPUSDT,INS
1780867200000,0,0.0,0,0.0,0,0.0,SOLUSDT;BTCUSDT;XRPUSDT,SOLUSDT;LINKUSDT;ETHUSDT,INS
1780888800000,0,0.0,0,0.0,0,0.0,XRPUSDT;BTCUSDT;ETHUSDT,LINKUSDT;XRPUSDT;BTCUSDT,INS
1780910400000,0,0.0,0,0.0,0,0.0,ETHUSDT;XRPUSDT,SOLUSDT;ETHUSDT;BTCUSDT,INS
1780932000000,0,0.0,0,0.0,0,0.0,SOLUSDT,ETHUSDT;XRPUSDT;SOLUSDT,INS
1780953600000,0,0.0,0,0.0,0,0.0,BTCUSDT,XRPUSDT;ETHUSDT;DOGEUSDT,INS
1780975200000,0,0.0,0,0.0,0,0.0,DOGEUSDT;LINKUSDT;XRPUSDT,LINKUSDT;XRPUSDT;DOGEUSDT,INS
1780996800000,0,0.0,2,-0.912238163234186,2,-0.912238163234186,XRPUSDT;ETHUSDT,XRPUSDT;DOGEUSDT;LINKUSDT,INS
1781018400000,1,-0.28842423280688034,1,-0.28842423280688034,1,-0.28842423280688034,LINKUSDT;DOGEUSDT;XRPUSDT,LINKUSDT;SOLUSDT;XRPUSDT,INS
1781040000000,0,0.0,0,0.0,0,0.0,ETHUSDT;SOLUSDT;DOGEUSDT,XRPUSDT;SOLUSDT;DOGEUSDT,INS
1781061600000,0,0.0,0,0.0,0,0.0,DOGEUSDT,LINKUSDT;SOLUSDT;ETHUSDT,INS
1781083200000,0,0.0,0,0.0,0,0.0,DOGEUSDT,DOGEUSDT;SOLUSDT;LINKUSDT,INS
1781104800000,0,0.0,0,0.0,0,0.0,DOGEUSDT;ETHUSDT;LINKUSDT,LINKUSDT;SOLUSDT;DOGEUSDT,INS
1781126400000,1,0.15910540057715838,1,0.15910540057715838,1,0.15910540057715838,BTCUSDT;ETHUSDT;XRPUSDT,ETHUSDT;XRPUSDT;LINKUSDT,INS
1781148000000,1,0.21205659451717643,1,0.21205659451717643,1,0.21205659451717643,BTCUSDT;ETHUSDT;LINKUSDT,XRPUSDT;SOLUSDT;LINKUSDT,INS
1781169600000,0,0.0,0,0.0,0,0.0,SOLUSDT;LINKUSDT,LINKUSDT;DOGEUSDT;SOLUSDT,INS
1781191200000,0,0.0,0,0.0,0,0.0,DOGEUSDT,SOLUSDT;XRPUSDT;LINKUSDT,INS
1781212800000,2,0.2563028325285324,2,0.2563028325285324,3,1.0031838960119817,BTCUSDT;ETHUSDT;XRPUSDT,LINKUSDT;XRPUSDT;BTCUSDT,INS
1781234400000,2,-0.9315533414555053,2,-0.9315533414555053,2,-0.9315533414555053,ETHUSDT;LINKUSDT;XRPUSDT,LINKUSDT;SOLUSDT;XRPUSDT,INS
1781256000000,0,0.0,0,0.0,0,0.0,XRPUSDT;DOGEUSDT;SOLUSDT,DOGEUSDT;LINKUSDT;SOLUSDT,INS
1781277600000,0,0.0,0,0.0,0,0.0,XRPUSDT,SOLUSDT;LINKUSDT;XRPUSDT,INS
1781299200000,0,0.0,0,0.0,0,0.0,LINKUSDT;SOLUSDT;DOGEUSDT,LINKUSDT;XRPUSDT;SOLUSDT,INS
1781320800000,0,0.0,0,0.0,1,-1.149276315789487,DOGEUSDT,DOGEUSDT,INS
1781342400000,0,0.0,0,0.0,0,0.0,,,INS
1781364000000,0,0.0,0,0.0,0,0.0,,SOLUSDT,INS
1781385600000,0,0.0,0,0.0,1,-1.1298796992481288,,SOLUSDT,INS
1781407200000,0,0.0,0,0.0,1,0.12568166793795327,,,INS
1781428800000,0,0.0,0,0.0,0,0.0,,,INS
1781450400000,0,0.0,0,0.0,1,-1.1039023857220711,,,INS
1781472000000,0,0.0,0,0.0,0,0.0,,SOLUSDT,INS
1781493600000,0,0.0,0,0.0,0,0.0,ETHUSDT,ETHUSDT;LINKUSDT;BTCUSDT,INS
1781515200000,0,0.0,0,0.0,0,0.0,SOLUSDT,SOLUSDT;LINKUSDT,INS
1781536800000,0,0.0,0,0.0,0,0.0,,DOGEUSDT;XRPUSDT;SOLUSDT,INS
1781558400000,0,0.0,1,-1.078815050585437,1,-1.078815050585437,SOLUSDT;DOGEUSDT;ETHUSDT,DOGEUSDT;LINKUSDT;XRPUSDT,INS
1781580000000,0,0.0,0,0.0,0,0.0,LINKUSDT;SOLUSDT;XRPUSDT,LINKUSDT;SOLUSDT;DOGEUSDT,INS
1781601600000,0,0.0,1,-1.0674729044834301,1,-1.0674729044834301,LINKUSDT,LINKUSDT;SOLUSDT;XRPUSDT,INS
1781623200000,0,0.0,0,0.0,1,0.05560262835570122,SOLUSDT;LINKUSDT;XRPUSDT,ETHUSDT;LINKUSDT;SOLUSDT,INS
1781644800000,1,0.13361754385963676,2,1.5621278935095582,3,1.6957454373691951,SOLUSDT;DOGEUSDT,XRPUSDT;SOLUSDT;LINKUSDT,INS
1781666400000,0,0.0,1,0.6587667641325484,1,0.6587667641325484,SOLUSDT;LINKUSDT,XRPUSDT;SOLUSDT;LINKUSDT,INS
1781688000000,0,0.0,0,0.0,0,0.0,LINKUSDT;SOLUSDT,LINKUSDT;XRPUSDT;ETHUSDT,INS
1781709600000,0,0.0,1,-0.060004045047113784,1,-0.060004045047113784,XRPUSDT;DOGEUSDT,SOLUSDT;LINKUSDT;XRPUSDT,INS
1781731200000,1,0.8948591893171285,1,-1.1009063954325329,4,1.6668972268958577,BTCUSDT,DOGEUSDT;ETHUSDT;SOLUSDT,INS
1781752800000,0,0.0,0,0.0,0,0.0,ETHUSDT;LINKUSDT;XRPUSDT,LINKUSDT;XRPUSDT;ETHUSDT,INS
1781774400000,0,0.0,0,0.0,1,0.6081605818382501,XRPUSDT;LINKUSDT,XRPUSDT;LINKUSDT,INS
1781796000000,0,0.0,0,0.0,0,0.0,,LINKUSDT;SOLUSDT;ETHUSDT,INS
1781817600000,1,0.4628225395345964,1,0.4628225395345964,3,0.7469830719240687,XRPUSDT;BTCUSDT;ETHUSDT,XRPUSDT;BTCUSDT;ETHUSDT,INS
1781839200000,0,0.0,0,0.0,2,1.055750083639289,SOLUSDT,LINKUSDT;SOLUSDT;XRPUSDT,INS
1781860800000,0,0.0,1,-1.0807818849449147,3,-2.054089085681634,,DOGEUSDT;XRPUSDT;LINKUSDT,INS
1781882400000,1,0.13508305778855254,1,0.8733526689063007,2,1.0084357266948532,XRPUSDT;LINKUSDT;DOGEUSDT,XRPUSDT;LINKUSDT;SOLUSDT,INS
1781904000000,1,0.6678275148302414,1,0.6678275148302414,2,-0.4632533964030824,XRPUSDT;SOLUSDT;LINKUSDT,SOLUSDT;LINKUSDT;XRPUSDT,INS
1781925600000,0,0.0,0,0.0,2,-0.9720583448603554,,,INS
1781947200000,0,0.0,0,0.0,0,0.0,,LINKUSDT;SOLUSDT,INS
1781968800000,1,-1.0518173374613013,1,-1.0518173374613013,4,0.43949390935274646,SOLUSDT,SOLUSDT,INS
1781990400000,0,0.0,0,0.0,1,0.12252941176468192,SOLUSDT,SOLUSDT,INS
1782012000000,0,0.0,0,0.0,1,0.845878385687534,,,INS
1782033600000,0,0.0,1,-1.0665870196964804,2,-0.2245679585300644,,SOLUSDT,INS
1782055200000,0,0.0,0,0.0,3,2.4372175135925804,,SOLUSDT,INS
1782076800000,0,0.0,0,0.0,0,0.0,SOLUSDT,SOLUSDT,INS
1782098400000,1,0.15183447882177759,1,0.15183447882177759,1,0.15183447882177759,DOGEUSDT;ETHUSDT;LINKUSDT,XRPUSDT;SOLUSDT;LINKUSDT,INS
1782120000000,0,0.0,0,0.0,0,0.0,SOLUSDT,SOLUSDT;LINKUSDT,INS
1782141600000,1,0.9217881578947322,1,0.9217881578947322,2,1.5888677452707056,DOGEUSDT;LINKUSDT;XRPUSDT,SOLUSDT;LINKUSDT;XRPUSDT,INS
1782163200000,1,0.1519138401559392,1,0.1519138401559392,1,0.1519138401559392,LINKUSDT;DOGEUSDT,LINKUSDT;SOLUSDT;ETHUSDT,INS
1782184800000,0,0.0,0,0.0,0,0.0,XRPUSDT;ETHUSDT,ETHUSDT;SOLUSDT;LINKUSDT,INS
1782206400000,0,0.0,0,0.0,0,0.0,ETHUSDT,SOLUSDT;LINKUSDT;ETHUSDT,INS
1782228000000,0,0.0,0,0.0,0,0.0,LINKUSDT,LINKUSDT;SOLUSDT;XRPUSDT,INS
1782249600000,0,0.0,1,-1.099742620646579,1,-1.099742620646579,DOGEUSDT;XRPUSDT,XRPUSDT;LINKUSDT;SOLUSDT,INS
1782271200000,0,0.0,1,0.6753824961035766,2,1.381363568951066,DOGEUSDT,LINKUSDT;SOLUSDT;DOGEUSDT,INS
1782292800000,0,0.0,0,0.0,0,0.0,,SOLUSDT,INS
1782314400000,0,0.0,0,0.0,0,0.0,SOLUSDT;BTCUSDT,SOLUSDT;ETHUSDT;LINKUSDT,INS
1782336000000,2,-0.9415665998099929,1,0.15463476950131708,2,-0.9415665998099929,XRPUSDT;ETHUSDT;SOLUSDT,SOLUSDT;LINKUSDT;XRPUSDT,INS
1782357600000,0,0.0,0,0.0,0,0.0,DOGEUSDT;ETHUSDT,SOLUSDT;LINKUSDT;ETHUSDT,INS
1782379200000,0,0.0,0,0.0,0,0.0,,SOLUSDT,INS
1782400800000,0,0.0,2,-0.6556235926475102,3,-1.2420860831362623,,SOLUSDT;ETHUSDT;LINKUSDT,INS
1782422400000,1,-1.0763185529456032,0,0.0,1,-1.0763185529456032,LINKUSDT;SOLUSDT;DOGEUSDT,DOGEUSDT;SOLUSDT;ETHUSDT,INS
1782444000000,0,0.0,0,0.0,0,0.0,SOLUSDT,SOLUSDT;DOGEUSDT;ETHUSDT,INS
1782465600000,0,0.0,0,0.0,0,0.0,ETHUSDT;XRPUSDT;LINKUSDT,ETHUSDT;LINKUSDT;BTCUSDT,INS
1782487200000,0,0.0,3,1.5624316797786963,3,1.5624316797786963,DOGEUSDT;XRPUSDT;ETHUSDT,LINKUSDT;ETHUSDT;BTCUSDT,INS
1782508800000,1,-0.32072063194956374,1,-0.32072063194956374,1,-0.32072063194956374,LINKUSDT;SOLUSDT,SOLUSDT;XRPUSDT;LINKUSDT,INS
1782530400000,1,-0.10761010209275579,1,-0.10761010209275579,1,-0.10761010209275579,SOLUSDT,XRPUSDT;SOLUSDT,INS
1782552000000,0,0.0,0,0.0,1,-1.1493017865765218,SOLUSDT,SOLUSDT,INS
1782573600000,0,0.0,0,0.0,0,0.0,,SOLUSDT,INS
1782595200000,0,0.0,0,0.0,3,0.532960923089933,,,INS
1782616800000,0,0.0,0,0.0,0,0.0,,SOLUSDT,INS
1782638400000,0,0.0,0,0.0,0,0.0,XRPUSDT;SOLUSDT,LINKUSDT;XRPUSDT;SOLUSDT,INS
1782660000000,0,0.0,1,-1.0547394094993654,1,-1.0547394094993654,DOGEUSDT,SOLUSDT;LINKUSDT;XRPUSDT,INS
1782681600000,0,0.0,0,0.0,0,0.0,DOGEUSDT;SOLUSDT,SOLUSDT;LINKUSDT;XRPUSDT,INS
1782703200000,0,0.0,0,0.0,0,0.0,DOGEUSDT;XRPUSDT;SOLUSDT,SOLUSDT;LINKUSDT;ETHUSDT,INS
1782724800000,0,0.0,0,0.0,0,0.0,DOGEUSDT;ETHUSDT;LINKUSDT,SOLUSDT;LINKUSDT;ETHUSDT,INS
1782746400000,0,0.0,0,0.0,0,0.0,SOLUSDT;ETHUSDT;LINKUSDT,DOGEUSDT;ETHUSDT;BTCUSDT,INS
1782768000000,0,0.0,0,0.0,1,1.4382202200616048,XRPUSDT;ETHUSDT;LINKUSDT,XRPUSDT;LINKUSDT;ETHUSDT,INS
1782789600000,0,0.0,0,0.0,2,-0.29680938722978445,SOLUSDT,SOLUSDT,INS
1782811200000,0,0.0,0,0.0,0,0.0,,,INS
1782832800000,0,0.0,0,0.0,0,0.0,XRPUSDT,SOLUSDT;ETHUSDT;DOGEUSDT,INS
1782854400000,1,-1.0722359745517727,1,-1.0722359745517727,2,-0.9381409532146621,SOLUSDT;XRPUSDT;DOGEUSDT,SOLUSDT;ETHUSDT;XRPUSDT,INS
1782876000000,0,0.0,0,0.0,0,0.0,DOGEUSDT;ETHUSDT,ETHUSDT;DOGEUSDT;XRPUSDT,OOS
1782897600000,0,0.0,1,-1.0975347903657333,1,-1.0975347903657333,ETHUSDT;SOLUSDT,LINKUSDT;XRPUSDT;ETHUSDT,OOS
1782919200000,1,0.21770700528999115,1,0.21770700528999115,1,0.21770700528999115,XRPUSDT;DOGEUSDT;BTCUSDT,LINKUSDT;BTCUSDT;XRPUSDT,OOS
1782940800000,0,0.0,1,-1.0689628482972102,1,-1.0689628482972102,,XRPUSDT;ETHUSDT;LINKUSDT,OOS
1782962400000,0,0.0,1,-1.1155665330402296,3,-1.2771865116174586,LINKUSDT;DOGEUSDT;ETHUSDT,XRPUSDT;LINKUSDT;DOGEUSDT,OOS
1782984000000,0,0.0,0,0.0,0,0.0,DOGEUSDT,SOLUSDT;DOGEUSDT,OOS
1783005600000,0,0.0,0,0.0,0,0.0,BTCUSDT;LINKUSDT;DOGEUSDT,DOGEUSDT;XRPUSDT;SOLUSDT,OOS
1783027200000,0,0.0,0,0.0,0,0.0,LINKUSDT;BTCUSDT;DOGEUSDT,DOGEUSDT;SOLUSDT;ETHUSDT,OOS
1783048800000,0,0.0,0,0.0,0,0.0,LINKUSDT;DOGEUSDT;XRPUSDT,LINKUSDT;XRPUSDT;DOGEUSDT,OOS
1783070400000,0,0.0,0,0.0,0,0.0,SOLUSDT;DOGEUSDT,LINKUSDT;XRPUSDT;DOGEUSDT,OOS
1783092000000,0,0.0,0,0.0,0,0.0,ETHUSDT,SOLUSDT;DOGEUSDT;LINKUSDT,OOS
1783113600000,0,0.0,0,0.0,0,0.0,,XRPUSDT;SOLUSDT;DOGEUSDT,OOS
1783135200000,0,0.0,0,0.0,0,0.0,DOGEUSDT,DOGEUSDT;XRPUSDT,OOS
1783156800000,0,0.0,0,0.0,1,0.8720165413533852,XRPUSDT;DOGEUSDT;SOLUSDT,XRPUSDT;DOGEUSDT;SOLUSDT,OOS
1783178400000,0,0.0,0,0.0,0,0.0,,DOGEUSDT;XRPUSDT,OOS
1783200000000,0,0.0,0,0.0,0,0.0,ETHUSDT;SOLUSDT;XRPUSDT,SOLUSDT;DOGEUSDT;LINKUSDT,OOS
1783221600000,0,0.0,0,0.0,0,0.0,XRPUSDT;SOLUSDT;LINKUSDT,LINKUSDT;DOGEUSDT;XRPUSDT,OOS
1783243200000,0,0.0,0,0.0,0,0.0,,,OOS
1783264800000,0,0.0,0,0.0,1,0.6115055646275434,,,OOS
1783286400000,0,0.0,0,0.0,0,0.0,,DOGEUSDT,OOS
1783308000000,1,-1.0547220210526302,1,-1.0547220210526302,1,-1.0547220210526302,DOGEUSDT;BTCUSDT;ETHUSDT,DOGEUSDT;SOLUSDT;LINKUSDT,OOS
1783329600000,1,0.6331733971291915,1,0.6331733971291915,1,0.6331733971291915,DOGEUSDT,DOGEUSDT;SOLUSDT,OOS
1783351200000,1,0.17194478427348536,1,1.0305530965698504,3,2.0786490327435154,DOGEUSDT;LINKUSDT;SOLUSDT,DOGEUSDT;XRPUSDT;ETHUSDT,OOS
1783372800000,1,-1.0684861244019204,2,-2.1670075155992183,2,-2.1670075155992183,DOGEUSDT;SOLUSDT;LINKUSDT,XRPUSDT;SOLUSDT;DOGEUSDT,OOS
1783394400000,0,0.0,1,0.8851814929480631,2,-0.24046256599867288,,XRPUSDT;SOLUSDT;ETHUSDT,OOS
1783416000000,0,0.0,0,0.0,0,0.0,DOGEUSDT;ETHUSDT,SOLUSDT;ETHUSDT;DOGEUSDT,OOS
1783437600000,0,0.0,0,0.0,0,0.0,DOGEUSDT;XRPUSDT,BTCUSDT;LINKUSDT;SOLUSDT,OOS
1783459200000,0,0.0,0,0.0,0,0.0,ETHUSDT;SOLUSDT,SOLUSDT;ETHUSDT;DOGEUSDT,OOS
1783480800000,0,0.0,0,0.0,0,0.0,XRPUSDT;ETHUSDT;BTCUSDT,ETHUSDT;XRPUSDT;SOLUSDT,OOS
1783502400000,0,0.0,0,0.0,0,0.0,,LINKUSDT;SOLUSDT;DOGEUSDT,OOS
1783524000000,0,0.0,0,0.0,0,0.0,,SOLUSDT;ETHUSDT;BTCUSDT,OOS
1783545600000,1,0.8934395943988411,1,0.9497609756097555,2,1.8432005700085967,XRPUSDT;ETHUSDT;LINKUSDT,XRPUSDT;SOLUSDT;ETHUSDT,OOS
1783567200000,0,0.0,0,0.0,2,-0.5767494909759007,,SOLUSDT,OOS
1783588800000,0,0.0,0,0.0,2,0.2952098397388836,DOGEUSDT;SOLUSDT;XRPUSDT,SOLUSDT;DOGEUSDT;XRPUSDT,OOS
1783610400000,0,0.0,0,0.0,1,-0.1790144054232077,LINKUSDT;ETHUSDT;DOGEUSDT,LINKUSDT;SOLUSDT;ETHUSDT,OOS
1783632000000,0,0.0,0,0.0,0,0.0,,,OOS
1783653600000,0,0.0,0,0.0,0,0.0,,LINKUSDT;SOLUSDT,OOS
1783675200000,0,0.0,0,0.0,0,0.0,,,OOS
1783696800000,0,0.0,1,0.1423563352826508,1,0.1423563352826508,DOGEUSDT;ETHUSDT;SOLUSDT,DOGEUSDT;LINKUSDT;SOLUSDT,OOS
1783718400000,0,0.0,0,0.0,1,0.1276748623383141,LINKUSDT;DOGEUSDT,LINKUSDT;DOGEUSDT,OOS
1783740000000,0,0.0,0,0.0,3,-0.017575800991550178,,,OOS
1783761600000,0,0.0,0,0.0,0,0.0,,,OOS
1783783200000,0,0.0,0,0.0,1,0.42123897513566544,,,OOS
1783804800000,0,0.0,0,0.0,0,0.0,,,OOS
1783826400000,0,0.0,0,0.0,0,0.0,SOLUSDT;ETHUSDT;LINKUSDT,SOLUSDT;DOGEUSDT;LINKUSDT,OOS
1783848000000,0,0.0,0,0.0,1,-1.1320070436313983,,,OOS
1783869600000,0,0.0,0,0.0,2,1.7542462915935326,,,OOS
1783891200000,0,0.0,0,0.0,1,-0.3208717788536628,,,OOS
1783912800000,1,0.45187620459600253,1,0.45187620459600253,1,0.45187620459600253,LINKUSDT;BTCUSDT,LINKUSDT;DOGEUSDT;SOLUSDT,OOS
1783934400000,0,0.0,1,-1.10401936592224,1,-1.10401936592224,SOLUSDT,SOLUSDT;LINKUSDT,OOS
1783956000000,0,0.0,0,0.0,2,-0.4228229362698013,SOLUSDT;DOGEUSDT;LINKUSDT,LINKUSDT;SOLUSDT;DOGEUSDT,OOS
1783977600000,2,-0.44906164613663324,2,-0.11969429530529274,3,0.5372955703162072,DOGEUSDT;LINKUSDT,LINKUSDT;XRPUSDT;ETHUSDT,OOS
1783999200000,1,0.13372930474333464,4,1.1257746565647169,4,1.1257746565647169,LINKUSDT,DOGEUSDT;LINKUSDT;SOLUSDT,OOS
1784020800000,0,0.0,0,0.0,0,0.0,LINKUSDT,LINKUSDT,OOS
1784042400000,0,0.0,0,0.0,0,0.0,SOLUSDT,SOLUSDT;XRPUSDT;DOGEUSDT,OOS
1784064000000,0,0.0,0,0.0,0,0.0,,,OOS
1784085600000,0,0.0,1,-1.1051723804925073,1,-1.1051723804925073,ETHUSDT,SOLUSDT;ETHUSDT,OOS
1784107200000,0,0.0,0,0.0,2,1.0719129256792024,,SOLUSDT,OOS
1784128800000,0,0.0,2,1.0103762790462951,3,1.5299713150988183,ETHUSDT,SOLUSDT;DOGEUSDT;BTCUSDT,OOS
1784150400000,2,1.3934032380104533,2,1.3934032380104533,3,2.2846216590630792,XRPUSDT;DOGEUSDT;LINKUSDT,XRPUSDT;LINKUSDT;DOGEUSDT,OOS
1784172000000,0,0.0,0,0.0,0,0.0,,LINKUSDT,OOS
1784193600000,0,0.0,1,0.6568516842105239,1,0.6568516842105239,,LINKUSDT;SOLUSDT,OOS
1784215200000,0,0.0,0,0.0,0,0.0,XRPUSDT;SOLUSDT,SOLUSDT;DOGEUSDT;XRPUSDT,OOS
1784236800000,0,0.0,0,0.0,2,1.7868397611048745,SOLUSDT;LINKUSDT,LINKUSDT;SOLUSDT,OOS
1784258400000,1,0.6567616713539487,1,0.6567616713539487,1,0.6567616713539487,XRPUSDT;SOLUSDT;DOGEUSDT,DOGEUSDT;XRPUSDT;SOLUSDT,OOS
1784280000000,2,-0.4591387314440071,0,0.0,2,-0.4591387314440071,SOLUSDT;ETHUSDT;DOGEUSDT,LINKUSDT;ETHUSDT;SOLUSDT,OOS
1784301600000,1,-0.30310687844932016,2,-0.12208988378138369,3,-1.182316298875734,SOLUSDT,ETHUSDT;LINKUSDT;SOLUSDT,OOS
1784323200000,0,0.0,0,0.0,0,0.0,,LINKUSDT;ETHUSDT,OOS
1784344800000,0,0.0,0,0.0,0,0.0,,,OOS
1784366400000,0,0.0,0,0.0,2,1.2177400767543838,,,OOS
1784388000000,0,0.0,0,0.0,1,-0.4609605150214473,,LINKUSDT,OOS
1784409600000,0,0.0,0,0.0,0,0.0,,,OOS
1784431200000,0,0.0,0,0.0,0,0.0,,,OOS
1784452800000,0,0.0,0,0.0,2,-0.5199155007607593,,,OOS
1784474400000,0,0.0,0,0.0,4,0.4494017840065859,,,OOS
1784496000000,0,0.0,0,0.0,1,0.9642592515282534,,,OOS
1784517600000,0,0.0,0,0.0,0,0.0,XRPUSDT;BTCUSDT;ETHUSDT,SOLUSDT;XRPUSDT;DOGEUSDT,OOS
1784539200000,0,0.0,0,0.0,0,0.0,SOLUSDT;LINKUSDT,SOLUSDT;LINKUSDT,OOS
1784560800000,0,0.0,2,0.0647807465242235,4,-1.3175408176348258,DOGEUSDT,DOGEUSDT;ETHUSDT;LINKUSDT,OOS
1784582400000,2,-0.9893836061726158,3,-2.104923651939175,3,-2.104923651939175,LINKUSDT;ETHUSDT;SOLUSDT,DOGEUSDT;SOLUSDT;LINKUSDT,OOS
1784604000000,0,0.0,0,0.0,0,0.0,,LINKUSDT,OOS
1784625600000,0,0.0,0,0.0,0,0.0,LINKUSDT;XRPUSDT,LINKUSDT;XRPUSDT,OOS
1784647200000,1,-0.25206761133602834,1,-0.25206761133602834,1,-0.25206761133602834,DOGEUSDT;ETHUSDT;LINKUSDT,ETHUSDT;LINKUSDT;SOLUSDT,OOS
1784668800000,1,0.8490335135135169,1,0.8490335135135169,2,-0.2530816801309902,XRPUSDT,XRPUSDT,OOS
1784690400000,0,0.0,0,0.0,0,0.0,,,OOS
1784712000000,0,0.0,0,0.0,2,-0.18708710560242614,,,OOS
1784733600000,0,0.0,2,0.05395445412965372,4,1.3142530752555315,SOLUSDT,SOLUSDT;LINKUSDT,OOS
1784755200000,2,-0.20500369942399932,1,0.5914901210244925,3,0.38648642160049307,LINKUSDT;SOLUSDT;DOGEUSDT,LINKUSDT;ETHUSDT;XRPUSDT,OOS
1784776800000,0,0.0,0,0.0,1,0.945144497607636,SOLUSDT,SOLUSDT,OOS
1784798400000,0,0.0,0,0.0,0,0.0,,,OOS
1784820000000,0,0.0,0,0.0,0,0.0,ETHUSDT,XRPUSDT;SOLUSDT;LINKUSDT,OOS
1784841600000,0,0.0,0,0.0,0,0.0,DOGEUSDT,LINKUSDT;DOGEUSDT,OOS
1784863200000,0,0.0,1,0.1294123839009271,2,-1.0031721625716299,DOGEUSDT,ETHUSDT;DOGEUSDT;SOLUSDT,OOS
1784884800000,0,0.0,0,0.0,0,0.0,,,OOS
1784906400000,1,0.6018668475312128,1,0.6018668475312128,1,0.6018668475312128,LINKUSDT;SOLUSDT,DOGEUSDT;ETHUSDT;LINKUSDT,OOS
1784928000000,0,0.0,0,0.0,1,-0.23248254657260192,,,OOS
1784949600000,0,0.0,0,0.0,0,0.0,,,OOS
1784971200000,0,0.0,0,0.0,0,0.0,,,OOS
1784992800000,0,0.0,0,0.0,0,0.0,,,OOS
1785014400000,0,0.0,0,0.0,0,0.0,DOGEUSDT,DOGEUSDT,OOS
1785036000000,0,0.0,0,0.0,0,0.0,,,OOS
1785057600000,0,0.0,0,0.0,0,0.0,DOGEUSDT,DOGEUSDT,OOS
1785079200000,0,0.0,0,0.0,0,0.0,DOGEUSDT,DOGEUSDT,OOS
1785100800000,0,0.0,0,0.0,1,-0.24590990636908794,,,OOS
1785122400000,0,0.0,0,0.0,3,-0.08564023214831651,ETHUSDT,LINKUSDT;ETHUSDT,OOS
1785144000000,0,0.0,0,0.0,3,1.0758146014798728,ETHUSDT,LINKUSDT;ETHUSDT,OOS
1785165600000,1,-1.0898700382240436,2,-0.9447181822683781,2,-0.9447181822683781,XRPUSDT,SOLUSDT;ETHUSDT;XRPUSDT,OOS
1785187200000,1,-1.0901177809388298,1,-1.0901177809388298,1,-1.0901177809388298,LINKUSDT;SOLUSDT,SOLUSDT;LINKUSDT,OOS
1785208800000,0,0.0,0,0.0,0,0.0,,ETHUSDT;LINKUSDT;BTCUSDT,OOS
1785230400000,0,0.0,0,0.0,0,0.0,,,OOS
1785252000000,1,0.9147297791613944,0,0.0,1,0.9147297791613944,LINKUSDT;XRPUSDT;DOGEUSDT,LINKUSDT;DOGEUSDT;ETHUSDT,OOS
1785273600000,0,0.0,1,0.12833062412668014,6,4.045596869511789,,ETHUSDT,OOS
1785295200000,2,-0.9177857079104099,2,-2.140586556338489,3,-1.9910016593133277,DOGEUSDT;LINKUSDT;SOLUSDT,ETHUSDT;SOLUSDT;LINKUSDT,OOS
1785316800000,0,0.0,0,0.0,1,0.12894705420267707,SOLUSDT,SOLUSDT;XRPUSDT;LINKUSDT,OOS
1785338400000,0,0.0,0,0.0,3,-1.418303242561319,,,OOS
1785360000000,1,-0.48476842105263596,1,-0.48476842105263596,2,-0.34350355447740244,SOLUSDT;ETHUSDT,ETHUSDT;SOLUSDT;BTCUSDT,OOS
1785381600000,0,0.0,1,0.8626430844553186,2,0.9802168139078876,LINKUSDT,LINKUSDT;SOLUSDT,OOS
1785403200000,0,0.0,0,0.0,0,0.0,,,OOS
1785424800000,0,0.0,1,-0.03332266843410387,1,-0.03332266843410387,LINKUSDT;DOGEUSDT,ETHUSDT;LINKUSDT;DOGEUSDT,OOS
1785446400000,0,0.0,0,0.0,2,1.792759678362566,,LINKUSDT,OOS
1785468000000,0,0.0,0,0.0,2,-0.268105223435938,LINKUSDT,LINKUSDT,OOS
1785489600000,0,0.0,0,0.0,0,0.0,,,OOS
1785511200000,0,0.0,0,0.0,0,0.0,DOGEUSDT,DOGEUSDT;LINKUSDT,OOS
1785532800000,1,-0.5168803827751469,1,-0.5168803827751469,1,-0.5168803827751469,DOGEUSDT,DOGEUSDT,OOS
1785554400000,0,0.0,0,0.0,0,0.0,,,OOS
1785576000000,0,0.0,0,0.0,0,0.0,,,OOS
1785597600000,0,0.0,0,0.0,0,0.0,,,OOS
1785619200000,0,0.0,0,0.0,0,0.0,SOLUSDT;DOGEUSDT,SOLUSDT;DOGEUSDT,OOS
1785640800000,0,0.0,0,0.0,0,0.0,,,OOS
1785662400000,0,0.0,0,0.0,1,0.11302872602065286,LINKUSDT,LINKUSDT,OOS
1785684000000,0,0.0,0,0.0,3,1.9585880769253334,,,OOS
1785705600000,0,0.0,0,0.0,2,-0.21268703465982997,,,OOS
1785727200000,0,0.0,0,0.0,0,0.0,,LINKUSDT,OOS
1785748800000,0,0.0,0,0.0,0,0.0,,,OOS
1785770400000,0,0.0,1,0.5827707177033544,1,0.5827707177033544,LINKUSDT,LINKUSDT;DOGEUSDT;ETHUSDT,OOS
1785792000000,0,0.0,0,0.0,1,-1.1084666130552956,,,OOS
1785813600000,0,0.0,0,0.0,1,0.581109343844208,,,OOS
1785835200000,0,0.0,0,0.0,0,0.0,,,OOS
1785856800000,3,-0.27640738684612365,3,-0.27640738684612365,5,0.49078371427428547,LINKUSDT;ETHUSDT,LINKUSDT;ETHUSDT,OOS
1785878400000,2,-0.994147927913377,2,-0.994147927913377,4,-1.2706300223426357,SOLUSDT;ETHUSDT,ETHUSDT;SOLUSDT,OOS
1785900000000,0,0.0,0,0.0,2,1.7513403758012709,,,OOS
1785921600000,0,0.0,0,0.0,1,0.13857596528318558,,,OOS
1785943200000,0,0.0,1,-1.0707846027112853,1,-1.0707846027112853,LINKUSDT,LINKUSDT;SOLUSDT;ETHUSDT,OOS
1785964800000,0,0.0,0,0.0,0,0.0,,LINKUSDT;ETHUSDT,OOS
1785986400000,0,0.0,0,0.0,2,0.6949254811999316,,,OOS
1786008000000,0,0.0,0,0.0,1,0.8594297903533128,,,OOS
1786029600000,0,0.0,0,0.0,0,0.0,LINKUSDT,LINKUSDT,OOS
1786051200000,0,0.0,0,0.0,0,0.0,,LINKUSDT,OOS
1786072800000,0,0.0,0,0.0,1,0.9648094778779642,,,OOS
1786094400000,0,0.0,0,0.0,2,1.018183668426205,,,OOS
1786116000000,1,0.8578337294850069,2,1.0005166386442006,2,1.0005166386442006,LINKUSDT;DOGEUSDT,LINKUSDT;ETHUSDT;XRPUSDT,OOS
1786137600000,0,0.0,0,0.0,1,-1.146796116504857,,,OOS
1786159200000,0,0.0,0,0.0,0,0.0,,,OOS
1786180800000,0,0.0,0,0.0,0,0.0,,,OOS
1786202400000,0,0.0,0,0.0,0,0.0,,,OOS
1786224000000,0,0.0,0,0.0,0,0.0,,,OOS
1786245600000,0,0.0,0,0.0,0,0.0,,,OOS
1786267200000,0,0.0,0,0.0,1,0.8393653250773887,,,OOS
1786288800000,0,0.0,0,0.0,0,0.0,,,OOS
1786310400000,0,0.0,0,0.0,3,-0.8262470001447926,,,OOS
1786332000000,2,0.9588915928904509,2,0.9588915928904509,2,0.9588915928904509,DOGEUSDT;SOLUSDT;XRPUSDT,SOLUSDT;DOGEUSDT;XRPUSDT,OOS
1786353600000,0,0.0,0,0.0,1,0.8565708151244541,,,OOS
1786375200000,0,0.0,0,0.0,0,0.0,,LINKUSDT,OOS
1786396800000,0,0.0,0,0.0,0,0.0,LINKUSDT,LINKUSDT,OOS
1786418400000,1,-1.1172135054617613,1,-1.1172135054617613,1,-1.1172135054617613,LINKUSDT,LINKUSDT,OOS
1786440000000,0,0.0,0,0.0,0,0.0,,LINKUSDT,OOS
1786461600000,0,0.0,1,-1.0567528604119105,1,-1.0567528604119105,LINKUSDT,DOGEUSDT;LINKUSDT;XRPUSDT,OOS
1786483200000,0,0.0,0,0.0,0,0.0,,XRPUSDT;LINKUSDT;DOGEUSDT,OOS
1786504800000,0,0.0,0,0.0,0,0.0,LINKUSDT,DOGEUSDT;LINKUSDT,OOS
1786526400000,0,0.0,0,0.0,1,0.11754113395075433,,,OOS
1786548000000,0,0.0,0,0.0,1,0.8480071613460073,,DOGEUSDT;LINKUSDT;ETHUSDT,OOS
1786569600000,0,0.0,0,0.0,0,0.0,,,OOS
1786591200000,0,0.0,0,0.0,1,-1.1438888888889203,,,OOS
1786612800000,0,0.0,0,0.0,0,0.0,,,OOS
1786634400000,0,0.0,1,-1.068600652072675,1,-1.068600652072675,,LINKUSDT,OOS
1786656000000,0,0.0,0,0.0,0,0.0,,,OOS
1786677600000,0,0.0,0,0.0,0,0.0,,,OOS
1786699200000,0,0.0,0,0.0,0,0.0,,,OOS
1786720800000,0,0.0,0,0.0,1,0.027153131698003985,LINKUSDT,LINKUSDT,OOS
1786742400000,0,0.0,0,0.0,0,0.0,,LINKUSDT,OOS
1786764000000,0,0.0,0,0.0,0,0.0,,LINKUSDT,OOS
1786785600000,0,0.0,0,0.0,0,0.0,LINKUSDT,LINKUSDT,OOS
1786807200000,0,0.0,0,0.0,0,0.0,LINKUSDT,LINKUSDT,OOS
1786828800000,0,0.0,0,0.0,0,0.0,LINKUSDT,LINKUSDT,OOS
1786850400000,0,0.0,0,0.0,0,0.0,,LINKUSDT,OOS
1786872000000,0,0.0,0,0.0,0,0.0,,,OOS
1786893600000,0,0.0,0,0.0,0,0.0,,,OOS
1786915200000,0,0.0,0,0.0,1,0.13932415054541006,,LINKUSDT,OOS
1786936800000,0,0.0,0,0.0,0,0.0,,LINKUSDT,OOS
1786958400000,0,0.0,0,0.0,1,-1.1370707506471018,,,OOS
1786980000000,0,0.0,0,0.0,0,0.0,LINKUSDT,LINKUSDT,OOS
1787001600000,0,0.0,0,0.0,0,0.0,LINKUSDT,LINKUSDT,OOS
1787023200000,0,0.0,0,0.0,1,0.11641548499345256,,LINKUSDT,OOS
1787044800000,0,0.0,0,0.0,1,0.8399761915518347,,LINKUSDT,OOS
1787066400000,0,0.0,0,0.0,0,0.0,,,OOS
1787088000000,0,0.0,0,0.0,1,0.5814008808632464,,,OOS
1787109600000,0,0.0,0,0.0,1,-1.144991713325873,,,OOS
1787131200000,0,0.0,0,0.0,0,0.0,,LINKUSDT,OOS
1787152800000,0,0.0,0,0.0,0,0.0,,LINKUSDT;SOLUSDT,OOS
1787174400000,0,0.0,0,0.0,0,0.0,,XRPUSDT;LINKUSDT;DOGEUSDT,OOS
1787196000000,0,0.0,0,0.0,0,0.0,DOGEUSDT;BTCUSDT;LINKUSDT,LINKUSDT;DOGEUSDT;ETHUSDT,OOS
1787217600000,0,0.0,0,0.0,0,0.0,,DOGEUSDT;ETHUSDT;SOLUSDT,OOS
1787239200000,0,0.0,0,0.0,0,0.0,SOLUSDT;LINKUSDT;ETHUSDT,ETHUSDT;SOLUSDT;LINKUSDT,OOS
1787260800000,0,0.0,1,-1.0565213505461752,1,-1.0565213505461752,BTCUSDT;XRPUSDT;ETHUSDT,LINKUSDT;ETHUSDT;DOGEUSDT,OOS
1787282400000,0,0.0,0,0.0,0,0.0,ETHUSDT;DOGEUSDT;BTCUSDT,DOGEUSDT;XRPUSDT;LINKUSDT,OOS
1787304000000,0,0.0,0,0.0,0,0.0,DOGEUSDT;ETHUSDT;SOLUSDT,LINKUSDT;SOLUSDT;XRPUSDT,OOS
1787325600000,0,0.0,0,0.0,0,0.0,,DOGEUSDT;ETHUSDT;LINKUSDT,OOS
1787347200000,0,0.0,0,0.0,0,0.0,XRPUSDT,XRPUSDT;SOLUSDT;ETHUSDT,OOS
1787368800000,0,0.0,0,0.0,0,0.0,ETHUSDT;LINKUSDT;BTCUSDT,LINKUSDT;DOGEUSDT;SOLUSDT,OOS
1787390400000,0,0.0,0,0.0,0,0.0,SOLUSDT;XRPUSDT;DOGEUSDT,DOGEUSDT;SOLUSDT;ETHUSDT,OOS
1787412000000,0,0.0,0,0.0,0,0.0,DOGEUSDT;SOLUSDT;LINKUSDT,DOGEUSDT;LINKUSDT;XRPUSDT,OOS
1787433600000,0,0.0,0,0.0,0,0.0,DOGEUSDT;SOLUSDT;LINKUSDT,DOGEUSDT;XRPUSDT;LINKUSDT,OOS
1787455200000,0,0.0,0,0.0,0,0.0,XRPUSDT;SOLUSDT;DOGEUSDT,DOGEUSDT;XRPUSDT;LINKUSDT,OOS
1787476800000,0,0.0,0,0.0,0,0.0,DOGEUSDT;BTCUSDT;ETHUSDT,DOGEUSDT;SOLUSDT;LINKUSDT,OOS
1787498400000,0,0.0,0,0.0,0,0.0,XRPUSDT;BTCUSDT;DOGEUSDT,XRPUSDT;LINKUSDT;DOGEUSDT,OOS
1787520000000,0,0.0,0,0.0,0,0.0,,LINKUSDT;XRPUSDT;DOGEUSDT,OOS
1787541600000,0,0.0,0,0.0,0,0.0,LINKUSDT;DOGEUSDT;SOLUSDT,XRPUSDT;SOLUSDT;DOGEUSDT,OOS
1787563200000,0,0.0,0,0.0,0,0.0,XRPUSDT;SOLUSDT;DOGEUSDT,XRPUSDT;LINKUSDT;SOLUSDT,OOS
1787584800000,0,0.0,0,0.0,0,0.0,LINKUSDT;XRPUSDT,SOLUSDT;DOGEUSDT;XRPUSDT,OOS
1787606400000,0,0.0,0,0.0,0,0.0,BTCUSDT;XRPUSDT;ETHUSDT,XRPUSDT;DOGEUSDT;SOLUSDT,OOS
1787628000000,0,0.0,0,0.0,0,0.0,ETHUSDT,XRPUSDT;LINKUSDT;DOGEUSDT,OOS
1787649600000,0,0.0,0,0.0,0,0.0,LINKUSDT;ETHUSDT;XRPUSDT,LINKUSDT;XRPUSDT;DOGEUSDT,OOS
1787671200000,0,0.0,0,0.0,0,0.0,XRPUSDT;SOLUSDT;LINKUSDT,XRPUSDT;SOLUSDT;LINKUSDT,OOS
1787692800000,0,0.0,0,0.0,0,0.0,LINKUSDT;XRPUSDT;SOLUSDT,XRPUSDT;SOLUSDT;LINKUSDT,OOS
1787714400000,0,0.0,0,0.0,0,0.0,XRPUSDT;DOGEUSDT;LINKUSDT,XRPUSDT;DOGEUSDT;LINKUSDT,OOS
1787736000000,0,0.0,0,0.0,0,0.0,SOLUSDT;DOGEUSDT,XRPUSDT;DOGEUSDT;SOLUSDT,OOS
1787757600000,0,0.0,0,0.0,0,0.0,SOLUSDT,XRPUSDT;DOGEUSDT;SOLUSDT,OOS
1787779200000,0,0.0,0,0.0,0,0.0,XRPUSDT;DOGEUSDT;LINKUSDT,LINKUSDT;DOGEUSDT;SOLUSDT,OOS
1787800800000,0,0.0,1,1.0310230307311925,1,1.0310230307311925,XRPUSDT;ETHUSDT,DOGEUSDT;XRPUSDT;LINKUSDT,OOS
1787822400000,0,0.0,1,-1.04770111409911,1,-1.04770111409911,XRPUSDT;SOLUSDT,XRPUSDT;DOGEUSDT;SOLUSDT,OOS
1787844000000,0,0.0,0,0.0,0,0.0,XRPUSDT,DOGEUSDT;XRPUSDT;ETHUSDT,OOS
1787865600000,0,0.0,0,0.0,0,0.0,ETHUSDT;SOLUSDT,DOGEUSDT;XRPUSDT;SOLUSDT,OOS
1787887200000,0,0.0,1,-1.0773287109990635,1,-1.0773287109990635,SOLUSDT,SOLUSDT;DOGEUSDT;XRPUSDT,OOS
1787908800000,0,0.0,0,0.0,0,0.0,XRPUSDT,LINKUSDT;SOLUSDT;DOGEUSDT,OOS
1787930400000,1,-1.036450437757868,1,-1.036450437757868,1,-1.036450437757868,DOGEUSDT;LINKUSDT;SOLUSDT,DOGEUSDT;SOLUSDT;XRPUSDT,OOS
1787952000000,0,0.0,0,0.0,0,0.0,XRPUSDT,SOLUSDT;LINKUSDT;DOGEUSDT,OOS
1787973600000,0,0.0,0,0.0,2,0.2800154079489039,SOLUSDT,SOLUSDT,OOS
1787995200000,0,0.0,0,0.0,1,0.8349732793522039,,,OOS
1788016800000,0,0.0,0,0.0,2,1.2757763268056326,,,OOS
1788038400000,1,0.12240478070173438,1,0.12240478070173438,2,0.25026255189024893,SOLUSDT;XRPUSDT,XRPUSDT;SOLUSDT,OOS
1788060000000,0,0.0,0,0.0,1,0.1209325064252888,,,OOS
1788081600000,0,0.0,0,0.0,1,-1.118314170040487,,,OOS
1788103200000,0,0.0,0,0.0,0,0.0,SOLUSDT;LINKUSDT,XRPUSDT;LINKUSDT;SOLUSDT,OOS
1788124800000,0,0.0,0,0.0,0,0.0,XRPUSDT;DOGEUSDT;LINKUSDT,DOGEUSDT;XRPUSDT;SOLUSDT,OOS
1788146400000,0,0.0,0,0.0,0,0.0,BTCUSDT;SOLUSDT,ETHUSDT;XRPUSDT;SOLUSDT,OOS
1788168000000,1,-1.0607601951899779,2,-0.3897745535226549,2,-0.3897745535226549,DOGEUSDT,SOLUSDT;LINKUSDT;DOGEUSDT,OOS
1788189600000,0,0.0,0,0.0,0,0.0,DOGEUSDT,LINKUSDT;ETHUSDT;XRPUSDT,OOS
1788211200000,1,0.6230554919908434,2,1.4902440503432328,2,1.4902440503432328,SOLUSDT;XRPUSDT,XRPUSDT;LINKUSDT;DOGEUSDT,OOS
1788232800000,0,0.0,0,0.0,0,0.0,LINKUSDT,LINKUSDT;XRPUSDT;SOLUSDT,OOS
1788254400000,0,0.0,1,0.14518520213576686,2,-0.9732992015128803,,DOGEUSDT;XRPUSDT;SOLUSDT,OOS
1788276000000,0,0.0,0,0.0,0,0.0,XRPUSDT,SOLUSDT;LINKUSDT;XRPUSDT,OOS
1788297600000,1,-1.0794715928894985,0,0.0,1,-1.0794715928894985,ETHUSDT;DOGEUSDT,LINKUSDT;SOLUSDT;ETHUSDT,OOS
1788319200000,0,0.0,0,0.0,0,0.0,DOGEUSDT;ETHUSDT;XRPUSDT,SOLUSDT;LINKUSDT;XRPUSDT,OOS
1788340800000,0,0.0,2,0.3228795908019707,2,0.3228795908019707,LINKUSDT,LINKUSDT;SOLUSDT;XRPUSDT,OOS
1788362400000,0,0.0,1,0.6523336764895115,1,0.6523336764895115,LINKUSDT;XRPUSDT;SOLUSDT,LINKUSDT;XRPUSDT;DOGEUSDT,OOS
1788384000000,2,0.3044925583642953,1,0.15207572156196456,2,0.3044925583642953,LINKUSDT;SOLUSDT;XRPUSDT,SOLUSDT;LINKUSDT;DOGEUSDT,OOS
1788405600000,1,0.6740449984610603,1,0.6740449984610603,1,0.6740449984610603,LINKUSDT;DOGEUSDT,XRPUSDT;DOGEUSDT;LINKUSDT,OOS
1788427200000,2,-0.16155951194213325,3,0.7611460177047584,6,1.2285721766248932,ETHUSDT;LINKUSDT,SOLUSDT;LINKUSDT;ETHUSDT,OOS
1788448800000,0,0.0,0,0.0,0,0.0,,DOGEUSDT;ETHUSDT;LINKUSDT,OOS
1788470400000,0,0.0,0,0.0,0,0.0,ETHUSDT,XRPUSDT;DOGEUSDT;SOLUSDT,OOS
1788492000000,0,0.0,1,0.6442989949205742,2,0.7631210277897238,,SOLUSDT;XRPUSDT;LINKUSDT,OOS
1788513600000,0,0.0,1,0.1593849033191972,1,0.1593849033191972,DOGEUSDT,XRPUSDT;SOLUSDT;ETHUSDT,OOS
1788535200000,1,0.3793929343907746,1,0.3793929343907746,1,0.3793929343907746,XRPUSDT;ETHUSDT;LINKUSDT,LINKUSDT;SOLUSDT;XRPUSDT,OOS
1788556800000,0,0.0,0,0.0,0,0.0,XRPUSDT,XRPUSDT,OOS
1788578400000,0,0.0,0,0.0,0,0.0,,LINKUSDT,OOS
1788600000000,0,0.0,0,0.0,1,0.8691891852919902,,LINKUSDT,OOS
1788621600000,0,0.0,0,0.0,0,0.0,,DOGEUSDT,OOS
1788643200000,0,0.0,0,0.0,0,0.0,LINKUSDT;XRPUSDT;DOGEUSDT,SOLUSDT;XRPUSDT;DOGEUSDT,OOS
1788664800000,0,0.0,1,0.9425791839148393,1,0.9425791839148393,LINKUSDT,DOGEUSDT;LINKUSDT,OOS
1788686400000,0,0.0,0,0.0,2,-0.992216560069933,SOLUSDT;DOGEUSDT;LINKUSDT,LINKUSDT;SOLUSDT;DOGEUSDT,OOS
1788708000000,1,0.6329074241896051,1,0.6329074241896051,1,0.6329074241896051,LINKUSDT;SOLUSDT,SOLUSDT;DOGEUSDT;LINKUSDT,OOS
1788729600000,0,0.0,0,0.0,0,0.0,,SOLUSDT;LINKUSDT,OOS
1788751200000,1,-1.125801193557654,1,-1.125801193557654,1,-1.125801193557654,ETHUSDT;LINKUSDT,DOGEUSDT;XRPUSDT;ETHUSDT,OOS
1788772800000,1,0.6676931273930884,1,0.6676931273930884,2,-0.45424811293327805,XRPUSDT;DOGEUSDT,DOGEUSDT;XRPUSDT;SOLUSDT,OOS
1788794400000,0,0.0,2,1.4718852500737298,2,1.4718852500737298,LINKUSDT,DOGEUSDT;XRPUSDT;SOLUSDT,OOS
1788816000000,0,0.0,1,0.9582271700192858,3,0.4995908223761307,,DOGEUSDT;SOLUSDT;LINKUSDT,OOS
1788837600000,0,0.0,2,0.47576441188285706,2,0.47576441188285706,XRPUSDT;SOLUSDT,DOGEUSDT;XRPUSDT;LINKUSDT,OOS
1788859200000,0,0.0,0,0.0,0,0.0,XRPUSDT,DOGEUSDT;XRPUSDT;LINKUSDT,OOS
1788880800000,0,0.0,2,0.028464751429648216,2,0.028464751429648216,LINKUSDT;XRPUSDT,LINKUSDT;DOGEUSDT;SOLUSDT,OOS
1788902400000,1,0.1475703578947257,1,-1.1279630255807298,3,-0.8365270978694849,DOGEUSDT;SOLUSDT;XRPUSDT,SOLUSDT;DOGEUSDT;ETHUSDT,OOS
1788924000000,1,-1.0798792211743058,1,-1.0798792211743058,1,-1.0798792211743058,LINKUSDT,DOGEUSDT;XRPUSDT;LINKUSDT,OOS
1788945600000,2,1.5930563386031626,2,1.2999237370994075,4,2.84665446555943,SOLUSDT;DOGEUSDT,XRPUSDT;LINKUSDT;SOLUSDT,OOS
1788967200000,0,0.0,0,0.0,2,-0.18613974772045183,XRPUSDT,XRPUSDT;ETHUSDT;LINKUSDT,OOS
1788988800000,0,0.0,0,0.0,1,0.11465733838244291,,LINKUSDT;DOGEUSDT;XRPUSDT,OOS
1789010400000,0,0.0,0,0.0,0,0.0,DOGEUSDT;XRPUSDT;SOLUSDT,LINKUSDT;DOGEUSDT;XRPUSDT,OOS
1789032000000,0,0.0,1,0.13740735171260152,2,-0.995144196030523,LINKUSDT;DOGEUSDT,LINKUSDT;SOLUSDT;DOGEUSDT,OOS
1789053600000,0,0.0,0,0.0,0,0.0,SOLUSDT;LINKUSDT;ETHUSDT,LINKUSDT;ETHUSDT;SOLUSDT,OOS
1789075200000,1,0.6357104396975666,1,0.6357104396975666,2,0.7903298204021617,ETHUSDT;XRPUSDT;LINKUSDT,ETHUSDT;LINKUSDT;DOGEUSDT,OOS
1789096800000,0,0.0,0,0.0,0,0.0,LINKUSDT;SOLUSDT;XRPUSDT,XRPUSDT;LINKUSDT;SOLUSDT,OOS
1789118400000,0,0.0,0,0.0,0,0.0,,,OOS
1789140000000,0,0.0,0,0.0,0,0.0,XRPUSDT;DOGEUSDT;LINKUSDT,LINKUSDT;XRPUSDT;DOGEUSDT,OOS
1789161600000,1,-0.3935287091662982,3,-0.4740944433216785,3,-0.4740944433216785,XRPUSDT,SOLUSDT;LINKUSDT;XRPUSDT,OOS
1789183200000,0,0.0,0,0.0,0,0.0,,LINKUSDT,OOS
1789204800000,0,0.0,0,0.0,0,0.0,,,OOS
1789226400000,0,0.0,0,0.0,1,0.11379887505020629,,,OOS
1789248000000,0,0.0,0,0.0,0,0.0,,,OOS
1789269600000,0,0.0,0,0.0,0,0.0,,,OOS
1789291200000,0,0.0,0,0.0,0,0.0,,,OOS
1789312800000,0,0.0,0,0.0,0,0.0,,,OOS
1789334400000,0,0.0,0,0.0,0,0.0,,,OOS
1789356000000,0,0.0,0,0.0,0,0.0,SOLUSDT;DOGEUSDT;ETHUSDT,XRPUSDT;LINKUSDT;SOLUSDT,OOS
1789377600000,0,0.0,0,0.0,1,-1.089614204185169,,XRPUSDT;LINKUSDT,OOS
1789399200000,0,0.0,0,0.0,0,0.0,DOGEUSDT;LINKUSDT,ETHUSDT;SOLUSDT;XRPUSDT,OOS
1789420800000,0,0.0,0,0.0,0,0.0,SOLUSDT;LINKUSDT;DOGEUSDT,DOGEUSDT;LINKUSDT;XRPUSDT,OOS
1789442400000,0,0.0,1,-1.088606227610922,1,-1.088606227610922,,LINKUSDT;XRPUSDT,OOS
1789464000000,0,0.0,0,0.0,0,0.0,,XRPUSDT;SOLUSDT;LINKUSDT,OOS
1789485600000,0,0.0,0,0.0,0,0.0,,XRPUSDT;LINKUSDT;DOGEUSDT,OOS
1789507200000,0,0.0,0,0.0,0,0.0,DOGEUSDT,XRPUSDT;LINKUSDT;SOLUSDT,OOS
