symbol,sig_bar,entry_bar,entry_time,side,path,tier,score,plan_rr,sl_pct,tp_pct,entry,exit,exit_reason,bars,gross_r,cost_r,net_r
BTCUSDT,1772587800000,1772588100000,2026-03-04 01:35:00,LONG,结构触发,强,0.589,2.13,0.00508407784096575,0.010844327993195074,68515.07,68652.10014000001,BE,3,0.3933850075789016,0.3933850075788943,7.327471962526033e-15
BTCUSDT,1772841300000,1772841600000,2026-03-07 00:00:00,SHORT,结构触发,一般,0.511,1.76,0.001619999999999912,0.0028525698527263974,68114.02,68224.3647124,SL,2,-1.0,1.234567901234635,-2.2345679012346347
BTCUSDT,1772943600000,1772943900000,2026-03-08 04:25:00,SHORT,结构触发,强,0.543,1.72,0.0018369018054901242,0.003160838535024696,67045.5,66911.409,BE,4,1.088789827535916,1.0887898275359134,2.6645352591003757e-15
BTCUSDT,1773321900000,1773322200000,2026-03-12 13:30:00,SHORT,结构触发,强,0.574,1.89,0.0030883903417538903,0.005834011303174023,70111.27,70327.8009691161,SL,1,-0.9999999999999785,0.6475865349534167,-1.6475865349533951
BTCUSDT,1773380400000,1773380700000,2026-03-13 05:45:00,LONG,结构触发,很强,0.757,2.13,0.0026224689074764835,0.005586451733735865,71600.01,71473.57,STAGNATION,8,-0.6733813072245454,0.7626401191252006,-1.436021426349746
BTCUSDT,1773525600000,1773525900000,2026-03-14 22:05:00,LONG,结构触发,一般,0.582,1.38,0.0021118115240926047,0.0029068001892669144,70799.39,70753.24,STAGNATION,8,-0.3086647491532038,0.9470542125483251,-1.255718961701529
BTCUSDT,1773607800000,1773608100000,2026-03-15 20:55:00,LONG,结构触发,强,0.658,1.66,0.001879594323539408,0.0031125921477344262,71766.55,71631.658,SL,4,-1.0,1.0640593956646238,-2.064059395664624
BTCUSDT,1773663000000,1773663300000,2026-03-16 12:15:00,LONG,OB/FVG回补,强,0.665,2.61,0.0034391112745244395,0.008987368035737537,73596.63,73743.82326,BE,7,0.5815455913901943,0.5815455913901943,0.0
BTCUSDT,1773683400000,1773683700000,2026-03-16 17:55:00,LONG,结构触发,一般,0.462,1.33,0.003797870817094518,0.005060706984565154,73956.07,74330.34,TP,4,1.3325116172426168,0.5266108554819299,0.8059007617606869
BTCUSDT,1773804300000,1773804600000,2026-03-18 03:30:00,LONG,OB/FVG回补,很强,0.856,4.16,0.00320916879299867,0.013342888855731106,74525.83,74371.97,REVERSAL,10,-0.6433189527156199,0.6232143364859242,-1.266533289201544
BTCUSDT,1773855000000,1773855300000,2026-03-18 17:35:00,LONG,结构触发,一般,0.491,4.0,0.003798061114924611,0.01520737249814391,71469.95,71612.8899,BE,4,0.5265844702026773,0.5265844702026862,-8.881784197001252e-15
BTCUSDT,1774015200000,1774015500000,2026-03-20 14:05:00,LONG,结构触发,强,0.569,2.1,0.0047815245055973805,0.010053963698241214,69885.87,70025.64173999999,BE,8,0.4182766391051006,0.41827663910511104,-1.0436096431476471e-14
BTCUSDT,1774057500000,1774057800000,2026-03-21 01:50:00,SHORT,结构触发,强,0.532,1.81,0.0016199999999999162,0.002928951233500951,70509.88,70624.1060056,SL,8,-1.0,1.2345679012346318,-2.234567901234632
BTCUSDT,1774159800000,1774160100000,2026-03-22 06:15:00,SHORT,突破回踩,很强,0.713,3.37,0.0016199999999999405,0.005462540564440457,69139.98,69001.70004,BE,18,1.234567901234612,1.2345679012346134,-1.3322676295501878e-15
BTCUSDT,1774486500000,1774486800000,2026-03-26 01:00:00,LONG,结构触发,强,0.705,2.03,0.0020398525819409134,0.004135245704479113,71299.27,71153.83,SL,14,-1.0,0.9804630088008646,-1.9804630088008646
BTCUSDT,1774639200000,1774639500000,2026-03-27 19:25:00,SHORT,结构触发,一般,0.5,1.79,0.0026647260862905802,0.004770728341464064,65884.07,66059.633,SL,7,-1.0,0.7505461856997433,-1.7505461856997433
BTCUSDT,1774700700000,1774701000000,2026-03-28 12:30:00,LONG,结构触发,强,0.67,1.82,0.0016353981821382371,0.002973328095580012,66440.7,66332.043,SL,2,-1.0,1.22294375880072,-2.22294375880072
BTCUSDT,1774728600000,1774728900000,2026-03-28 20:15:00,LONG,结构触发,强,0.661,1.51,0.001619999999999985,0.002450005850760371,66999.85,66964.4,STAGNATION,8,-0.32660843344261375,1.2345679012345794,-1.5611763346771932
BTCUSDT,1774964100000,1774964400000,2026-03-31 13:40:00,LONG,结构触发,强,0.583,2.08,0.0056043154021422755,0.01163267261623485,67000.95,67134.9519,BE,6,0.3568678520904685,0.3568678520904606,7.882583474838611e-15
BTCUSDT,1774988100000,1774988400000,2026-03-31 20:20:00,LONG,结构触发,强,0.593,1.88,0.0044316264333157706,0.008337701996138456,68022.34,68158.38468,BE,22,0.4513015774444871,0.45130157744446603,2.1094237467877974e-14
BTCUSDT,1775015700000,1775016000000,2026-04-01 04:00:00,LONG,结构触发,强,0.61,1.86,0.003301595832929111,0.006143697868892985,68170.67,68307.01134,BE,12,0.605767665458199,0.6057676654582034,-4.3298697960381105e-15
BTCUSDT,1775078700000,1775079000000,2026-04-01 21:30:00,LONG,结构触发,很强,0.755,2.27,0.001688200467083887,0.00383752327127715,68437.36,68321.82401688202,SL,3,-0.9999999999999404,1.1846934288880395,-2.18469342888798
BTCUSDT,1775338800000,1775339100000,2026-04-04 21:45:00,LONG,结构触发,强,0.645,1.92,0.0016199999999998995,0.0031150847623062795,67311.18,67445.80235999999,BE,3,1.234567901234589,1.2345679012346444,-5.551115123125783e-14
BTCUSDT,1775417100000,1775417400000,2026-04-05 19:30:00,LONG,突破回踩,很强,0.818,3.55,0.0016329747386877114,0.005794689471108259,67465.22,67355.05099999999,SL,2,-1.0,1.2247586889232818,-2.2247586889232815
BTCUSDT,1775421000000,1775421300000,2026-04-05 20:35:00,LONG,结构触发,强,0.67,3.1,0.0018079607786707207,0.005610605124043389,67477.58,67612.53516,BE,2,1.106218687703192,1.106218687703211,-1.887379141862766e-14
BTCUSDT,1775427900000,1775428200000,2026-04-05 22:30:00,LONG,结构触发,很强,0.698,2.51,0.0021199909070163973,0.005330932263647298,67436.6,67571.47320000001,BE,2,0.9434002727939802,0.9434002727939677,1.2545520178264269e-14
BTCUSDT,1775485800000,1775486100000,2026-04-06 14:35:00,LONG,结构触发,一般,0.495,1.56,0.002828158847046027,0.004417714855646774,69642.34,69445.38040000001,SL,1,-1.0,0.7071738569737597,-1.7071738569737596
BTCUSDT,1775507700000,1775508000000,2026-04-06 20:40:00,LONG,结构触发,强,0.567,1.57,0.0037128996759858953,0.005818758795370174,69944.47,69689.27,STAGNATION,8,-0.982684422757585,0.5386625480175236,-1.5213469707751086
BTCUSDT,1775567100000,1775567400000,2026-04-07 13:10:00,LONG,结构触发,强,0.637,1.62,0.0036080586187407487,0.005837581807800092,68581.49,68334.04396391942,SL,7,-0.9999999999999998,0.5543147191710598,-1.5543147191710596
BTCUSDT,1775650500000,1775650800000,2026-04-08 12:20:00,LONG,结构触发,强,0.552,7.34,0.001880757976870609,0.013807997770656263,71770.01,71635.02798119241,SL,1,-0.9999999999999958,1.063401046065373,-2.0634010460653687
BTCUSDT,1775686200000,1775686500000,2026-04-08 22:15:00,LONG,结构触发,很强,0.736,2.19,0.0017677378397172006,0.0038679849473705953,71450.64,71324.33399999999,SL,2,-1.0,1.1313894826848059,-2.131389482684806
BTCUSDT,1775784900000,1775785200000,2026-04-10 01:40:00,LONG,结构触发,很强,0.748,2.86,0.004065539217313356,0.011620252044124278,72304.8,72203.51,STAGNATION,8,-0.34457303424301633,0.4919396648500828,-0.8365126990930991
BTCUSDT,1775887200000,1775887500000,2026-04-11 06:05:00,LONG,结构触发,强,0.642,2.4,0.0016199999999999886,0.003887171056025722,72685.24,72830.61048,BE,17,1.2345679012345576,1.2345679012345765,-1.887379141862766e-14
BTCUSDT,1776056100000,1776056400000,2026-04-13 05:00:00,SHORT,结构触发,强,0.534,2.49,0.001619999999999988,0.004037646899505234,70890.3,70748.5194,BE,6,1.2345679012345616,1.2345679012345772,-1.554312234475219e-14
BTCUSDT,1776062700000,1776063000000,2026-04-13 06:50:00,SHORT,结构触发,强,0.597,2.83,0.0016199999999999097,0.004589574946446283,71036.0,70893.928,BE,5,1.2345679012346378,1.2345679012346367,1.1102230246251565e-15
BTCUSDT,1776128400000,1776128700000,2026-04-14 01:05:00,LONG,结构触发,强,0.551,1.71,0.0026197566334360055,0.004492546718615508,74157.28,74305.59456,BE,5,0.7634296920843509,0.7634296920843565,-5.662137425588298e-15
BTCUSDT,1776276600000,1776276900000,2026-04-15 18:15:00,LONG,结构触发,一般,0.606,1.51,0.004475053780232017,0.006770251387247263,74283.79,74786.70993229747,TP,16,1.5128871561619797,0.44692200322479847,1.0659651529371812
BTCUSDT,1776291300000,1776291600000,2026-04-15 22:20:00,LONG,结构触发,强,0.606,1.57,0.0031069259709392213,0.004874135446637716,74915.85,75281.0,TP,4,1.5687967760507242,0.6437230943727319,0.9250736816779923
BTCUSDT,1776314400000,1776314700000,2026-04-16 04:45:00,LONG,结构触发,一般,0.543,1.84,0.0022806584958253422,0.004202405665552195,75109.36,74938.0612,SL,1,-1.0,0.8769397100271361,-1.876939710027136
BTCUSDT,1776382800000,1776383100000,2026-04-16 23:45:00,LONG,结构触发,一般,0.519,2.72,0.001947368308975736,0.005300754041179449,75136.48,74990.1616,SL,5,-1.0,1.0270270861355175,-2.0270270861355177
BTCUSDT,1776498900000,1776499200000,2026-04-18 08:00:00,SHORT,结构触发,强,0.532,11.86,0.0016199999999998954,0.01920860076521672,76997.79,76843.79441999999,BE,4,1.234567901234668,1.2345679012346475,2.042810365310288e-14
BTCUSDT,1776679200000,1776679500000,2026-04-20 10:05:00,LONG,OB/FVG回补,强,0.71,1.92,0.0025819478385430347,0.004947209420429275,75199.97,75350.36994,BE,4,0.774608987115951,0.7746089871159358,1.5210055437364645e-14
BTCUSDT,1776924600000,1776924900000,2026-04-23 06:15:00,LONG,结构触发,很强,0.758,2.26,0.001760139791190335,0.003984187042331471,78196.63,78353.02326,BE,3,1.136273385790237,1.1362733857902583,-2.1316282072803006e-14
BTCUSDT,1777043700000,1777044000000,2026-04-24 15:20:00,SHORT,突破回踩,很强,0.753,3.03,0.003159429701202847,0.009581552066526866,77704.52,77950.02196840571,SL,5,-0.9999999999999738,0.6330256372656644,-1.6330256372656382
BTCUSDT,1777196400000,1777196700000,2026-04-26 09:45:00,LONG,结构触发,强,0.672,1.77,0.0016199999999999533,0.002868305950240849,77976.35,78132.3027,BE,21,1.2345679012345587,1.2345679012346036,-4.4853010194856324e-14
BTCUSDT,1777239600000,1777239900000,2026-04-26 21:45:00,SHORT,结构触发,强,0.534,2.14,0.0027497604159746735,0.0058897792954780296,77989.34,78203.79199999999,SL,2,-1.0,0.7273360938578661,-1.7273360938578661
BTCUSDT,1777383900000,1777384200000,2026-04-28 13:50:00,SHORT,结构触发,强,0.576,2.09,0.00231342574418342,0.004828336938933864,76293.35,76140.7633,BE,2,0.8645187791432425,0.8645187791432435,-9.992007221626409e-16
BTCUSDT,1777417200000,1777417500000,2026-04-28 23:05:00,SHORT,结构触发,强,0.653,2.18,0.001619999999999899,0.0035282310961850904,76227.99,76351.4793438,SL,3,-1.0000000000000615,1.2345679012346449,-2.2345679012347066
BTCUSDT,1777444800000,1777445100000,2026-04-29 06:45:00,SHORT,结构触发,强,0.53,4.19,0.0016323855147340807,0.006836925840156851,77011.22,77136.932,SL,3,-1.0,1.2252007763777568,-2.225200776377757
BTCUSDT,1777495200000,1777495500000,2026-04-29 20:45:00,LONG,结构触发,强,0.587,2.69,0.0024594710480337094,0.006614308068468723,75773.61,75925.15722,BE,16,0.8131829816003986,0.8131829816004357,-3.708144902248023e-14
BTCUSDT,1777513800000,1777514100000,2026-04-30 01:55:00,SHORT,结构触发,一般,0.452,1.63,0.0016199999999999889,0.0026331054162457316,76388.89,76236.11222,BE,2,1.2345679012346085,1.2345679012345765,3.197442310920451e-14
BTCUSDT,1777851300000,1777851600000,2026-05-03 23:40:00,LONG,结构触发,很强,0.78,3.11,0.0023291377933421084,0.0072345586614256515,78698.65,78515.34999999999,SL,2,-1.0,0.8586868521549236,-1.8586868521549236
BTCUSDT,1777887600000,1777887900000,2026-05-04 09:45:00,LONG,结构触发,强,0.627,4.64,0.0016199999999998705,0.0075190135434908415,79857.56,79728.19075280002,SL,4,-0.9999999999999414,1.2345679012346666,-2.234567901234608
BTCUSDT,1777919100000,1777919400000,2026-05-04 18:30:00,LONG,结构触发,一般,0.618,1.71,0.0026474334362262338,0.004539240379543574,80271.15,80058.63747352567,SL,5,-0.9999999999999725,0.7554486441974105,-1.755448644197383
BTCUSDT,1777930200000,1777930500000,2026-05-04 21:35:00,LONG,结构触发,强,0.671,1.79,0.0020849814045231824,0.003736666512140412,80245.33,80151.21,REVERSAL,12,-0.5625484924449048,0.9592411690872529,-1.5217896615321576
BTCUSDT,1777999500000,1777999800000,2026-05-05 16:50:00,LONG,结构触发,很强,0.751,2.38,0.002440909090909161,0.0058175043114067435,81180.01,81342.37002,BE,9,0.8193668528864196,0.8193668528863824,3.7192471324942744e-14
BTCUSDT,1778032500000,1778032800000,2026-05-06 02:00:00,LONG,结构触发,强,0.67,1.75,0.0017554783720003374,0.0030680504041412982,81439.34,81296.37500000001,SL,2,-1.0,1.1392905956004655,-2.1392905956004657
BTCUSDT,1778043600000,1778043900000,2026-05-06 05:05:00,LONG,结构触发,强,0.678,1.69,0.0024998927414414235,0.0042253110774794255,81345.49,81216.7,REVERSAL,6,-0.633325957070201,0.8000343242113707,-1.4333602812815718
BTCUSDT,1778098200000,1778098500000,2026-05-06 20:15:00,LONG,结构触发,一般,0.515,1.53,0.0027385572214565974,0.004195953926943768,81638.18,81414.60917261442,SL,4,-0.9999999999999875,0.7303115612593372,-1.7303115612593247
BTCUSDT,1778104200000,1778104500000,2026-05-06 21:55:00,LONG,结构触发,一般,0.52,1.84,0.002111931615744158,0.0038827949897725896,81590.72,81418.40597888066,SL,3,-1.0000000000000544,0.9470003598081854,-1.9470003598082397
BTCUSDT,1778112300000,1778112600000,2026-05-07 00:10:00,LONG,结构触发,一般,0.514,1.46,0.0016199999999999205,0.0023573101485928664,81419.07,81287.17110660001,SL,3,-1.0,1.2345679012346285,-2.2345679012346285
BTCUSDT,1778488800000,1778489100000,2026-05-11 08:45:00,LONG,结构触发,强,0.683,1.63,0.0016199999999999127,0.0026370565515459786,80836.33,80998.00266,BE,14,1.2345679012346078,1.2345679012346344,-2.6645352591003757e-14
BTCUSDT,1778713200000,1778713500000,2026-05-13 23:05:00,SHORT,结构触发,一般,0.589,2.07,0.0016199999999999006,0.003351309969334417,79364.81,79206.08038,BE,11,1.23456790123463,1.2345679012346438,-1.3766765505351941e-14
BTCUSDT,1778757900000,1778758200000,2026-05-14 11:30:00,SHORT,突破回踩,强,0.668,2.93,0.0018838622399179883,0.005526421303876581,79360.59,79510.0944188386,SL,13,-0.9999999999999734,1.0616487541504456,-2.061648754150419
BTCUSDT,1778937000000,1778937300000,2026-05-16 13:15:00,SHORT,结构触发,一般,0.478,2.05,0.0016199999999999687,0.003317908980485704,77898.46,78024.6555052,SL,10,-1.0,1.2345679012345918,-2.234567901234592
BTCUSDT,1778980200000,1778980500000,2026-05-17 01:15:00,SHORT,结构触发,强,0.612,2.26,0.0023641488994268476,0.005348876059603278,78057.53,77901.41494,BE,12,0.8459704041842815,0.8459704041843007,-1.9206858326015208e-14
BTCUSDT,1779059700000,1779060000000,2026-05-17 23:20:00,LONG,结构触发,很强,0.704,2.06,0.0021746280930915805,0.004475713589778346,77860.22,77690.90297825371,SL,5,-0.999999999999996,0.9196974905059196,-1.9196974905059156
BTCUSDT,1779298200000,1779298500000,2026-05-20 17:35:00,LONG,结构触发,强,0.674,1.53,0.0025098224284422787,0.0038474804541055816,77554.65,77360.0016,SL,19,-1.0,0.7968691240205786,-1.7968691240205787
BTCUSDT,1779322200000,1779322500000,2026-05-21 00:15:00,LONG,结构触发,一般,0.619,1.49,0.0016199999999999548,0.0024216841159769758,77664.97,77853.05002421683,TP,7,1.4948667382574743,1.2345679012346025,0.2602988370228718
BTCUSDT,1779411600000,1779411900000,2026-05-22 01:05:00,SHORT,突破回踩,强,0.628,1.52,0.0016199999999999615,0.0024677390157491247,77338.01,77463.29757619998,SL,2,-0.9999999999999393,1.2345679012345971,-2.2345679012345365
BTCUSDT,1779452400000,1779452700000,2026-05-22 12:25:00,LONG,结构触发,很强,0.695,2.08,0.0020380651546825232,0.0042470016836729015,77473.49,77315.59397961936,SL,13,-1.0000000000000266,0.9813228960835392,-1.9813228960835658
BTCUSDT,1779485400000,1779485700000,2026-05-22 21:35:00,SHORT,OB/FVG回补,一般,0.568,1.42,0.001619999999999992,0.002302462294500367,76035.99,75883.91802000001,BE,7,1.2345679012345199,1.234567901234574,-5.417888360170764e-14
BTCUSDT,1779502200000,1779502500000,2026-05-23 02:15:00,SHORT,结构触发,一般,0.463,2.06,0.0016199999999999591,0.0033321196298256766,75471.48,75556.0,STAGNATION,8,-0.6912921212910714,1.2345679012345991,-1.9258600225256706
BTCUSDT,1779718200000,1779718500000,2026-05-25 14:15:00,LONG,结构触发,强,0.651,1.76,0.0016200000000000155,0.002853810703977841,77478.87,77633.82774,BE,4,1.2345679012345403,1.234567901234556,-1.5765166949677223e-14
BTCUSDT,1779772200000,1779772500000,2026-05-26 05:15:00,LONG,结构触发,强,0.652,4.54,0.00161999999999988,0.007357586407501042,76802.36,76955.96472,BE,6,1.2345679012346835,1.2345679012346593,2.4202861936828413e-14
BTCUSDT,1779776700000,1779777000000,2026-05-26 06:30:00,LONG,结构触发,一般,0.475,2.82,0.0016200000000000097,0.004567942186420556,76844.24,76997.92848,BE,3,1.234567901234537,1.2345679012345605,-2.353672812205332e-14
BTCUSDT,1779804000000,1779804300000,2026-05-26 14:05:00,LONG,结构触发,强,0.537,1.59,0.0035447090221277498,0.005619396797429652,77188.01,77621.76005619396,TP,3,1.5852914195074141,0.5642212061737802,1.0210702133336338
BTCUSDT,1779843600000,1779843900000,2026-05-27 01:05:00,LONG,结构触发,强,0.666,4.12,0.0020865269296913083,0.00859649452683204,76051.93,75893.2456,SL,3,-1.0,0.958530643213836,-1.958530643213836
BTCUSDT,1779884100000,1779884400000,2026-05-27 12:20:00,LONG,结构触发,强,0.611,1.82,0.0031634890642038825,0.005743287345015205,75838.1,75989.77620000001,BE,2,0.632213344003874,0.6322133440038669,7.105427357601002e-15
BTCUSDT,1779891900000,1779892200000,2026-05-27 14:30:00,LONG,结构触发,一般,0.514,1.6,0.003520262044052573,0.005624235068238128,74875.96,75025.71192,BE,5,0.5681395234138616,0.5681395234138801,-1.84297022087776e-14
BTCUSDT,1779920100000,1779920400000,2026-05-27 22:20:00,LONG,结构触发,强,0.591,2.47,0.00352581852738229,0.00871921420297514,74502.7,74240.01699999999,SL,36,-1.0,0.5672441688270555,-1.5672441688270555
BTCUSDT,1780117500000,1780117800000,2026-05-30 05:10:00,LONG,结构触发,一般,0.5,1.48,0.002571581772937727,0.0038060781358010974,73516.62,73663.65324,BE,19,0.7777314418103438,0.777731441810321,2.2870594307278225e-14
BTCUSDT,1780305900000,1780306200000,2026-06-01 09:30:00,SHORT,结构触发,一般,0.468,3.26,0.0016199999999999175,0.005276688530742262,73011.7,72626.44,TP,5,3.2572151424336604,1.234567901234631,2.0226472411990297
BTCUSDT,1780352400000,1780352700000,2026-06-01 22:25:00,SHORT,突破回踩,很强,0.717,2.55,0.002517219596985238,0.006411051128449097,71142.78,71321.86200000001,SL,1,-1.0,0.7945274231915687,-1.7945274231915687
BTCUSDT,1780487700000,1780488000000,2026-06-03 12:00:00,SHORT,结构触发,一般,0.516,1.64,0.0017785996379462523,0.002912891917485367,67067.37,66933.23526,BE,4,1.124480156933637,1.1244801569336866,-4.973799150320701e-14
BTCUSDT,1780662300000,1780662600000,2026-06-05 12:30:00,SHORT,突破回踩,强,0.676,1.83,0.007384800536941642,0.013511298149248261,62220.48,62096.03904,BE,7,0.27082654297773123,0.27082654297773145,-2.220446049250313e-16
BTCUSDT,1780758600000,1780758900000,2026-06-06 15:15:00,SHORT,结构触发,强,0.574,1.59,0.004340928535111217,0.006901439446855361,60616.34,60879.4712,SL,6,-1.0,0.46073092054457404,-1.460730920544574
BTCUSDT,1780863000000,1780863300000,2026-06-07 20:15:00,SHORT,突破回踩,强,0.637,1.53,0.011219830796207426,0.01718377568886613,61580.18,61854.49,STAGNATION,8,-0.3970218225228059,0.17825580762555246,-0.5752776301483583
BTCUSDT,1780895100000,1780895400000,2026-06-08 05:10:00,LONG,结构触发,强,0.569,1.63,0.002699396975304744,0.004403037457724459,62684.0,62514.791,SL,2,-1.0,0.7409062165723933,-1.7409062165723932
BTCUSDT,1780903500000,1780903800000,2026-06-08 07:30:00,LONG,结构触发,很强,0.749,2.34,0.004561383463168187,0.010663364417207003,63189.26,63315.63852,BE,25,0.4384634653388339,0.43846346533883945,-5.551115123125783e-15
BTCUSDT,1780940400000,1780940700000,2026-06-08 17:45:00,LONG,结构触发,强,0.574,2.37,0.0032091864144442018,0.007612903327598053,63380.56,63507.32112,BE,11,0.6232109144542868,0.6232109144542729,1.3877787807814457e-14
BTCUSDT,1781251200000,1781251500000,2026-06-12 08:05:00,LONG,结构触发,强,0.575,2.55,0.002895697580432408,0.007380807903695582,63134.0,63599.979926191925,TP,4,2.548887685499794,0.6906798601880741,1.8582078253117198
BTCUSDT,1781317800000,1781318100000,2026-06-13 02:35:00,LONG,突破回踩,很强,0.83,2.07,0.0017927746058909338,0.003704931920875444,63717.77,63603.5384,SL,3,-1.0,1.115589206489281,-2.1155892064892807
BTCUSDT,1781397000000,1781397300000,2026-06-14 00:35:00,LONG,结构触发,强,0.565,2.11,0.0016518531029150619,0.003487418981463543,64537.69,64666.765380000004,BE,9,1.2107614148440846,1.2107614148440655,1.9095836023552692e-14
BTCUSDT,1781408400000,1781408700000,2026-06-14 03:45:00,LONG,结构触发,强,0.576,2.18,0.00161999999999999,0.003525598974980196,64482.85,64427.56,REVERSAL,11,-0.5292822762894379,1.2345679012345756,-1.7638501775240134
BTCUSDT,1781616900000,1781617200000,2026-06-16 13:40:00,LONG,结构触发,强,0.542,1.95,0.002690255795384119,0.0052513441814775385,66038.34,66170.41668,BE,6,0.7434237307216398,0.7434237307216494,-9.547918011776346e-15
BTCUSDT,1781738700000,1781739000000,2026-06-17 23:30:00,LONG,结构触发,很强,0.756,2.3,0.003918382535351048,0.009004589431902785,64495.99,64468.01,REVERSAL,18,-0.11071543343720323,0.5104146881924636,-0.6211301216296669
BTCUSDT,1781931300000,1781931600000,2026-06-20 05:00:00,LONG,结构触发,强,0.619,1.58,0.0019283672988901083,0.003042769094449477,63583.53,63710.69706,BE,3,1.037146813862233,1.037146813862235,-1.9984014443252818e-15
BTCUSDT,1781937300000,1781937600000,2026-06-20 06:40:00,LONG,OB/FVG回补,强,0.789,1.72,0.001619999999999965,0.0027784402949945037,63730.0,63626.7574,SL,6,-1.0,1.2345679012345947,-2.2345679012345947
BTCUSDT,1782088800000,1782089100000,2026-06-22 00:45:00,LONG,结构触发,强,0.573,1.71,0.005097034404067066,0.00871456422719886,63916.0,64473.00008714564,TP,9,1.7097322749568415,0.3923850304804975,1.317347244476344
BTCUSDT,1782126600000,1782126900000,2026-06-22 11:15:00,LONG,结构触发,一般,0.587,2.48,0.003228887320776773,0.007993536254230679,64309.46,64823.52,TP,10,2.4756318384958926,0.6194084219448266,1.856223416551066
BTCUSDT,1782177000000,1782177300000,2026-06-23 01:15:00,LONG,结构触发,强,0.547,3.59,0.0019211699310089855,0.006887727135692127,64217.13,64093.7579807883,SL,5,-1.000000000000009,1.0410323250008464,-2.0410323250008555
BTCUSDT,1782279600000,1782279900000,2026-06-24 05:45:00,LONG,结构触发,很强,0.743,8.3,0.0025702840345966393,0.021342440593923224,62930.01,62833.16,STAGNATION,8,-0.598770927615763,0.7781241189998929,-1.376895046615656
BTCUSDT,1782435300000,1782435600000,2026-06-26 01:00:00,SHORT,结构触发,强,0.651,2.4,0.0022545594229584237,0.005414877782710646,59667.09,59547.75582,BE,3,0.8870912780713383,0.8870912780713529,-1.4654943925052066e-14
BTCUSDT,1782564900000,1782565200000,2026-06-27 13:00:00,LONG,结构触发,强,0.609,1.56,0.0016200000000000006,0.0025318550388879696,60430.0,60583.0,TP,8,1.5628734807950424,1.2345679012345674,0.328305579560475
BTCUSDT,1782594900000,1782595200000,2026-06-27 21:20:00,LONG,结构触发,强,0.596,1.54,0.0019112123017866695,0.0029400744381745695,60396.44,60281.00958088788,SL,5,-0.9999999999999883,1.0464562195054568,-2.046456219505445
BTCUSDT,1782645300000,1782645600000,2026-06-28 11:20:00,LONG,结构触发,强,0.64,1.71,0.002079763466936963,0.0035488264704416966,60202.99,60323.39598,BE,2,0.9616478180307761,0.9616478180307507,2.5424107263916085e-14
BTCUSDT,1782659400000,1782659700000,2026-06-28 15:15:00,LONG,结构触发,强,0.691,2.09,0.0029812211925384457,0.006240295568945759,60081.63,59902.51337136175,SL,5,-0.9999999999999819,0.6708660212820515,-1.6708660212820334
ETHUSDT,1772481300000,1772481600000,2026-03-02 20:00:00,LONG,结构触发,强,0.61,3.24,0.007013021330318991,0.02272004384484019,2043.56,2029.2284701302133,SL,3,-0.999999999999999,0.2851837896675881,-1.285183789667587
ETHUSDT,1772498100000,1772498400000,2026-03-03 00:40:00,LONG,结构触发,强,0.606,1.55,0.007058251568991449,0.010926466110767469,2036.35,2021.9769294174841,SL,16,-1.000000000000002,0.2833562930494668,-1.2833562930494689
ETHUSDT,1772841300000,1772841600000,2026-03-07 00:00:00,SHORT,结构触发,一般,0.496,1.59,0.0018830735641943684,0.002996947459922809,1978.68,1982.4060000000002,SL,7,-1.0,1.0620933977455396,-2.0620933977455396
ETHUSDT,1772851800000,1772852100000,2026-03-07 02:55:00,SHORT,结构触发,强,0.622,2.13,0.0017408299622742713,0.003706902211515597,1980.09,1983.5369999999996,SL,1,-1.0,1.148877284595413,-2.1488772845954127
ETHUSDT,1773391500000,1773391800000,2026-03-13 08:50:00,LONG,结构触发,强,0.659,1.55,0.006122157943023338,0.009464412193927685,2103.68,2103.21,STAGNATION,8,-0.036493343102702074,0.32668219582265945,-0.36317553892536153
ETHUSDT,1773421200000,1773421500000,2026-03-13 17:05:00,LONG,OB/FVG回补,一般,0.692,1.3,0.004878140162229873,0.006350574174331879,2135.23,2124.814048781402,SL,5,-0.9999999999999826,0.40999231950845977,-1.4099923195084423
ETHUSDT,1773433500000,1773433800000,2026-03-13 20:30:00,LONG,OB/FVG回补,很强,0.743,2.33,0.0046776509389704944,0.010903714655331836,2110.3,2105.8,REVERSAL,12,-0.4558694663280662,0.42756503768538584,-0.883434504013452
ETHUSDT,1773441000000,1773441300000,2026-03-13 22:35:00,LONG,结构触发,强,0.628,1.56,0.002845723497970444,0.0044477924171616575,2084.18,2088.34836,BE,6,0.7028089698196076,0.7028089698195873,2.0317081350640365e-14
ETHUSDT,1773540900000,1773541200000,2026-03-15 02:20:00,LONG,结构触发,一般,0.55,2.47,0.002061649032886027,0.00509685455352427,2095.41,2091.09,SL,3,-1.0,0.9700972222222874,-1.9700972222222874
ETHUSDT,1773593400000,1773593700000,2026-03-15 16:55:00,LONG,结构触发,强,0.641,1.52,0.0016822832010707418,0.00255760588966436,2091.79,2095.97358,BE,3,1.1888604717249664,1.188860471724997,-3.064215547965432e-14
ETHUSDT,1773657600000,1773657900000,2026-03-16 10:45:00,LONG,突破回踩,很强,0.862,2.01,0.006472819663858849,0.013040187325433692,2259.16,2288.619869598127,TP,16,2.0146069259806634,0.30898435362984855,1.7056225723508147
ETHUSDT,1773728700000,1773729000000,2026-03-17 06:30:00,LONG,结构触发,强,0.677,2.25,0.005098948057654384,0.011475734679635684,2321.43,2309.593149010519,SL,4,-1.0000000000000164,0.39223776696404306,-1.3922377669640595
ETHUSDT,1773770100000,1773770400000,2026-03-17 18:00:00,LONG,结构触发,强,0.58,2.44,0.003092254833250855,0.007559699834190892,2340.04,2334.35,REVERSAL,5,-0.786346047540049,0.6467772249861506,-1.4331232725261995
ETHUSDT,1773782100000,1773782400000,2026-03-17 21:20:00,LONG,结构触发,一般,0.632,1.76,0.004928489837128805,0.008684752056746162,2337.42,2328.78,REVERSAL,14,-0.7500032086659552,0.40580381944444505,-1.1558070281104003
ETHUSDT,1773812400000,1773812700000,2026-03-18 05:45:00,SHORT,突破回踩,一般,0.488,1.6,0.004078718456636082,0.006545517181982525,2322.19,2317.54562,BE,26,0.4903500992440592,0.49035009924403994,1.9262369477246466e-14
ETHUSDT,1773903600000,1773903900000,2026-03-19 07:05:00,LONG,结构触发,强,0.553,2.1,0.0032494403053549645,0.006814970455462786,2179.75,2172.6670324944025,SL,1,-0.9999999999999994,0.6154906113228391,-1.6154906113228384
ETHUSDT,1773912000000,1773912300000,2026-03-19 09:25:00,LONG,OB/FVG回补,很强,0.692,2.07,0.008943473613220293,0.018493455491377188,2179.68,2162.03,REVERSAL,32,-0.9054109456852637,0.22362675695085507,-1.1290377026361187
ETHUSDT,1774052700000,1774053000000,2026-03-21 00:30:00,LONG,结构触发,强,0.601,2.24,0.0036115334718985893,0.008086077903478489,2150.61,2154.91122,BE,10,0.5537813827732622,0.553781382773284,-2.1871393585115584e-14
ETHUSDT,1774181400000,1774181700000,2026-03-22 12:15:00,SHORT,突破回踩,强,0.671,2.23,0.005139807033024456,0.011480618921564347,2073.92,2084.57954860193,SL,3,-0.9999999999999977,0.38911966677922627,-1.3891196667792238
ETHUSDT,1774361700000,1774362000000,2026-03-24 14:20:00,LONG,结构触发,强,0.657,1.59,0.008145407481394938,0.01291448025547619,2132.5,2131.59,REVERSAL,27,-0.05238893107126939,0.24553713298791172,-0.2979260640591811
ETHUSDT,1774410900000,1774411200000,2026-03-25 04:00:00,SHORT,结构触发,强,0.613,1.82,0.001619999999999889,0.002951068777970244,2158.53,2162.0268186000003,SL,2,-1.0000000000000961,1.2345679012346524,-2.2345679012347484
ETHUSDT,1774636500000,1774636800000,2026-03-27 18:40:00,SHORT,突破回踩,强,0.643,2.12,0.0028744036873051297,0.006096761505178928,1983.03,1987.55,REVERSAL,8,-0.7929784572979139,0.6957964912280924,-1.4887749485260064
ETHUSDT,1774693200000,1774693500000,2026-03-28 10:25:00,LONG,结构触发,强,0.543,2.73,0.0016199999999999247,0.0044240701445329295,1998.15,1994.9129970000001,SL,1,-1.0000000000000338,1.2345679012346253,-2.234567901234659
ETHUSDT,1775090400000,1775090700000,2026-04-02 00:45:00,LONG,结构触发,强,0.658,1.58,0.00409901900247463,0.006462605562854909,2153.92,2145.09104099019,SL,4,-1.0000000000000058,0.48792162192772826,-1.487921621927734
ETHUSDT,1775159700000,1775160000000,2026-04-02 20:00:00,LONG,结构触发,强,0.679,6.91,0.0050722883399343995,0.03504507732383029,2065.35,2054.8739492771165,SL,30,-0.999999999999992,0.3942993508972848,-1.3942993508972767
ETHUSDT,1775251500000,1775251800000,2026-04-03 21:30:00,LONG,结构触发,强,0.66,1.89,0.0018324217895426375,0.0034565740538176075,2056.94,2053.170818324218,SL,16,-1.000000000000035,1.0914517669532784,-2.0914517669533135
ETHUSDT,1775259300000,1775259600000,2026-04-03 23:40:00,LONG,结构触发,一般,0.474,1.49,0.0016199999999999574,0.0024146341463413745,2050.01,2054.11002,BE,3,1.2345679012345576,1.2345679012346005,-4.285460875053104e-14
ETHUSDT,1775284500000,1775284800000,2026-04-04 06:40:00,LONG,结构触发,很强,0.766,2.27,0.0016199999999998776,0.003676882393333974,2053.38,2057.4867600000002,BE,4,1.2345679012346977,1.234567901234661,3.6637359812630166e-14
ETHUSDT,1775338200000,1775338500000,2026-04-04 21:35:00,LONG,结构触发,很强,0.738,4.05,0.0020799279980258144,0.008414746855962118,2066.61,2070.7432200000003,BE,5,0.9615717476270336,0.9615717476269954,3.8191672047105385e-14
ETHUSDT,1775425200000,1775425500000,2026-04-05 21:45:00,LONG,结构触发,强,0.604,1.7,0.001961650485436754,0.0033398058252427716,2060.0,2064.12,BE,3,1.0195496164316218,1.0195496164316489,-2.708944180085382e-14
ETHUSDT,1775460300000,1775460600000,2026-04-06 07:30:00,LONG,结构触发,强,0.574,2.35,0.0025043800886323836,0.005893210159931759,2134.66,2138.9293199999997,BE,6,0.7986008230452445,0.7986008230452669,-2.2426505097428162e-14
ETHUSDT,1775669100000,1775669400000,2026-04-08 17:30:00,LONG,结构触发,强,0.627,2.73,0.0033286471287985835,0.009093039183879381,2219.28,2239.4599999999996,TP,2,2.7317522200561855,0.6008447043534665,2.130907515702719
ETHUSDT,1775774700000,1775775000000,2026-04-09 22:50:00,LONG,结构触发,很强,0.746,2.03,0.002618205472211978,0.005303266432672359,2213.73,2207.934,SL,1,-0.9999999999999999,0.7638819875776632,-1.7638819875776632
ETHUSDT,1775785200000,1775785500000,2026-04-10 01:45:00,LONG,结构触发,很强,0.757,2.2,0.005159809047510871,0.011375312571038864,2199.51,2194.22,STAGNATION,8,-0.4661182438266831,0.3876112432813409,-0.853729487108024
ETHUSDT,1775796900000,1775797200000,2026-04-10 05:00:00,LONG,结构触发,强,0.538,3.23,0.004062011832163775,0.013121040574574942,2195.71,2191.61,REVERSAL,16,-0.4596927906715731,0.4923668572709767,-0.9520596479425498
ETHUSDT,1775844300000,1775844600000,2026-04-10 18:10:00,LONG,结构触发,强,0.645,1.68,0.0034638205370346557,0.005822033747304897,2244.91,2249.3998199999996,BE,15,0.5773971193415477,0.5773971193415758,-2.808864252301646e-14
ETHUSDT,1775874600000,1775874900000,2026-04-11 02:35:00,LONG,结构触发,强,0.678,1.59,0.0024111645779039403,0.003824704030170648,2248.54,2243.1184,SL,16,-1.0,0.829474693817304,-1.8294746938173039
ETHUSDT,1775946300000,1775946600000,2026-04-11 22:30:00,LONG,结构触发,强,0.566,2.51,0.004182742349594117,0.010482443966414378,2305.77,2296.1255581725763,SL,2,-1.0000000000000007,0.4781551988718777,-1.4781551988718784
ETHUSDT,1775972100000,1775972400000,2026-04-12 05:40:00,LONG,结构触发,很强,0.827,4.9,0.001681347243781864,0.008244287209848012,2216.07,2220.50214,BE,7,1.1895222758990218,1.1895222758990514,-2.9531932455029164e-14
ETHUSDT,1775979600000,1775979900000,2026-04-12 07:45:00,LONG,结构触发,强,0.578,3.35,0.0020685366117459037,0.006935681580560205,2218.96,2214.3700000000003,SL,13,-1.0,0.9668671023965794,-1.9668671023965794
ETHUSDT,1776146400000,1776146700000,2026-04-14 06:05:00,SHORT,结构触发,强,0.532,12.46,0.0038171115697400977,0.047544380829685276,2359.69,2368.6972,SL,7,-1.0,0.5239563904432003,-1.5239563904432003
ETHUSDT,1776172800000,1776173100000,2026-04-14 13:25:00,LONG,结构触发,强,0.55,2.37,0.0020443616405248113,0.004854939281787962,2383.13,2378.2580204436163,SL,1,-0.9999999999999907,0.9783004926107775,-1.9783004926107681
ETHUSDT,1776204600000,1776204900000,2026-04-14 22:15:00,LONG,结构触发,很强,0.747,2.38,0.002972669991109168,0.007078399285287847,2328.21,2321.2889999999998,SL,1,-1.0,0.6727958387515987,-1.6727958387515987
ETHUSDT,1776428700000,1776429000000,2026-04-17 12:30:00,LONG,结构触发,强,0.63,1.62,0.004619492656875594,0.007480873969525544,2359.36,2377.01007480874,TP,5,1.6194146251950516,0.43294797687863523,1.1864666483164164
ETHUSDT,1776450000000,1776450300000,2026-04-17 18:25:00,LONG,结构触发,强,0.562,2.54,0.0033953012266999855,0.008630652644091802,2422.76,2427.60552,BE,17,0.5890493557014409,0.5890493557014591,-1.8207657603852567e-14
ETHUSDT,1776465300000,1776465600000,2026-04-17 22:40:00,LONG,结构触发,强,0.585,1.91,0.005598245038543647,0.010706084959816169,2438.79,2425.13705598245,SL,8,-1.00000000000001,0.3572548157913947,-1.3572548157914046
ETHUSDT,1777045500000,1777045800000,2026-04-24 15:50:00,LONG,结构触发,强,0.582,1.53,0.004927863386306883,0.007538911553489655,2321.29,2315.46,STAGNATION,8,-0.5096599353090105,0.40585540694115535,-0.9155153422501658
ETHUSDT,1777080300000,1777080600000,2026-04-25 01:30:00,LONG,结构触发,强,0.638,1.93,0.0016200000000000216,0.003123705646831329,2317.76,2314.0052288,SL,43,-0.9999999999999999,1.2345679012345514,-2.234567901234551
ETHUSDT,1777104300000,1777104600000,2026-04-25 08:10:00,LONG,结构触发,强,0.58,1.81,0.0016199999999999123,0.0029333103269779063,2318.2,2317.37,REVERSAL,16,-0.2210101281219604,1.2345679012346347,-1.455578029356595
ETHUSDT,1777117500000,1777117800000,2026-04-25 11:50:00,LONG,结构触发,很强,0.692,2.11,0.0016200000000000051,0.0034191359225400637,2313.45,2318.0769,BE,20,1.234567901234619,1.234567901234564,5.484501741648273e-14
ETHUSDT,1777126200000,1777126500000,2026-04-25 14:15:00,LONG,结构触发,很强,0.764,2.65,0.0016199999999999633,0.004292104684217486,2318.22,2316.75,STAGNATION,8,-0.39142419934575,1.2345679012345958,-1.625992100580346
ETHUSDT,1777310700000,1777311000000,2026-04-27 17:30:00,LONG,结构触发,强,0.604,3.6,0.0039697205444008945,0.01430931547801166,2288.01,2280.46,REVERSAL,24,-0.8312451004214114,0.5038138019112974,-1.3350589023327089
ETHUSDT,1777353900000,1777354200000,2026-04-28 05:30:00,LONG,结构触发,强,0.591,2.17,0.0028383025273808838,0.0061626432247971555,2294.47,2287.9576,SL,3,-1.0,0.7046465204840413,-1.7046465204840413
ETHUSDT,1777370100000,1777370400000,2026-04-28 10:00:00,SHORT,结构触发,一般,0.506,2.07,0.0024796365022543587,0.0051440013670598925,2282.26,2284.22,STAGNATION,8,-0.34634022264244857,0.8065698331919627,-1.1529100558344112
ETHUSDT,1777858800000,1777859100000,2026-05-04 01:45:00,LONG,结构触发,强,0.673,1.63,0.007831265764585022,0.012766359718289298,2327.21,2356.92,TP,4,1.630178326474633,0.25538655692729895,1.374791769547334
ETHUSDT,1777887600000,1777887900000,2026-05-04 09:45:00,LONG,结构触发,强,0.641,3.95,0.002274990716045889,0.00899699537490301,2369.67,2364.2790227499077,SL,4,-0.9999999999999921,0.8791244667038272,-1.8791244667038192
ETHUSDT,1777905000000,1777905300000,2026-05-04 14:35:00,LONG,结构触发,很强,0.76,3.3,0.005434899225994404,0.01795795335530174,2348.83,2353.5276599999997,BE,9,0.36799210377888625,0.36799210377890074,-1.4488410471358293e-14
ETHUSDT,1777942500000,1777942800000,2026-05-05 01:00:00,LONG,结构触发,强,0.546,2.17,0.002399155513538515,0.005197491976954769,2358.83,2363.5476599999997,BE,12,0.833626661012113,0.833626661012149,-3.597122599785507e-14
ETHUSDT,1777961400000,1777961700000,2026-05-05 06:15:00,LONG,结构触发,强,0.538,1.69,0.0016200000000000183,0.002741915135203323,2377.91,2374.0577857999997,SL,2,-1.0000000000000309,1.2345679012345538,-2.234567901234585
ETHUSDT,1778011800000,1778012100000,2026-05-05 20:15:00,LONG,OB/FVG回补,很强,0.909,3.1,0.0025747016345511204,0.007994219628896898,2380.47,2385.23094,BE,6,0.7767890357317984,0.776789035731779,1.9317880628477724e-14
ETHUSDT,1778028900000,1778029200000,2026-05-06 01:00:00,SHORT,结构触发,一般,0.473,2.33,0.0036005633016580473,0.00837340302711214,2364.63,2368.86,REVERSAL,3,-0.4968287526427276,0.5554686398872661,-1.0522973925299937
ETHUSDT,1778103600000,1778103900000,2026-05-06 21:45:00,LONG,结构触发,强,0.553,3.16,0.0016199999999999936,0.005124395007217334,2355.41,2351.5942357999998,SL,5,-1.000000000000031,1.2345679012345727,-2.2345679012346036
ETHUSDT,1778222700000,1778223000000,2026-05-08 06:50:00,SHORT,突破回踩,强,0.675,1.74,0.002377582417582464,0.004127472527472471,2275.0,2270.45,BE,5,0.8411906082455339,0.8411906082455004,3.352873534367973e-14
ETHUSDT,1778260200000,1778260500000,2026-05-08 17:15:00,LONG,结构触发,很强,0.762,5.84,0.003081211751638659,0.017980268745780518,2295.86,2313.49,REVERSAL,21,2.4922141941764187,0.6490952784846268,1.8431189156917918
ETHUSDT,1778337000000,1778337300000,2026-05-09 14:35:00,SHORT,突破回踩,强,0.587,2.28,0.0038672256011654076,0.00882185913636813,2306.76,2314.53,REVERSAL,13,-0.8710018926114109,0.5171666218276199,-1.3881685144390308
ETHUSDT,1778384400000,1778384700000,2026-05-10 03:45:00,SHORT,结构触发,一般,0.447,2.11,0.002144817014260088,0.004525800066126475,2328.87,2329.01,TIMEOUT,48,-0.02802802802809419,0.9324804804805008,-0.960508508508595
ETHUSDT,1778411400000,1778411700000,2026-05-10 11:15:00,LONG,结构触发,强,0.547,1.81,0.0016199999999999622,0.0029300782644987007,2324.16,2320.3948608,SL,2,-0.9999999999999687,1.2345679012345967,-2.2345679012345654
ETHUSDT,1778418900000,1778419200000,2026-05-10 13:20:00,LONG,结构触发,很强,0.784,2.26,0.0016200000000000507,0.0036611956185831408,2329.84,2334.4996800000004,BE,18,1.2345679012345843,1.2345679012345294,5.484501741648273e-14
ETHUSDT,1778503800000,1778504100000,2026-05-11 12:55:00,LONG,结构触发,强,0.629,2.0,0.0018918431957994687,0.0037922661793347856,2331.05,2326.640018918432,SL,7,-0.9999999999999827,1.0571700680271368,-2.057170068027119
ETHUSDT,1778515800000,1778516100000,2026-05-11 16:15:00,LONG,突破回踩,很强,0.741,2.25,0.004892684052619569,0.011009393884999599,2339.82,2328.372,SL,6,-1.0,0.40877358490564897,-1.4087735849056489
ETHUSDT,1778712300000,1778712600000,2026-05-13 22:50:00,SHORT,结构触发,强,0.545,2.02,0.001620000000000038,0.0032677568045056324,2258.43,2261.22,REVERSAL,4,-0.762574984490181,1.234567901234539,-1.99714288572472
ETHUSDT,1778714700000,1778715000000,2026-05-13 23:30:00,SHORT,结构触发,强,0.581,4.03,0.0025792763143323537,0.010400379162034195,2257.6,2263.4229742072366,SL,8,-0.9999999999999983,0.7754113000171913,-1.7754113000171896
ETHUSDT,1778751900000,1778752200000,2026-05-14 09:50:00,SHORT,结构触发,一般,0.475,2.73,0.0029035989204566695,0.007919309021453635,2256.51,2263.062,SL,5,-1.0,0.6888003663004,-1.6888003663003999
ETHUSDT,1778764500000,1778764800000,2026-05-14 13:20:00,SHORT,结构触发,一般,0.513,2.5,0.003336877076412118,0.008354374307862737,2257.49,2252.97502,BE,5,0.5993628036638404,0.5993628036638505,-1.0103029524088925e-14
ETHUSDT,1778905500000,1778905800000,2026-05-16 04:30:00,SHORT,结构触发,一般,0.466,1.74,0.0016199999999999954,0.00281328084272581,2225.16,2218.9,TP,1,1.7365931127937149,1.2345679012345714,0.5020252115591435
ETHUSDT,1778907300000,1778907600000,2026-05-16 05:00:00,SHORT,突破回踩,强,0.636,1.96,0.0016199999999998572,0.003180621568926912,2225.99,2221.53802,BE,16,1.2345679012346273,1.2345679012346766,-4.929390229335695e-14
ETHUSDT,1779037200000,1779037500000,2026-05-17 17:05:00,LONG,结构触发,很强,0.743,3.18,0.0016199999999999034,0.0051569527264066035,2183.45,2179.9128109999997,SL,2,-1.0000000000000953,1.2345679012346416,-2.234567901234737
ETHUSDT,1779048300000,1779048600000,2026-05-17 20:10:00,LONG,突破回踩,很强,0.786,2.29,0.0016199999999999032,0.00370789800540654,2189.93,2189.11,STAGNATION,8,-0.2311365383852559,1.2345679012346418,-1.4657044396198977
ETHUSDT,1779153900000,1779154200000,2026-05-19 01:30:00,SHORT,结构触发,强,0.612,1.74,0.0026468844963357468,0.004605281726580784,2125.82,2131.4468000000006,SL,2,-1.0,0.7556053174094787,-1.7556053174094788
ETHUSDT,1779156900000,1779157200000,2026-05-19 02:20:00,SHORT,突破回踩,一般,0.474,1.74,0.0021567116490619907,0.003754275833552505,2128.25,2132.8400215671163,SL,1,-1.0000000000000278,0.9273376906318707,-1.9273376906318984
ETHUSDT,1779286200000,1779286500000,2026-05-20 14:15:00,LONG,结构触发,一般,0.465,1.37,0.005270199605218073,0.007212546344496815,2122.7,2138.010072125463,TP,1,1.3685527844819225,0.37949226781083994,0.9890605166710826
ETHUSDT,1779340500000,1779340800000,2026-05-21 05:20:00,LONG,结构触发,很强,0.752,3.96,0.0016199999999999127,0.00641868883353402,2143.73,2140.71,REVERSAL,4,-0.8696046287845423,1.2345679012346344,-2.1041725300191767
ETHUSDT,1779393900000,1779394200000,2026-05-21 20:10:00,LONG,结构触发,一般,0.466,1.35,0.0019183376274224857,0.0025951234083865173,2142.47,2138.360019183376,SL,4,-0.99999999999995,1.0425693430656613,-2.0425693430656113
ETHUSDT,1779405300000,1779405600000,2026-05-21 23:20:00,LONG,结构触发,强,0.523,1.56,0.002238207181970458,0.0034816556163985383,2131.16,2135.4223199999997,BE,6,0.8935723270439906,0.8935723270440287,-3.808064974464287e-14
ETHUSDT,1779601800000,1779602100000,2026-05-24 05:55:00,SHORT,结构触发,强,0.6,2.58,0.0025005542635841427,0.006443608987089128,2119.92,2125.2209749944573,SL,12,-0.9999999999999803,0.7998226749669977,-1.7998226749669781
ETHUSDT,1779773400000,1779773700000,2026-05-26 05:35:00,LONG,突破回踩,很强,0.777,2.16,0.003652907129075895,0.007874615915965865,2099.16,2096.98,REVERSAL,11,-0.2842970285463626,0.547509128847181,-0.8318061573935436
ETHUSDT,1779804000000,1779804300000,2026-05-26 14:05:00,LONG,结构触发,一般,0.545,1.65,0.004275277148310853,0.007033314214252822,2127.02,2131.27404,BE,6,0.467805929444855,0.46780592944487653,-2.1538326677728037e-14
ETHUSDT,1779843300000,1779843600000,2026-05-27 01:00:00,LONG,突破回踩,很强,0.817,2.07,0.0047121956838954435,0.009739075339835632,2083.35,2073.5328471219564,SL,6,-0.9999999999999971,0.42443059120725113,-1.4244305912072481
ETHUSDT,1780104600000,1780104900000,2026-05-30 01:35:00,LONG,结构触发,强,0.667,3.55,0.0033896861896722938,0.01201974247652238,2020.01,2020.02,STAGNATION,8,0.0014604509872635542,0.590025119756987,-0.5885646687697235
ETHUSDT,1780379400000,1780379700000,2026-06-02 05:55:00,SHORT,结构触发,强,0.567,2.3,0.003836454570154782,0.008835397945115848,1987.46,1983.48508,BE,8,0.5213146574336642,0.5213146574336497,1.454392162258955e-14
ETHUSDT,1780425900000,1780426200000,2026-06-02 18:50:00,SHORT,结构触发,一般,0.467,2.39,0.0045220449692249046,0.010802662982037484,1910.64,1890.0,TP,9,2.3888888888889355,0.4422777777777844,1.946611111111151
ETHUSDT,1780429800000,1780430100000,2026-06-02 19:55:00,SHORT,结构触发,强,0.593,2.13,0.00512894312687079,0.01094760638854587,1910.93,1907.10814,BE,11,0.3899438832772209,0.3899438832772194,1.4988010832439613e-15
ETHUSDT,1780593600000,1780593900000,2026-06-04 17:25:00,SHORT,结构触发,强,0.629,2.17,0.004894993846520355,0.010605536430301234,1763.23,1759.70354,BE,5,0.4085806974858079,0.40858069748580295,4.9404924595819466e-15
ETHUSDT,1780660500000,1780660800000,2026-06-05 12:00:00,SHORT,结构触发,强,0.521,2.68,0.008433847929591794,0.02263983071225898,1663.43,1660.1031400000002,BE,9,0.2371396800957899,0.23713968009579725,-7.355227538141662e-15
ETHUSDT,1780911300000,1780911600000,2026-06-08 09:40:00,LONG,结构触发,强,0.546,2.43,0.005350663417275823,0.013021632517977014,1661.85,1665.1736999999998,BE,10,0.3737854251012126,0.3737854251012219,-9.325873406851315e-15
ETHUSDT,1780990200000,1780990500000,2026-06-09 07:35:00,SHORT,结构触发,一般,0.456,1.33,0.00732127127722883,0.00974288775145823,1680.21,1669.85,TIMEOUT,48,0.8421892450363323,0.2731766006568492,0.5690126443794832
ETHUSDT,1781073900000,1781074200000,2026-06-10 06:50:00,SHORT,结构触发,强,0.607,1.55,0.005826778411982114,0.009049163442851095,1631.1,1636.57,REVERSAL,6,-0.5755436094643618,0.3432428451178485,-0.9187864545822103
ETHUSDT,1781120100000,1781120400000,2026-06-10 19:40:00,SHORT,OB/FVG回补,一般,0.504,1.5,0.0032928220159183057,0.004942298966164228,1630.82,1627.55836,BE,7,0.6073817504655511,0.6073817504655616,-1.0547118733938987e-14
ETHUSDT,1781242200000,1781242500000,2026-06-12 05:35:00,LONG,结构触发,强,0.599,1.54,0.0019635108244827905,0.0030327731293902957,1668.44,1665.164,SL,1,-1.0,1.0185836385836178,-2.0185836385836176
ETHUSDT,1781252700000,1781253000000,2026-06-12 08:30:00,LONG,结构触发,很强,0.772,2.73,0.004062162307384662,0.011092735989301257,1674.98,1673.8,STAGNATION,8,-0.1734263602498253,0.4923486184597232,-0.6657749787095485
ETHUSDT,1781333700000,1781334000000,2026-06-13 07:00:00,LONG,结构触发,很强,0.683,2.04,0.002470863029286608,0.005030843864167134,1669.71,1673.04942,BE,7,0.8094337793291012,0.8094337793290969,4.3298697960381105e-15
ETHUSDT,1781397600000,1781397900000,2026-06-14 00:45:00,LONG,结构触发,强,0.541,5.11,0.0016954893920485324,0.008664646104474908,1682.7,1686.0654,BE,7,1.1796004206098252,1.1796004206098574,-3.219646771412954e-14
ETHUSDT,1781425500000,1781425800000,2026-06-14 08:30:00,LONG,结构触发,强,0.531,1.67,0.001619999999999969,0.0026996906976882616,1677.98,1675.2616724000002,SL,6,-0.9999999999999598,1.2345679012345916,-2.234567901234551
ETHUSDT,1781510400000,1781510700000,2026-06-15 08:05:00,LONG,结构触发,强,0.648,1.63,0.0025537853238749,0.004163274799395327,1719.81,1723.24962,BE,16,0.7831511839708706,0.7831511839708467,2.3869795029440866e-14
ETHUSDT,1781578500000,1781578800000,2026-06-16 03:00:00,LONG,结构触发,一般,0.464,6.25,0.002465920582104016,0.015411297475326654,1770.13,1773.67026,BE,3,0.8110561282932798,0.8110561282932822,-2.4424906541753444e-15
ETHUSDT,1781753400000,1781753700000,2026-06-18 03:35:00,SHORT,结构触发,强,0.568,1.65,0.0020760829746313495,0.00342865647037275,1747.04,1743.54592,BE,2,0.9633526330300484,0.9633526330300649,-1.6542323066914832e-14
ETHUSDT,1782037200000,1782037500000,2026-06-21 10:25:00,LONG,结构触发,强,0.546,1.95,0.001643565725346552,0.003197262452041168,1735.86,1733.0069999999998,SL,3,-1.0,1.2168664563616964,-2.2168664563616964
ETHUSDT,1782089100000,1782089400000,2026-06-22 00:50:00,LONG,结构触发,强,0.6,1.52,0.00659803381376329,0.01001072992489052,1724.15,1741.4100000000003,TP,7,1.517229254571049,0.3031206047819978,1.2141086497890512
ETHUSDT,1782100500000,1782100800000,2026-06-22 04:00:00,LONG,结构触发,一般,0.481,1.39,0.002611560693641635,0.0036242774566473883,1730.0,1733.46,BE,6,0.7658255865427211,0.7658255865427132,7.993605777301127e-15
ETHUSDT,1782176400000,1782176700000,2026-06-23 01:05:00,LONG,结构触发,强,0.646,1.56,0.002591355225120731,0.004039075167188861,1733.07,1728.579,SL,7,-1.0,0.7717969271877113,-1.7717969271877112
ETHUSDT,1782279000000,1782279300000,2026-06-24 05:35:00,LONG,结构触发,很强,0.746,4.21,0.00333753743342674,0.01404687471980968,1672.97,1676.31594,BE,2,0.5992442152016563,0.5992442152016692,-1.2878587085651816e-14
ETHUSDT,1782293100000,1782293400000,2026-06-24 09:30:00,SHORT,结构触发,强,0.652,2.31,0.0016200000000000014,0.0037357958804305567,1667.65,1664.3147000000001,BE,10,1.2345679012345523,1.234567901234567,-1.4654943925052066e-14
ETHUSDT,1782435900000,1782436200000,2026-06-26 01:10:00,SHORT,结构触发,一般,0.513,2.37,0.0050496664385358036,0.011992861848627696,1563.42,1560.2931600000002,BE,6,0.39606576480720085,0.39606576480721334,-1.2490009027033011e-14
ETHUSDT,1782454200000,1782454500000,2026-06-26 06:15:00,SHORT,结构触发,一般,0.457,1.66,0.005215198059822054,0.008633791430881105,1546.24,1554.3039478480193,SL,2,-1.0000000000000089,0.3834945436508007,-1.3834945436508095
ETHUSDT,1782476400000,1782476700000,2026-06-26 12:25:00,SHORT,OB/FVG回补,一般,0.517,1.31,0.0030125069375428323,0.003943105695883875,1549.54,1554.208,SL,2,-1.0,0.663898886032545,-1.663898886032545
ETHUSDT,1782659400000,1782659700000,2026-06-28 15:15:00,LONG,结构触发,强,0.52,1.93,0.0038134629957061223,0.00735665572114176,1583.61,1577.5709618653696,SL,8,-1.0000000000000289,0.5244576916707877,-1.5244576916708166
ETHUSDT,1782678000000,1782678300000,2026-06-28 20:25:00,LONG,结构触发,强,0.623,1.78,0.003891972211991456,0.006927951840892113,1574.77,1571.3,STAGNATION,8,-0.5661644697281639,0.5138782835699215,-1.0800427532980854
ETHUSDT,1782728400000,1782728700000,2026-06-29 10:25:00,LONG,结构触发,强,0.62,1.61,0.002908145843608866,0.0046793388220712166,1581.42,1576.8210000000001,SL,8,-1.0,0.6877234181343871,-1.6877234181343872
SOLUSDT,1773187800000,1773188100000,2026-03-11 00:15:00,LONG,结构触发,一般,0.426,2.05,0.004704925650557634,0.009642193308550167,86.08,85.675,SL,1,-1.0,0.4250864197530852,-1.4250864197530853
SOLUSDT,1773190800000,1773191100000,2026-03-11 01:05:00,LONG,突破回踩,很强,0.866,2.42,0.0035511198793083134,0.008587675525124693,86.17,85.864,SL,4,-1.0,0.5632026143790898,-1.5632026143790898
SOLUSDT,1773237300000,1773237600000,2026-03-11 14:00:00,LONG,突破回踩,很强,0.819,2.1,0.007327285415212952,0.015352407536636347,85.97,86.14194,BE,2,0.27295238095238694,0.2729523809523768,1.0158540675320182e-14
SOLUSDT,1773339900000,1773340200000,2026-03-12 18:30:00,SHORT,结构触发,一般,0.498,1.31,0.010278551532033553,0.013463324048282226,86.16,86.46,REVERSAL,12,-0.33875338753386797,0.1945799457994556,-0.5333333333333236
SOLUSDT,1773347400000,1773347700000,2026-03-12 20:35:00,SHORT,结构触发,强,0.584,2.24,0.003606936416185108,0.00809248554913298,86.49,86.56,STAGNATION,8,-0.22438491481156891,0.5544871794871584,-0.7788720942987273
SOLUSDT,1773354600000,1773354900000,2026-03-12 22:35:00,SHORT,突破回踩,强,0.668,1.68,0.006897352531351534,0.011611704598235021,86.12,86.714,SL,6,-1.0,0.28996632996633287,-1.2899663299663329
SOLUSDT,1773391200000,1773391500000,2026-03-13 08:45:00,LONG,结构触发,很强,0.778,2.57,0.006453058480842409,0.01658077526327571,89.26,89.05,STAGNATION,8,-0.3645833333333513,0.3099305555555591,-0.6745138888889104
SOLUSDT,1773441000000,1773441300000,2026-03-13 22:35:00,LONG,结构触发,很强,0.695,3.06,0.002932818006138406,0.008980334204842469,87.98,88.15596000000001,BE,12,0.6819379844961491,0.6819379844961357,1.3322676295501878e-14
SOLUSDT,1773522600000,1773522900000,2026-03-14 21:15:00,LONG,结构触发,很强,0.681,3.05,0.0016199999999999644,0.004946508685148885,86.94,87.11388,BE,6,1.2345679012345732,1.2345679012345951,-2.19824158875781e-14
SOLUSDT,1773669300000,1773669600000,2026-03-16 14:00:00,LONG,结构触发,很强,0.766,2.37,0.006532877882151951,0.015478223740392705,93.68,93.86736,BE,6,0.30614379084967286,0.30614379084967586,-2.9976021664879227e-15
SOLUSDT,1773750900000,1773751200000,2026-03-17 12:40:00,LONG,结构触发,强,0.68,1.58,0.0048082060049150855,0.0075862805855325755,93.58,94.28992413719415,TP,11,1.5777777777777802,0.4159555555555529,1.1618222222222272
SOLUSDT,1773782100000,1773782400000,2026-03-17 21:20:00,LONG,结构触发,强,0.631,4.47,0.004160537928136022,0.018596343769699472,95.18,95.37036,BE,13,0.48070707070708274,0.480707070707087,-4.274358644806853e-15
SOLUSDT,1774261200000,1774261500000,2026-03-23 10:25:00,LONG,结构触发,强,0.636,2.02,0.0029319371727748148,0.005933682373472843,85.95,85.75,REVERSAL,5,-0.7936507936508196,0.6821428571428698,-1.4757936507936895
SOLUSDT,1774479000000,1774479300000,2026-03-25 22:55:00,LONG,结构触发,强,0.596,1.89,0.00392156862745082,0.007407407407407482,91.8,91.7,STAGNATION,8,-0.27777777777777335,0.5100000000000209,-0.7877777777777942
SOLUSDT,1774766400000,1774766700000,2026-03-29 06:45:00,SHORT,结构触发,强,0.652,1.8,0.0016200000000000097,0.002914743745445823,82.34,82.4733908,SL,1,-1.0,1.2345679012345605,-2.2345679012345605
SOLUSDT,1774963800000,1774964100000,2026-03-31 13:35:00,LONG,结构触发,强,0.551,2.62,0.007844392465837832,0.02055890680782964,81.23,81.39246,BE,14,0.25495919648461085,0.2549591964846174,-6.5503158452884236e-15
SOLUSDT,1774976100000,1774976400000,2026-03-31 17:00:00,LONG,结构触发,一般,0.574,1.49,0.010486709552129993,0.01565723995630545,82.39,82.55478,BE,8,0.19071759259258697,0.19071759259259477,-7.799316747991725e-15
SOLUSDT,1775124900000,1775125200000,2026-04-02 10:20:00,SHORT,结构触发,一般,0.504,1.4,0.0030775075987843114,0.004305977710232893,78.96,78.62,TP,11,1.3991769547324129,0.6498765432098519,0.749300411522561
SOLUSDT,1775310600000,1775310900000,2026-04-04 13:55:00,SHORT,结构触发,强,0.595,5.49,0.0019122609673789723,0.010498687664042036,80.02,79.85996,BE,11,1.045882352941202,1.045882352941234,-3.197442310920451e-14
SOLUSDT,1775350500000,1775350800000,2026-04-05 01:00:00,LONG,结构触发,强,0.66,2.99,0.0017843866171002633,0.005328376703841296,80.7,80.55600000000001,SL,12,-1.0,1.1208333333334015,-2.1208333333334015
SOLUSDT,1775368500000,1775368800000,2026-04-05 06:00:00,LONG,结构触发,强,0.567,1.75,0.0023533806499812346,0.004109077325364192,80.3,80.1110235338065,SL,1,-1.0000000000000084,0.8498412698413016,-1.84984126984131
SOLUSDT,1775411700000,1775412000000,2026-04-05 18:00:00,LONG,结构触发,一般,0.585,2.1,0.002027534418022605,0.004255319148936035,79.89,79.72802027534418,SL,3,-0.9999999999999766,0.9864197530863824,-1.986419753086359
SOLUSDT,1775414400000,1775414700000,2026-04-05 18:45:00,LONG,OB/FVG回补,很强,0.929,3.92,0.004047470331043074,0.015865084322298516,80.04,79.73,REVERSAL,11,-0.9569096624527368,0.49413580246913874,-1.4510454649218756
SOLUSDT,1775655900000,1775656200000,2026-04-08 13:50:00,LONG,结构触发,强,0.554,6.09,0.005119089939566325,0.03116482995615589,84.39,83.958,SL,2,-1.0,0.39069444444444246,-1.3906944444444425
SOLUSDT,1775783400000,1775783700000,2026-04-10 01:15:00,LONG,结构触发,强,0.636,2.33,0.004797694801296754,0.011165806219233913,83.29,82.8904,SL,2,-0.9999999999999999,0.41686686686686,-1.4168668668668598
SOLUSDT,1775785200000,1775785500000,2026-04-10 01:45:00,LONG,结构触发,强,0.651,2.34,0.003990891658676874,0.009348034515819765,83.45,83.11696009108343,SL,4,-0.9999999999999701,0.5011411411411436,-1.5011411411411137
SOLUSDT,1776465900000,1776466200000,2026-04-17 22:50:00,LONG,结构触发,强,0.634,1.77,0.0026592053721320704,0.004700615556799124,89.35,89.1124,SL,3,-1.0,0.7521043771043756,-1.7521043771043756
SOLUSDT,1776644100000,1776644400000,2026-04-20 00:20:00,SHORT,结构触发,一般,0.448,1.95,0.0035560344827585853,0.006944444444444424,83.52,83.817,SL,1,-1.0,0.562424242424248,-1.562424242424248
SOLUSDT,1777018200000,1777018500000,2026-04-24 08:15:00,LONG,结构触发,强,0.607,2.31,0.0016199999999998757,0.0037488284910966187,85.36,85.68,TP,2,2.31409166117093,1.2345679012346626,1.0795237599362673
SOLUSDT,1777094100000,1777094400000,2026-04-25 05:20:00,LONG,结构触发,很强,0.748,2.44,0.0016199999999998882,0.003945688754787088,86.17,86.34234000000001,BE,11,1.2345679012346924,1.234567901234653,3.930189507173054e-14
SOLUSDT,1777098600000,1777098900000,2026-04-25 06:35:00,LONG,结构触发,强,0.528,2.18,0.002125245977543679,0.004630165528417707,86.38,86.55275999999999,BE,5,0.9410675381263518,0.9410675381263698,-1.7985612998927536e-14
SOLUSDT,1777124400000,1777124700000,2026-04-25 13:45:00,LONG,结构触发,强,0.531,1.99,0.0016200000000000153,0.0032310177705977515,86.66,86.5196108,SL,4,-1.0,1.2345679012345563,-2.2345679012345565
SOLUSDT,1777787100000,1777787400000,2026-05-03 05:50:00,LONG,结构触发,强,0.532,1.77,0.0016200000000000196,0.002866013852400395,83.74,83.6043412,SL,8,-1.0,1.234567901234553,-2.234567901234553
SOLUSDT,1777821000000,1777821300000,2026-05-03 15:15:00,LONG,突破回踩,很强,0.825,4.98,0.001619999999999969,0.00806738640408106,84.29,84.15345020000001,SL,7,-1.0,1.2345679012345916,-2.2345679012345916
SOLUSDT,1777887600000,1777887900000,2026-05-04 09:45:00,LONG,结构触发,很强,0.862,2.94,0.0021141649048624926,0.006225041108762052,85.14,84.96000000000001,SL,4,-1.0,0.9460000000000388,-1.9460000000000388
SOLUSDT,1777941300000,1777941600000,2026-05-05 00:40:00,LONG,结构触发,强,0.582,1.78,0.0021367521367520494,0.00379867046533722,84.23,84.39846,BE,8,0.9360000000000163,0.9360000000000382,-2.19824158875781e-14
SOLUSDT,1778130300000,1778130600000,2026-05-07 05:10:00,LONG,结构触发,强,0.666,2.64,0.002948153168417437,0.007793968146391028,88.54,88.71708000000001,BE,2,0.6783908045977264,0.6783908045977124,1.3988810110276972e-14
SOLUSDT,1778167500000,1778167800000,2026-05-07 15:30:00,LONG,结构触发,强,0.522,2.3,0.0041903247785602315,0.009652509652509588,88.07,88.24614,BE,6,0.4772899728997211,0.4772899728997109,1.0158540675320182e-14
SOLUSDT,1778563500000,1778563800000,2026-05-12 05:30:00,LONG,结构触发,强,0.606,3.04,0.003576529028251996,0.010866190624029923,96.64,96.83328,BE,12,0.5592013888889087,0.5592013888889045,4.218847493575595e-15
SOLUSDT,1778598000000,1778598300000,2026-05-12 15:05:00,LONG,结构触发,强,0.562,2.41,0.0034274833386227894,0.008251348778165673,94.54,94.21596572516661,SL,4,-0.9999999999999873,0.5835185185184965,-1.583518518518484
SOLUSDT,1778606700000,1778607000000,2026-05-12 17:30:00,LONG,结构触发,强,0.659,3.23,0.0030492323980941946,0.009846479618845872,94.45,94.6389,BE,18,0.6559027777777986,0.6559027777777854,1.3211653993039363e-14
SOLUSDT,1778631900000,1778632200000,2026-05-13 00:30:00,SHORT,突破回踩,很强,0.713,2.2,0.003662568885120862,0.008054260279779622,94.37,94.71563662568886,SL,8,-0.9999999999999958,0.5460648148148076,-1.5460648148148035
SOLUSDT,1778756100000,1778756400000,2026-05-14 11:00:00,SHORT,结构触发,一般,0.483,1.9,0.001845140032948843,0.0035145524437121714,91.05,90.86789999999999,BE,5,1.0839285714286546,1.083928571428622,3.26405569239796e-14
SOLUSDT,1778831700000,1778832000000,2026-05-15 08:00:00,SHORT,结构触发,强,0.535,2.33,0.00304585152838424,0.007096069868995696,91.61,90.9599290393013,TP,7,2.329749103942714,0.6566308243727683,1.6731182795699457
SOLUSDT,1779059400000,1779059700000,2026-05-17 23:15:00,SHORT,突破回踩,很强,0.712,2.1,0.0027599024276917907,0.0058078754791497265,86.08,85.90784,BE,2,0.7246632996633635,0.7246632996633415,2.19824158875781e-14
SOLUSDT,1779399000000,1779399300000,2026-05-21 21:35:00,LONG,结构触发,强,0.55,1.54,0.002262857142857066,0.0034857142857143636,87.5,87.302,SL,6,-1.0,0.8838383838384138,-1.8838383838384138
SOLUSDT,1779413700000,1779414000000,2026-05-22 01:40:00,LONG,结构触发,强,0.534,1.77,0.0022140221402213224,0.003920664206642106,86.73,87.07003920664206,TP,3,1.7708333333333677,0.903333333333366,0.8675000000000017
SOLUSDT,1779423600000,1779423900000,2026-05-22 04:25:00,LONG,结构触发,一般,0.612,1.32,0.001650808208185157,0.0021781497191332997,87.23,87.08600000000001,SL,4,-1.0,1.2115277777778515,-2.2115277777778513
SOLUSDT,1779426000000,1779426300000,2026-05-22 05:05:00,LONG,结构触发,很强,0.681,2.2,0.001619999999999959,0.003564857405703798,86.96,87.13391999999999,BE,3,1.2345679012345667,1.2345679012345991,-3.241851231905457e-14
SOLUSDT,1779428400000,1779428700000,2026-05-22 05:45:00,LONG,结构触发,强,0.642,1.7,0.0019670999654895485,0.0033360174853329346,86.94,87.11388,BE,3,1.016725146198774,1.016725146198792,-1.7985612998927536e-14
SOLUSDT,1779463800000,1779464100000,2026-05-22 15:35:00,LONG,结构触发,强,0.694,1.8,0.004865424430641843,0.008741660915574018,86.94,86.78,STAGNATION,8,-0.37825059101653885,0.4110638297872323,-0.7893144208037712
SOLUSDT,1779471300000,1779471600000,2026-05-22 17:40:00,LONG,结构触发,很强,0.763,2.05,0.0045496323529411855,0.009306066176470451,87.03,86.63404549632354,SL,4,-0.9999999999999808,0.43959595959595876,-1.4395959595959396
SOLUSDT,1779772200000,1779772500000,2026-05-26 05:15:00,LONG,OB/FVG回补,很强,0.904,3.38,0.0025568181818181102,0.008641098484848363,84.48,84.64896,BE,7,0.7822222222222368,0.7822222222222441,-7.327471962526033e-15
SOLUSDT,1779867300000,1779867600000,2026-05-27 07:40:00,SHORT,结构触发,一般,0.507,1.36,0.0016200000000000155,0.002201070791195575,84.06,84.1961772,SL,4,-0.9999999999999293,1.234567901234556,-2.2345679012344855
SOLUSDT,1779884100000,1779884400000,2026-05-27 12:20:00,LONG,结构触发,强,0.656,3.26,0.0051434694606501035,0.016787712822955242,83.98,84.14796,BE,3,0.3888425925925759,0.38884259259259063,-1.4710455076283324e-14
SOLUSDT,1779887400000,1779887700000,2026-05-27 13:15:00,LONG,结构触发,强,0.647,1.53,0.002651379433894592,0.004060671205063766,83.73,83.50800000000001,SL,4,-1.0000000000000002,0.7543243243243442,-1.7543243243243443
SOLUSDT,1779890400000,1779890700000,2026-05-27 14:05:00,LONG,结构触发,强,0.64,1.55,0.005142244970836831,0.007975241042733028,84.01,83.578,SL,4,-0.9999999999999999,0.3889351851851833,-1.3889351851851832
SOLUSDT,1780154400000,1780154700000,2026-05-30 15:25:00,LONG,突破回踩,很强,0.845,2.15,0.003157512702637429,0.0067747398983789295,82.66,82.82531999999999,BE,21,0.6334099616857773,0.6334099616857998,-2.2426505097428162e-14
SOLUSDT,1780220400000,1780220700000,2026-05-31 09:45:00,LONG,结构触发,强,0.531,2.17,0.0016626506024095304,0.003614457831325267,83.0,82.86200000000001,SL,2,-1.0,1.202898550724716,-2.202898550724716
SOLUSDT,1780234200000,1780234500000,2026-05-31 13:35:00,LONG,突破回踩,很强,0.724,2.83,0.0016199999999999526,0.004582730342498739,82.92,82.7856696,SL,2,-1.0,1.234567901234604,-2.234567901234604
SOLUSDT,1780268100000,1780268400000,2026-05-31 23:00:00,LONG,突破回踩,很强,0.715,2.6,0.002326426753907758,0.00605840300496789,82.52,82.68504,BE,2,0.859687499999992,0.8596874999999674,2.4646951146678475e-14
SOLUSDT,1780277400000,1780277700000,2026-06-01 01:35:00,LONG,结构触发,很强,0.744,2.23,0.0038042025992954553,0.008502368516944041,82.34,82.02676195797402,SL,4,-0.9999999999999953,0.5257343550447086,-1.5257343550447038
SOLUSDT,1780281600000,1780281900000,2026-06-01 02:45:00,LONG,结构触发,一般,0.514,1.34,0.0068594241471087265,0.009194289862085715,82.65,82.56,REVERSAL,14,-0.15874936383103747,0.29156966490299446,-0.45031902873403196
SOLUSDT,1780378500000,1780378800000,2026-06-02 05:40:00,SHORT,结构触发,强,0.612,1.66,0.007149637771671269,0.011866100424681524,80.06,79.89988,BE,20,0.2797344514325747,0.27973445143256376,1.0935696792557792e-14
SOLUSDT,1780635600000,1780635900000,2026-06-05 05:05:00,SHORT,结构触发,强,0.624,2.01,0.009033210332103454,0.018154981549815558,67.75,66.52,TP,9,2.0098039215686043,0.22140522875816668,1.7883986928104376
SOLUSDT,1780903500000,1780903800000,2026-06-08 07:30:00,LONG,结构触发,很强,0.757,3.14,0.003765347885402512,0.011823556161891787,65.98,66.11196000000001,BE,5,0.5311594202898733,0.5311594202898471,2.6201263381153694e-14
SOLUSDT,1780937700000,1780938000000,2026-06-08 17:00:00,SHORT,结构触发,强,0.521,1.84,0.004390681003584184,0.00806451612903214,66.95,66.8161,BE,2,0.45551020408162723,0.4555102040816374,-1.0158540675320182e-14
SOLUSDT,1781069400000,1781069700000,2026-06-10 05:35:00,SHORT,突破回踩,强,0.633,2.78,0.003534361851332355,0.009817671809256702,64.16,64.03168,BE,7,0.5658730158730326,0.5658730158730229,9.769962616701378e-15
SOLUSDT,1781250900000,1781251200000,2026-06-12 08:00:00,SHORT,结构触发,一般,0.45,1.79,0.0031212303980698683,0.005579010856453413,66.32,66.52699999999999,SL,2,-1.0,0.640772946859923,-1.640772946859923
SOLUSDT,1781308500000,1781308800000,2026-06-13 00:00:00,LONG,结构触发,强,0.638,1.65,0.004363962885363489,0.0071834780005986835,66.83,67.31007183478,TP,21,1.6460905349794885,0.4582990397805396,1.187791495198949
SOLUSDT,1781332500000,1781332800000,2026-06-13 06:40:00,LONG,结构触发,一般,0.499,1.59,0.0019733891463597697,0.003139482732844876,66.89,67.02378,BE,3,1.013484848484822,1.0134848484848102,1.176836406102666e-14
SOLUSDT,1781338200000,1781338500000,2026-06-13 08:15:00,LONG,突破回踩,很强,0.802,5.27,0.002567226266527933,0.013519536473035158,67.31,67.44462,BE,7,0.7790509259259372,0.7790509259259477,-1.0547118733938987e-14
SOLUSDT,1781379900000,1781380200000,2026-06-13 19:50:00,LONG,结构触发,很强,0.75,2.04,0.0023691137759577646,0.004825972506580847,68.39,68.22797630886225,SL,2,-0.9999999999999751,0.8441975308642395,-1.8441975308642147
SOLUSDT,1781501100000,1781501400000,2026-06-15 05:30:00,LONG,结构触发,强,0.53,1.84,0.0029068950990030593,0.005336329167251927,71.22,71.012970931049,SL,2,-1.0000000000000184,0.6880193236714714,-1.6880193236714898
SOLUSDT,1781586900000,1781587200000,2026-06-16 05:20:00,LONG,结构触发,一般,0.468,1.9,0.0037856173677070634,0.007191316146540042,73.69,74.21992808683854,TP,19,1.8996415770608726,0.5283154121863599,1.3713261648745125
SOLUSDT,1781616900000,1781617200000,2026-06-16 13:40:00,LONG,结构触发,强,0.527,1.64,0.005213525528761771,0.008554492792671495,74.23,73.84300000000002,SL,6,-1.0,0.38361757105944516,-1.3836175710594452
SOLUSDT,1781649900000,1781650200000,2026-06-16 22:50:00,SHORT,结构触发,强,0.555,1.87,0.006451262557697543,0.012082541406462132,73.65,73.75,STAGNATION,8,-0.21046628310713966,0.31001683501683436,-0.520483118123974
SOLUSDT,1781701800000,1781702100000,2026-06-17 13:15:00,LONG,结构触发,强,0.586,4.96,0.0032298136645961995,0.01601104209799857,72.45,72.21600000000001,SL,2,-1.0,0.6192307692307834,-1.6192307692307835
SOLUSDT,1781922300000,1781922600000,2026-06-20 02:30:00,SHORT,结构触发,一般,0.516,1.83,0.002200805523590213,0.004027617951668601,69.52,69.67299999999999,SL,1,-1.0,0.9087581699346904,-1.9087581699346905
SOLUSDT,1782105300000,1782105600000,2026-06-22 05:20:00,LONG,结构触发,强,0.633,1.85,0.004006475111291127,0.007419398354242701,74.13,73.88,REVERSAL,7,-0.8417508417508098,0.49919191919190026,-1.34094276094271
SOLUSDT,1782156300000,1782156600000,2026-06-22 19:30:00,LONG,结构触发,很强,0.696,3.25,0.003139198678232059,0.010188627288999162,72.64,72.78528,BE,9,0.6371052631579087,0.6371052631579103,-1.5543122344752192e-15
SOLUSDT,1782279000000,1782279300000,2026-06-24 05:35:00,LONG,结构触发,强,0.672,2.21,0.002777936553300967,0.006144612746498894,69.97,70.10994,BE,2,0.7199588477365974,0.7199588477366193,-2.19824158875781e-14
SOLUSDT,1782310800000,1782311100000,2026-06-24 14:25:00,LONG,结构触发,强,0.58,1.53,0.006522684447021349,0.010001449485432846,68.98,69.11796000000001,BE,4,0.3066222222222353,0.3066222222222203,1.4988010832439613e-14
SOLUSDT,1782442800000,1782443100000,2026-06-26 03:05:00,LONG,结构触发,很强,0.756,2.84,0.007984962406015126,0.02270676691729331,66.49,66.62298,BE,4,0.2504708097928474,0.2504708097928409,6.494804694057166e-15
SOLUSDT,1782519000000,1782519300000,2026-06-27 00:15:00,LONG,结构触发,强,0.568,2.32,0.006838905775076051,0.01588836695219682,72.39,71.89493161094225,SL,4,-0.999999999999988,0.29244444444444173,-1.2924444444444299
SOLUSDT,1782527700000,1782528000000,2026-06-27 02:40:00,LONG,结构触发,一般,0.509,2.78,0.004792013311148149,0.013311148086522374,72.12,72.26424,BE,24,0.4173611111110951,0.41736111111110563,-1.0547118733938987e-14
SOLUSDT,1782570300000,1782570600000,2026-06-27 14:30:00,LONG,突破回踩,很强,0.77,2.2,0.007574257425742705,0.01663916391639175,72.72,72.65,REVERSAL,22,-0.12708787218589682,0.2640522875816948,-0.39114015976759164
SOLUSDT,1782594900000,1782595200000,2026-06-27 21:20:00,LONG,结构触发,很强,0.705,2.57,0.0046844829998600995,0.012033020847908206,71.48,71.14515315517001,SL,5,-0.9999999999999907,0.4269414575866172,-1.426941457586608
SOLUSDT,1782641700000,1782642000000,2026-06-28 10:20:00,SHORT,OB/FVG回补,一般,0.636,1.74,0.0036307606107296928,0.006303403838072599,71.39,71.24722,BE,3,0.5508487654321215,0.5508487654321141,7.327471962526033e-15
