方向,RSI门槛,补仓,RSI出场,止盈,费率,最差PF,2022,2023,2024,2025
空,70,无,有,0.05,挂单0.04%,0.9,2264笔 胜67% PF1.04 +2U,2628笔 胜66% PF0.92 -4U,1976笔 胜64% PF0.90 -5U,1917笔 胜68% PF0.98 -1U
多,20,无,有,0.05,挂单0.04%,0.89,11641笔 胜62% PF0.90 -43U,11458笔 胜62% PF1.01 +3U,9380笔 胜63% PF1.03 +7U,9327笔 胜62% PF0.89 -34U
空,70,无,有,0.02,挂单0.04%,0.89,2266笔 胜67% PF1.03 +2U,2629笔 胜66% PF0.93 -4U,1977笔 胜65% PF0.89 -6U,1917笔 胜68% PF0.97 -1U
空,70,无,有,0.03,挂单0.04%,0.89,2264笔 胜67% PF1.03 +1U,2628笔 胜66% PF0.93 -4U,1977笔 胜64% PF0.89 -5U,1917笔 胜68% PF0.97 -1U
多,20,无,有,0.02,挂单0.04%,0.88,11788笔 胜63% PF0.89 -47U,11543笔 胜63% PF1.01 +3U,9514笔 胜64% PF1.01 +4U,9419笔 胜62% PF0.88 -35U
多,10,无,有,0.02,挂单0.04%,0.88,9805笔 胜63% PF0.88 -42U,9564笔 胜64% PF1.05 +10U,7916笔 胜64% PF1.00 -0U,7883笔 胜62% PF0.88 -30U
多,10,无,有,0.05,挂单0.04%,0.88,9714笔 胜62% PF0.88 -42U,9507笔 胜64% PF1.05 +10U,7821笔 胜63% PF1.01 +2U,7814笔 胜62% PF0.88 -31U
多,10,无,有,0.03,挂单0.04%,0.88,9740笔 胜63% PF0.88 -42U,9525笔 胜64% PF1.05 +10U,7857笔 胜63% PF1.01 +2U,7838笔 胜62% PF0.88 -29U
空,90,无,无,0.02,挂单0.04%,0.88,540笔 胜79% PF1.14 +5U,552笔 胜72% PF0.88 -6U,479笔 胜76% PF0.96 -1U,450笔 胜76% PF1.03 +1U
空,90,无,有,0.03,挂单0.04%,0.88,610笔 胜65% PF0.92 -2U,672笔 胜64% PF0.88 -2U,559笔 胜67% PF0.94 -1U,532笔 胜68% PF0.96 -0U
空,90,无,有,0.05,挂单0.04%,0.88,610笔 胜65% PF0.92 -2U,672笔 胜64% PF0.88 -2U,559笔 胜67% PF0.94 -1U,532笔 胜68% PF0.97 -0U
空,70,有,有,0.03,挂单0.04%,0.88,2260笔 胜70% PF1.09 +6U,2622笔 胜68% PF0.88 -8U,1972笔 胜67% PF0.89 -7U,1915笔 胜70% PF0.91 -4U
多,30,无,有,0.05,挂单0.04%,0.88,13238笔 胜61% PF0.88 -59U,13149笔 胜62% PF1.00 +1U,10725笔 胜63% PF1.02 +7U,10657笔 胜62% PF0.89 -36U
多,20,无,有,0.03,挂单0.04%,0.88,11688笔 胜62% PF0.89 -46U,11483笔 胜62% PF1.01 +3U,9430笔 胜63% PF1.03 +7U,9352笔 胜62% PF0.88 -35U
空,70,有,有,0.05,挂单0.04%,0.88,2260笔 胜70% PF1.10 +6U,2622笔 胜68% PF0.88 -8U,1971笔 胜67% PF0.89 -6U,1915笔 胜70% PF0.92 -4U
空,70,有,有,0.02,挂单0.04%,0.88,2262笔 胜70% PF1.09 +6U,2623笔 胜68% PF0.88 -8U,1972笔 胜67% PF0.88 -7U,1915笔 胜70% PF0.91 -4U
空,70,无,无,0.02,挂单0.04%,0.87,1516笔 胜80% PF1.23 +24U,1439笔 胜72% PF0.93 -8U,1215笔 胜74% PF0.87 -14U,1195笔 胜77% PF1.07 +6U
多,30,无,有,0.03,挂单0.04%,0.87,13310笔 胜62% PF0.87 -61U,13186笔 胜62% PF1.01 +2U,10785笔 胜63% PF1.01 +4U,10703笔 胜62% PF0.90 -34U
多,30,无,有,0.02,挂单0.04%,0.87,13450笔 胜62% PF0.87 -61U,13270笔 胜62% PF1.01 +2U,10889笔 胜64% PF1.01 +2U,10792笔 胜63% PF0.89 -36U
空,90,无,有,0.02,挂单0.04%,0.87,610笔 胜65% PF0.91 -2U,672笔 胜64% PF0.87 -2U,559笔 胜67% PF0.95 -1U,532笔 胜68% PF0.96 -0U
空,70,无,无,0.03,挂单0.04%,0.87,1385笔 胜73% PF1.22 +27U,1299笔 胜66% PF0.94 -8U,1099笔 胜67% PF0.87 -15U,1085笔 胜71% PF1.15 +14U
多,30,有,有,0.03,挂单0.04%,0.86,13068笔 胜65% PF0.89 -56U,13103笔 胜64% PF1.08 +22U,10681笔 胜66% PF1.02 +6U,10558笔 胜65% PF0.86 -54U
空,80,无,有,0.03,挂单0.04%,0.86,1378笔 胜67% PF1.02 +1U,1608笔 胜66% PF0.86 -5U,1212笔 胜65% PF0.90 -3U,1188笔 胜68% PF0.94 -2U
空,80,无,有,0.02,挂单0.04%,0.86,1378笔 胜67% PF1.03 +1U,1608笔 胜66% PF0.86 -5U,1212笔 胜65% PF0.91 -3U,1188笔 胜68% PF0.96 -1U
空,80,无,有,0.05,挂单0.04%,0.86,1378笔 胜67% PF1.03 +1U,1608笔 胜66% PF0.86 -5U,1211笔 胜65% PF0.89 -3U,1188笔 胜68% PF0.96 -1U
空,80,无,无,0.02,挂单0.04%,0.86,1061笔 胜80% PF1.27 +19U,1059笔 胜72% PF0.90 -9U,857笔 胜74% PF0.86 -11U,879笔 胜77% PF1.06 +4U
空,90,无,无,0.03,挂单0.04%,0.86,518笔 胜72% PF1.15 +7U,531笔 胜65% PF0.86 -8U,456笔 胜68% PF0.97 -1U,432笔 胜71% PF1.15 +6U
多,30,有,有,0.05,挂单0.04%,0.85,12999笔 胜65% PF0.89 -57U,13066笔 胜64% PF1.07 +20U,10618笔 胜66% PF1.02 +7U,10509笔 胜65% PF0.85 -56U
多,30,有,有,0.02,挂单0.04%,0.85,13221笔 胜66% PF0.89 -56U,13185笔 胜64% PF1.07 +20U,10791笔 胜67% PF1.01 +2U,10650笔 胜66% PF0.85 -56U
空,70,有,无,0.02,挂单0.04%,0.85,1475笔 胜87% PF1.16 +26U,1415笔 胜81% PF0.85 -28U,1175笔 胜83% PF0.85 -23U,1173笔 胜87% PF1.24 +28U
多,10,无,无,0.03,挂单0.04%,0.85,3234笔 胜64% PF0.85 -60U,2271笔 胜69% PF1.20 +38U,2416笔 胜69% PF1.03 +8U,2350笔 胜67% PF0.90 -25U
多,30,无,无,0.03,挂单0.04%,0.85,3695笔 胜65% PF0.85 -67U,2472笔 胜69% PF1.23 +48U,2759笔 胜70% PF1.09 +25U,2549笔 胜66% PF0.87 -38U
多,20,无,无,0.03,挂单0.04%,0.85,3507笔 胜65% PF0.85 -63U,2375笔 胜69% PF1.21 +43U,2650笔 胜70% PF1.08 +21U,2438笔 胜66% PF0.88 -33U
多,20,无,无,0.02,挂单0.04%,0.84,4283笔 胜72% PF0.84 -66U,2959笔 胜75% PF1.15 +31U,3213笔 胜76% PF1.04 +10U,3053笔 胜73% PF0.87 -35U
多,20,有,有,0.03,挂单0.04%,0.84,11504笔 胜66% PF0.90 -44U,11428笔 胜65% PF1.09 +21U,9329笔 胜67% PF1.02 +6U,9237笔 胜65% PF0.84 -56U
多,10,无,无,0.05,挂单0.04%,0.84,2553笔 胜54% PF0.84 -64U,1741笔 胜60% PF1.24 +43U,1848笔 胜60% PF1.06 +14U,1770笔 胜56% PF0.88 -29U
多,45,有,有,0.02,挂单0.04%,0.84,15272笔 胜65% PF0.84 -104U,15220笔 胜63% PF1.04 +13U,12663笔 胜66% PF1.00 +1U,12341笔 胜65% PF0.85 -67U
多,45,有,有,0.05,挂单0.04%,0.84,14971笔 胜64% PF0.84 -103U,15056笔 胜63% PF1.04 +13U,12415笔 胜66% PF1.01 +5U,12140笔 胜65% PF0.85 -66U
空,90,无,无,0.02,吃单0.08%,0.84,540笔 胜79% PF1.09 +4U,552笔 胜72% PF0.84 -8U,479笔 胜76% PF0.92 -3U,450笔 胜76% PF0.99 -0U
多,20,无,无,0.05,挂单0.04%,0.84,2700笔 胜54% PF0.84 -68U,1814笔 胜60% PF1.26 +50U,1977笔 胜60% PF1.08 +21U,1819笔 胜55% PF0.87 -34U
空,90,无,无,0.03,吃单0.08%,0.84,518笔 胜72% PF1.12 +6U,531笔 胜65% PF0.84 -9U,456笔 胜68% PF0.94 -3U,432笔 胜71% PF1.11 +4U
空,80,无,无,0.03,挂单0.04%,0.84,987笔 胜73% PF1.24 +21U,982笔 胜65% PF0.90 -11U,787笔 胜65% PF0.84 -14U,809笔 胜71% PF1.13 +9U
多,45,有,有,0.03,挂单0.04%,0.84,15060笔 胜64% PF0.84 -105U,15108笔 胜63% PF1.04 +15U,12490笔 胜66% PF1.01 +3U,12222笔 胜65% PF0.85 -64U
空,70,无,无,0.03,吃单0.08%,0.84,1385笔 胜73% PF1.18 +22U,1299笔 胜66% PF0.91 -12U,1099笔 胜67% PF0.84 -19U,1085笔 胜71% PF1.11 +11U
空,70,无,无,0.05,挂单0.04%,0.84,1197笔 胜63% PF1.21 +29U,1105笔 胜55% PF0.84 -22U,965笔 胜57% PF0.87 -17U,923笔 胜63% PF1.20 +20U
多,30,有,无,0.02,挂单0.04%,0.84,4323笔 胜81% PF0.84 -106U,3085笔 胜83% PF1.21 +65U,3329笔 胜84% PF1.02 +10U,3138笔 胜82% PF0.88 -52U
多,30,无,无,0.05,挂单0.04%,0.84,2784笔 胜54% PF0.84 -70U,1872笔 胜60% PF1.27 +53U,2051笔 胜61% PF1.12 +30U,1913笔 胜56% PF0.89 -30U
多,20,有,有,0.05,挂单0.04%,0.84,11459笔 胜66% PF0.90 -46U,11400笔 胜65% PF1.08 +20U,9281笔 胜67% PF1.02 +5U,9204笔 胜65% PF0.84 -56U
多,20,有,无,0.02,挂单0.04%,0.84,4105笔 胜81% PF0.84 -101U,2929笔 胜83% PF1.20 +59U,3164笔 胜84% PF1.03 +12U,2977笔 胜82% PF0.88 -50U
空,80,有,无,0.02,挂单0.04%,0.83,1041笔 胜89% PF1.44 +42U,1058笔 胜81% PF0.83 -25U,837笔 胜83% PF0.88 -13U,846笔 胜85% PF1.11 +11U
多,45,无,有,0.05,挂单0.04%,0.83,15267笔 胜61% PF0.83 -97U,15152笔 胜61% PF0.98 -8U,12571笔 胜62% PF1.01 +5U,12313笔 胜62% PF0.89 -44U
多,45,无,无,0.02,挂单0.04%,0.83,4775笔 胜71% PF0.83 -82U,3253笔 胜76% PF1.18 +41U,3634笔 胜76% PF1.08 +23U,3386笔 胜73% PF0.87 -41U
多,30,无,无,0.02,挂单0.04%,0.83,4526笔 胜71% PF0.83 -75U,3109笔 胜76% PF1.18 +39U,3427笔 胜76% PF1.06 +16U,3238笔 胜73% PF0.87 -38U
多,45,无,有,0.02,挂单0.04%,0.83,15565笔 胜61% PF0.83 -95U,15319笔 胜61% PF0.98 -8U,12813笔 胜63% PF1.00 +1U,12507笔 胜62% PF0.88 -45U
多,45,无,有,0.03,挂单0.04%,0.83,15358笔 胜61% PF0.83 -96U,15199笔 胜61% PF0.98 -8U,12652笔 胜62% PF1.01 +3U,12390笔 胜62% PF0.89 -42U
多,30,无,无,0.03,吃单0.08%,0.83,3695笔 胜64% PF0.83 -78U,2472笔 胜69% PF1.19 +40U,2759笔 胜70% PF1.06 +17U,2549笔 胜66% PF0.84 -46U
空,70,无,无,0.02,吃单0.08%,0.83,1516笔 胜80% PF1.18 +19U,1439笔 胜72% PF0.89 -13U,1215笔 胜74% PF0.83 -18U,1195笔 胜77% PF1.03 +3U
多,20,有,有,0.02,挂单0.04%,0.83,11615笔 胜66% PF0.90 -45U,11487笔 胜65% PF1.08 +20U,9420笔 胜67% PF1.01 +2U,9301笔 胜65% PF0.83 -57U
多,20,无,无,0.03,吃单0.08%,0.83,3507笔 胜64% PF0.83 -74U,2375笔 胜69% PF1.17 +36U,2650笔 胜70% PF1.05 +12U,2438笔 胜66% PF0.85 -40U
多,10,无,无,0.02,挂单0.04%,0.83,3919笔 胜71% PF0.83 -67U,2777笔 胜75% PF1.12 +24U,2928笔 胜75% PF1.00 -1U,2892笔 胜74% PF0.90 -25U
空,80,无,无,0.02,吃单0.08%,0.82,1061笔 胜80% PF1.22 +15U,1059笔 胜72% PF0.86 -13U,857笔 胜74% PF0.82 -14U,879笔 胜77% PF1.02 +1U
多,10,有,无,0.02,挂单0.04%,0.82,3791笔 胜81% PF0.82 -107U,2763笔 胜83% PF1.20 +54U,2927笔 胜84% PF1.00 -0U,2807笔 胜82% PF0.89 -41U
多,20,无,无,0.05,吃单0.08%,0.82,2700笔 胜54% PF0.82 -77U,1814笔 胜60% PF1.23 +44U,1977笔 胜60% PF1.06 +15U,1819笔 胜55% PF0.85 -40U
多,10,有,有,0.05,挂单0.04%,0.82,9587笔 胜66% PF0.90 -39U,9473笔 胜66% PF1.11 +23U,7746笔 胜67% PF0.99 -2U,7725笔 胜65% PF0.82 -55U
多,10,无,无,0.03,吃单0.08%,0.82,3234笔 胜64% PF0.82 -70U,2271笔 胜69% PF1.16 +31U,2416笔 胜69% PF1.00 +1U,2350笔 胜67% PF0.87 -33U
多,30,无,无,0.05,吃单0.08%,0.82,2784笔 胜54% PF0.82 -79U,1872笔 胜60% PF1.24 +47U,2051笔 胜61% PF1.09 +24U,1913笔 胜56% PF0.87 -36U
多,10,有,有,0.03,挂单0.04%,0.82,9611笔 胜66% PF0.91 -36U,9493笔 胜66% PF1.11 +24U,7781笔 胜67% PF0.99 -1U,7752笔 胜65% PF0.82 -53U
多,10,有,有,0.02,挂单0.04%,0.82,9682笔 胜66% PF0.90 -37U,9532笔 胜66% PF1.11 +24U,7845笔 胜67% PF0.98 -4U,7795笔 胜65% PF0.82 -54U
多,10,无,无,0.05,吃单0.08%,0.82,2553笔 胜54% PF0.82 -72U,1741笔 胜59% PF1.20 +37U,1848笔 胜60% PF1.03 +8U,1770笔 胜56% PF0.86 -34U
空,70,无,无,0.05,吃单0.08%,0.82,1197笔 胜63% PF1.18 +26U,1105笔 胜54% PF0.82 -26U,965笔 胜57% PF0.85 -20U,923笔 胜63% PF1.17 +17U
空,80,有,有,0.05,挂单0.04%,0.82,1377笔 胜70% PF1.14 +5U,1606笔 胜68% PF0.82 -8U,1209笔 胜68% PF0.99 -0U,1186笔 胜71% PF0.91 -3U
空,70,有,无,0.02,吃单0.08%,0.82,1475笔 胜87% PF1.12 +19U,1415笔 胜81% PF0.82 -35U,1175笔 胜83% PF0.82 -29U,1173笔 胜87% PF1.19 +22U
空,80,无,无,0.05,挂单0.04%,0.82,891笔 胜64% PF1.27 +27U,877笔 胜54% PF0.82 -20U,717笔 胜56% PF0.87 -12U,721笔 胜64% PF1.27 +21U
空,80,有,有,0.02,挂单0.04%,0.82,1377笔 胜71% PF1.13 +5U,1606笔 胜68% PF0.82 -8U,1210笔 胜68% PF1.00 +0U,1186笔 胜71% PF0.88 -4U
多,20,有,无,0.03,挂单0.04%,0.82,3234笔 胜74% PF0.82 -122U,2296笔 胜77% PF1.28 +78U,2497笔 胜78% PF1.05 +19U,2353笔 胜76% PF0.89 -46U
多,45,无,无,0.03,挂单0.04%,0.82,3842笔 胜64% PF0.82 -84U,2560笔 胜69% PF1.21 +46U,2891笔 胜70% PF1.11 +30U,2666笔 胜66% PF0.88 -37U
空,80,有,有,0.03,挂单0.04%,0.82,1377笔 胜70% PF1.13 +5U,1606笔 胜68% PF0.82 -8U,1210笔 胜68% PF1.00 -0U,1186笔 胜71% PF0.89 -4U
多,20,无,无,0.02,吃单0.08%,0.81,4283笔 胜71% PF0.81 -80U,2959笔 胜75% PF1.10 +21U,3213笔 胜76% PF1.00 -1U,3053笔 胜73% PF0.84 -45U
多,10,有,无,0.03,挂单0.04%,0.81,3025笔 胜74% PF0.81 -114U,2190笔 胜77% PF1.26 +71U,2330笔 胜78% PF1.00 +2U,2261笔 胜76% PF0.90 -39U
空,90,无,无,0.05,挂单0.04%,0.81,491笔 胜63% PF1.13 +8U,502笔 胜53% PF0.81 -13U,428笔 胜59% PF0.96 -2U,404笔 胜64% PF1.30 +12U
多,30,有,无,0.02,吃单0.08%,0.81,4323笔 胜81% PF0.81 -128U,3085笔 胜83% PF1.16 +50U,3329笔 胜84% PF0.98 -6U,3138笔 胜82% PF0.85 -68U
多,30,有,无,0.03,挂单0.04%,0.81,3376笔 胜74% PF0.81 -132U,2398笔 胜77% PF1.27 +80U,2598笔 胜78% PF1.05 +22U,2435笔 胜76% PF0.90 -45U
多,45,无,无,0.05,挂单0.04%,0.81,2869笔 胜54% PF0.81 -83U,1915笔 胜60% PF1.26 +52U,2134笔 胜61% PF1.14 +36U,1966笔 胜55% PF0.89 -31U
空,80,无,无,0.03,吃单0.08%,0.81,987笔 胜73% PF1.20 +18U,982笔 胜65% PF0.87 -14U,787笔 胜65% PF0.81 -17U,809笔 胜70% PF1.09 +6U
多,20,有,无,0.02,吃单0.08%,0.81,4105笔 胜81% PF0.81 -122U,2929笔 胜83% PF1.15 +45U,3164笔 胜84% PF0.99 -4U,2977笔 胜82% PF0.85 -65U
多,45,有,无,0.02,挂单0.04%,0.8,4545笔 胜80% PF0.80 -147U,3205笔 胜83% PF1.23 +73U,3526笔 胜84% PF1.03 +14U,3328笔 胜82% PF0.88 -56U
多,10,无,无,0.02,吃单0.08%,0.8,3919笔 胜71% PF0.80 -79U,2777笔 胜75% PF1.08 +15U,2928笔 胜75% PF0.96 -10U,2892笔 胜74% PF0.86 -35U
多,10,有,无,0.05,挂单0.04%,0.8,2260笔 胜63% PF0.80 -127U,1660笔 胜69% PF1.36 +90U,1711笔 胜70% PF1.07 +25U,1651笔 胜66% PF0.91 -34U
多,45,无,无,0.03,吃单0.08%,0.8,3842笔 胜64% PF0.80 -96U,2560笔 胜69% PF1.17 +38U,2891笔 胜70% PF1.07 +21U,2666笔 胜66% PF0.85 -46U
多,45,无,无,0.05,吃单0.08%,0.8,2869笔 胜54% PF0.80 -92U,1915笔 胜60% PF1.22 +45U,2134笔 胜61% PF1.11 +29U,1966笔 胜55% PF0.87 -38U
多,30,有,无,0.05,挂单0.04%,0.8,2490笔 胜64% PF0.80 -136U,1789笔 胜68% PF1.34 +96U,1883笔 胜70% PF1.10 +39U,1745笔 胜65% PF0.90 -42U
多,30,无,有,0.05,吃单0.08%,0.8,13238笔 胜59% PF0.80 -102U,13149笔 胜58% PF0.87 -41U,10725笔 胜60% PF0.92 -27U,10657笔 胜60% PF0.80 -70U
多,30,无,无,0.02,吃单0.08%,0.8,4526笔 胜71% PF0.80 -90U,3109笔 胜76% PF1.13 +29U,3427笔 胜76% PF1.02 +5U,3238笔 胜73% PF0.84 -48U
空,80,无,无,0.05,吃单0.08%,0.8,891笔 胜64% PF1.24 +24U,877笔 胜53% PF0.80 -23U,717笔 胜56% PF0.85 -15U,721笔 胜63% PF1.24 +18U
多,20,有,无,0.05,挂单0.04%,0.8,2377笔 胜63% PF0.80 -135U,1742笔 胜68% PF1.34 +91U,1819笔 胜71% PF1.10 +38U,1700笔 胜65% PF0.90 -43U
多,45,无,无,0.02,吃单0.08%,0.8,4775笔 胜71% PF0.80 -97U,3253笔 胜76% PF1.13 +30U,3634笔 胜76% PF1.04 +11U,3386笔 胜73% PF0.83 -51U
多,20,无,有,0.02,吃单0.08%,0.79,11788笔 胜61% PF0.80 -85U,11543笔 胜59% PF0.87 -34U,9514笔 胜61% PF0.91 -26U,9419笔 胜60% PF0.79 -65U
多,10,有,无,0.02,吃单0.08%,0.79,3791笔 胜81% PF0.79 -126U,2763笔 胜83% PF1.15 +40U,2927笔 胜84% PF0.96 -15U,2807笔 胜82% PF0.86 -55U
多,10,有,无,0.03,吃单0.08%,0.79,3025笔 胜74% PF0.79 -131U,2190笔 胜77% PF1.22 +59U,2330笔 胜78% PF0.97 -10U,2261笔 胜76% PF0.88 -51U
多,10,无,有,0.05,吃单0.08%,0.79,9714笔 胜60% PF0.80 -73U,9507笔 胜60% PF0.91 -21U,7821笔 胜61% PF0.90 -24U,7814笔 胜59% PF0.79 -56U
多,10,无,有,0.03,吃单0.08%,0.79,9740笔 胜61% PF0.80 -73U,9525笔 胜60% PF0.90 -21U,7857笔 胜61% PF0.91 -23U,7838笔 胜60% PF0.79 -54U
多,10,无,有,0.02,吃单0.08%,0.79,9805笔 胜61% PF0.80 -73U,9564笔 胜60% PF0.90 -21U,7916笔 胜61% PF0.89 -26U,7883笔 胜60% PF0.79 -55U
多,20,无,有,0.03,吃单0.08%,0.79,11688笔 胜60% PF0.81 -84U,11483笔 胜58% PF0.87 -33U,9430笔 胜61% PF0.92 -23U,9352笔 胜59% PF0.79 -65U
多,20,无,有,0.05,吃单0.08%,0.79,11641笔 胜60% PF0.82 -80U,11458笔 胜58% PF0.87 -33U,9380笔 胜61% PF0.92 -23U,9327笔 胜59% PF0.79 -64U
多,30,无,有,0.02,吃单0.08%,0.79,13450笔 胜60% PF0.79 -104U,13270笔 胜58% PF0.87 -41U,10889笔 胜61% PF0.90 -33U,10792笔 胜60% PF0.80 -71U
空,70,有,无,0.03,挂单0.04%,0.79,1334笔 胜82% PF1.21 +41U,1246笔 胜74% PF0.82 -39U,1037笔 胜75% PF0.79 -42U,1051笔 胜82% PF1.29 +40U
空,80,有,无,0.03,挂单0.04%,0.79,958笔 胜83% PF1.36 +46U,964笔 胜74% PF0.81 -32U,757笔 胜74% PF0.79 -29U,779笔 胜81% PF1.19 +21U
多,30,有,无,0.03,吃单0.08%,0.79,3376笔 胜74% PF0.79 -150U,2398笔 胜77% PF1.23 +68U,2598笔 胜78% PF1.02 +9U,2435笔 胜76% PF0.87 -58U
多,45,有,无,0.05,挂单0.04%,0.79,2568笔 胜63% PF0.79 -155U,1829笔 胜68% PF1.37 +105U,1943笔 胜70% PF1.10 +41U,1784笔 胜66% PF0.88 -50U
多,45,有,无,0.03,挂单0.04%,0.79,3501笔 胜73% PF0.79 -151U,2475笔 胜77% PF1.26 +82U,2704笔 胜78% PF1.04 +15U,2524笔 胜76% PF0.90 -47U
多,20,有,无,0.03,吃单0.08%,0.79,3234笔 胜74% PF0.79 -139U,2296笔 胜77% PF1.23 +66U,2497笔 胜78% PF1.01 +6U,2353笔 胜76% PF0.86 -59U
多,30,无,有,0.03,吃单0.08%,0.79,13310笔 胜59% PF0.79 -104U,13186笔 胜58% PF0.87 -40U,10785笔 胜60% PF0.91 -30U,10703笔 胜60% PF0.80 -69U
空,80,有,无,0.02,吃单0.08%,0.79,1041笔 胜89% PF1.38 +37U,1058笔 胜81% PF0.79 -31U,837笔 胜83% PF0.84 -18U,846笔 胜85% PF1.07 +6U
空,90,无,无,0.05,吃单0.08%,0.79,491笔 胜63% PF1.10 +6U,502笔 胜53% PF0.79 -14U,428笔 胜59% PF0.94 -3U,404笔 胜64% PF1.26 +11U
空,90,有,无,0.02,挂单0.04%,0.79,530笔 胜88% PF1.37 +19U,548笔 胜81% PF0.79 -16U,472笔 胜84% PF0.90 -6U,448笔 胜84% PF0.98 -1U
多,20,有,无,0.05,吃单0.08%,0.78,2377笔 胜63% PF0.78 -149U,1742笔 胜68% PF1.30 +82U,1819笔 胜70% PF1.07 +28U,1700笔 胜65% PF0.87 -53U
空,70,无,有,0.05,吃单0.08%,0.78,2264笔 胜64% PF0.92 -5U,2628笔 胜61% PF0.78 -13U,1976笔 胜61% PF0.78 -12U,1917笔 胜63% PF0.84 -7U
多,10,有,无,0.05,吃单0.08%,0.78,2260笔 胜63% PF0.78 -140U,1660笔 胜69% PF1.32 +81U,1711笔 胜70% PF1.04 +15U,1651笔 胜66% PF0.89 -44U
多,30,有,无,0.05,吃单0.08%,0.78,2490笔 胜64% PF0.78 -150U,1789笔 胜68% PF1.30 +86U,1883笔 胜70% PF1.07 +28U,1745笔 胜65% PF0.88 -53U
空,70,无,有,0.03,吃单0.08%,0.78,2264笔 胜64% PF0.91 -6U,2628笔 胜61% PF0.79 -12U,1977笔 胜61% PF0.78 -12U,1917笔 胜63% PF0.83 -8U
空,90,有,无,0.05,挂单0.04%,0.78,479笔 胜74% PF1.29 +27U,490笔 胜64% PF0.78 -25U,413笔 胜67% PF0.86 -14U,399笔 胜73% PF1.23 +17U
多,45,有,无,0.05,吃单0.08%,0.77,2568笔 胜63% PF0.77 -170U,1829笔 胜68% PF1.33 +95U,1943笔 胜70% PF1.08 +31U,1784笔 胜66% PF0.86 -60U
多,45,有,无,0.02,吃单0.08%,0.77,4545笔 胜80% PF0.77 -170U,3205笔 胜83% PF1.18 +58U,3526笔 胜84% PF0.99 -3U,3328笔 胜82% PF0.84 -73U
空,80,有,无,0.03,吃单0.08%,0.77,958笔 胜83% PF1.32 +41U,964笔 胜74% PF0.79 -38U,757笔 胜74% PF0.77 -33U,779笔 胜81% PF1.15 +17U
空,70,无,有,0.02,吃单0.08%,0.77,2266笔 胜64% PF0.91 -5U,2629笔 胜61% PF0.79 -12U,1977笔 胜61% PF0.77 -12U,1917笔 胜63% PF0.83 -8U
多,45,有,无,0.03,吃单0.08%,0.77,3501笔 胜73% PF0.77 -170U,2475笔 胜77% PF1.22 +69U,2704笔 胜78% PF1.00 +2U,2524笔 胜76% PF0.87 -61U
多,30,有,有,0.03,吃单0.08%,0.76,13068笔 胜63% PF0.81 -107U,13103笔 胜60% PF0.92 -26U,10681笔 胜63% PF0.90 -35U,10558笔 胜62% PF0.76 -95U
空,70,有,无,0.03,吃单0.08%,0.76,1334笔 胜82% PF1.18 +34U,1246笔 胜74% PF0.80 -46U,1037笔 胜75% PF0.76 -47U,1051笔 胜82% PF1.25 +35U
空,90,有,无,0.02,吃单0.08%,0.76,530笔 胜88% PF1.32 +17U,548笔 胜81% PF0.76 -19U,472笔 胜84% PF0.86 -8U,448笔 胜84% PF0.94 -3U
空,70,有,无,0.05,挂单0.04%,0.76,1130笔 胜74% PF1.21 +47U,1049笔 胜64% PF0.76 -60U,900笔 胜66% PF0.83 -36U,884笔 胜74% PF1.36 +57U
多,30,有,有,0.05,吃单0.08%,0.76,12999笔 胜62% PF0.80 -108U,13066笔 胜60% PF0.91 -27U,10618笔 胜63% PF0.91 -34U,10509笔 胜62% PF0.76 -96U
多,30,有,有,0.02,吃单0.08%,0.76,13221笔 胜63% PF0.80 -108U,13185笔 胜60% PF0.91 -28U,10791笔 胜64% PF0.89 -39U,10650笔 胜63% PF0.76 -97U
空,90,有,无,0.05,吃单0.08%,0.76,479笔 胜74% PF1.26 +24U,490笔 胜63% PF0.76 -28U,413笔 胜66% PF0.83 -16U,399笔 胜73% PF1.19 +14U
多,20,有,有,0.03,吃单0.08%,0.75,11504笔 胜63% PF0.82 -90U,11428笔 胜60% PF0.92 -20U,9329笔 胜64% PF0.91 -30U,9237笔 胜62% PF0.75 -92U
空,70,有,有,0.05,吃单0.08%,0.75,2260笔 胜66% PF0.97 -2U,2622笔 胜63% PF0.75 -17U,1971笔 胜64% PF0.78 -14U,1915笔 胜66% PF0.79 -11U
空,90,无,有,0.05,吃单0.08%,0.75,610笔 胜62% PF0.82 -3U,672笔 胜60% PF0.75 -4U,559笔 胜63% PF0.82 -3U,532笔 胜64% PF0.84 -2U
多,45,无,有,0.02,吃单0.08%,0.75,15565笔 胜59% PF0.75 -145U,15319笔 胜57% PF0.84 -57U,12813笔 胜60% PF0.89 -40U,12507笔 胜59% PF0.79 -85U
多,20,有,有,0.05,吃单0.08%,0.75,11459笔 胜63% PF0.81 -91U,11400笔 胜60% PF0.92 -21U,9281笔 胜64% PF0.91 -30U,9204笔 胜62% PF0.75 -92U
空,90,无,有,0.03,吃单0.08%,0.75,610笔 胜62% PF0.82 -3U,672笔 胜60% PF0.75 -4U,559笔 胜63% PF0.82 -3U,532笔 胜64% PF0.83 -2U
多,45,有,有,0.05,吃单0.08%,0.75,14971笔 胜61% PF0.75 -162U,15056笔 胜59% PF0.88 -42U,12415笔 胜62% PF0.90 -43U,12140笔 胜62% PF0.75 -113U
多,45,无,有,0.05,吃单0.08%,0.75,15267笔 胜58% PF0.75 -145U,15152笔 胜57% PF0.84 -57U,12571笔 胜59% PF0.91 -35U,12313笔 胜59% PF0.79 -83U
多,45,无,有,0.03,吃单0.08%,0.75,15358笔 胜58% PF0.75 -145U,15199笔 胜57% PF0.84 -57U,12652笔 胜59% PF0.90 -38U,12390笔 胜59% PF0.80 -82U
多,45,有,有,0.02,吃单0.08%,0.75,15272笔 胜62% PF0.75 -164U,15220笔 胜59% PF0.88 -42U,12663笔 胜63% PF0.89 -48U,12341笔 胜62% PF0.75 -114U
多,45,有,有,0.03,吃单0.08%,0.75,15060笔 胜61% PF0.75 -164U,15108笔 胜59% PF0.89 -40U,12490笔 胜63% PF0.89 -45U,12222笔 胜62% PF0.76 -111U
空,90,有,有,0.05,挂单0.04%,0.75,610笔 胜69% PF1.08 +1U,670笔 胜66% PF0.75 -5U,558笔 胜69% PF0.97 -0U,532笔 胜71% PF0.82 -3U
空,70,有,有,0.03,吃单0.08%,0.75,2260笔 胜66% PF0.96 -3U,2622笔 胜63% PF0.75 -17U,1972笔 胜63% PF0.77 -14U,1915笔 胜66% PF0.78 -11U
空,80,有,无,0.05,挂单0.04%,0.75,853笔 胜75% PF1.37 +56U,853笔 胜63% PF0.75 -51U,673笔 胜66% PF0.84 -25U,693笔 胜74% PF1.28 +36U
空,70,有,有,0.02,吃单0.08%,0.75,2262笔 胜67% PF0.96 -3U,2623笔 胜63% PF0.75 -17U,1972笔 胜64% PF0.77 -14U,1915笔 胜66% PF0.78 -12U
空,90,无,有,0.02,吃单0.08%,0.74,610笔 胜62% PF0.81 -4U,672笔 胜60% PF0.74 -4U,559笔 胜64% PF0.82 -3U,532笔 胜64% PF0.83 -2U
空,90,有,无,0.03,挂单0.04%,0.74,511笔 胜83% PF1.43 +28U,516笔 胜73% PF0.74 -26U,447笔 胜77% PF0.89 -9U,430笔 胜80% PF1.08 +5U
多,20,有,有,0.02,吃单0.08%,0.74,11615笔 胜64% PF0.81 -90U,11487笔 胜61% PF0.92 -22U,9420笔 胜64% PF0.89 -34U,9301笔 胜63% PF0.74 -93U
多,10,有,有,0.03,吃单0.08%,0.74,9611笔 胜64% PF0.82 -74U,9493笔 胜62% PF0.95 -11U,7781笔 胜64% PF0.89 -31U,7752笔 胜62% PF0.74 -83U
空,70,有,无,0.05,吃单0.08%,0.74,1130笔 胜73% PF1.18 +41U,1049笔 胜64% PF0.74 -67U,900笔 胜66% PF0.81 -41U,884笔 胜74% PF1.33 +52U
空,90,有,有,0.02,挂单0.04%,0.74,610笔 胜69% PF1.06 +1U,670笔 胜66% PF0.74 -5U,558笔 胜69% PF0.97 -0U,532笔 胜71% PF0.81 -3U
空,90,有,有,0.03,挂单0.04%,0.74,610笔 胜69% PF1.08 +1U,670笔 胜66% PF0.74 -5U,558笔 胜69% PF0.96 -1U,532笔 胜71% PF0.81 -3U
多,10,有,有,0.05,吃单0.08%,0.73,9587笔 胜64% PF0.81 -77U,9473笔 胜62% PF0.95 -12U,7746笔 胜64% PF0.88 -32U,7725笔 胜62% PF0.73 -85U
多,10,有,有,0.02,吃单0.08%,0.73,9682笔 胜64% PF0.81 -75U,9532笔 胜62% PF0.95 -11U,7845笔 胜64% PF0.87 -35U,7795笔 胜63% PF0.73 -84U
空,80,无,有,0.02,吃单0.08%,0.73,1378笔 胜63% PF0.91 -3U,1608笔 胜60% PF0.73 -10U,1212笔 胜62% PF0.79 -7U,1188笔 胜64% PF0.83 -5U
空,80,无,有,0.03,吃单0.08%,0.73,1378笔 胜63% PF0.91 -4U,1608笔 胜60% PF0.73 -10U,1212笔 胜62% PF0.78 -7U,1188笔 胜64% PF0.81 -5U
空,80,无,有,0.05,吃单0.08%,0.73,1378笔 胜63% PF0.91 -3U,1608笔 胜60% PF0.73 -10U,1211笔 胜62% PF0.77 -7U,1188笔 胜64% PF0.83 -5U
空,80,有,无,0.05,吃单0.08%,0.73,853笔 胜75% PF1.33 +51U,853笔 胜62% PF0.73 -56U,673笔 胜66% PF0.82 -29U,693笔 胜74% PF1.25 +32U
空,90,有,无,0.03,吃单0.08%,0.71,511笔 胜83% PF1.38 +25U,516笔 胜73% PF0.71 -29U,447笔 胜76% PF0.86 -11U,430笔 胜80% PF1.04 +3U
空,80,有,有,0.02,吃单0.08%,0.7,1377笔 胜66% PF0.99 -0U,1606笔 胜62% PF0.70 -14U,1210笔 胜64% PF0.86 -5U,1186笔 胜67% PF0.75 -8U
空,80,有,有,0.03,吃单0.08%,0.7,1377笔 胜66% PF0.99 -0U,1606笔 胜62% PF0.70 -14U,1210笔 胜64% PF0.86 -5U,1186笔 胜67% PF0.77 -8U
空,80,有,有,0.05,吃单0.08%,0.7,1377笔 胜66% PF1.00 -0U,1606笔 胜62% PF0.70 -14U,1209笔 胜64% PF0.86 -5U,1186笔 胜67% PF0.78 -7U
空,90,有,有,0.05,吃单0.08%,0.65,610笔 胜65% PF0.95 -1U,670笔 胜62% PF0.65 -7U,558笔 胜65% PF0.84 -3U,532笔 胜66% PF0.71 -5U
空,90,有,有,0.03,吃单0.08%,0.64,610笔 胜65% PF0.95 -1U,670笔 胜62% PF0.64 -8U,558笔 胜65% PF0.83 -3U,532笔 胜66% PF0.70 -5U
空,90,有,有,0.02,吃单0.08%,0.63,610笔 胜65% PF0.94 -1U,670笔 胜62% PF0.63 -8U,558笔 胜65% PF0.84 -3U,532笔 胜66% PF0.70 -5U
