周期,RSI,波动,前跌根数,止盈R,顺大趋势,方向,训练笔数,训练每笔,训练PF,考试笔数,考试每笔,考试PF,考试赚钱季度
1小时,30,0.8,10,1.5,none,both,1708,4.5,1.04,2849,-7.0,0.94,1/5
1小时,30,0.8,10,1.5,none,long,774,23.8,1.19,1547,-2.7,0.98,2/5
1小时,30,0.8,10,1.5,with,both,136,5.2,1.04,251,-14.2,0.9,2/5
1小时,30,0.8,10,1.5,with,long,54,17.6,1.14,72,-20.4,0.85,2/5
1小时,30,0.8,10,2.5,none,both,1705,13.6,1.1,2843,0.6,1.0,3/5
1小时,30,0.8,10,2.5,none,long,773,46.5,1.34,1544,4.1,1.03,3/5
1小时,30,0.8,10,2.5,with,both,136,4.8,1.03,251,-14.2,0.91,2/5
1小时,30,0.8,10,2.5,with,long,54,-9.7,0.93,72,17.6,1.12,2/5
1小时,30,0.8,20,1.5,none,both,1725,5.1,1.04,2878,-6.4,0.95,1/5
1小时,30,0.8,20,1.5,none,long,782,24.9,1.2,1563,-1.7,0.99,2/5
1小时,30,0.8,20,1.5,with,both,137,6.0,1.05,251,-14.2,0.9,2/5
1小时,30,0.8,20,1.5,with,long,55,19.4,1.16,72,-20.4,0.85,2/5
1小时,30,0.8,20,2.5,none,both,1722,13.8,1.1,2872,0.3,1.0,2/5
1小时,30,0.8,20,2.5,none,long,781,47.6,1.35,1560,3.4,1.03,3/5
1小时,30,0.8,20,2.5,with,both,137,4.1,1.03,251,-14.2,0.91,2/5
1小时,30,0.8,20,2.5,with,long,55,-11.2,0.92,72,17.6,1.12,2/5
1小时,30,1.2,10,1.5,none,both,953,24.7,1.17,1503,-6.3,0.96,2/5
1小时,30,1.2,10,1.5,none,long,417,65.3,1.48,762,-3.5,0.98,2/5
1小时,30,1.2,10,1.5,with,both,88,29.1,1.22,159,-24.5,0.85,1/5
1小时,30,1.2,10,1.5,with,long,32,40.6,1.28,43,-95.5,0.51,0/5
1小时,30,1.2,10,2.5,none,both,952,35.1,1.21,1499,-3.5,0.98,2/5
1小时,30,1.2,10,2.5,none,long,417,88.4,1.58,760,-3.5,0.98,3/5
1小时,30,1.2,10,2.5,with,both,88,37.7,1.24,159,-43.9,0.77,3/5
1小时,30,1.2,10,2.5,with,long,32,-19.6,0.89,43,-82.5,0.6,1/5
1小时,30,1.2,20,1.5,none,both,963,25.2,1.17,1521,-6.3,0.96,2/5
1小时,30,1.2,20,1.5,none,long,422,65.2,1.48,773,-2.9,0.98,2/5
1小时,30,1.2,20,1.5,with,both,89,26.4,1.2,159,-24.5,0.85,1/5
1小时,30,1.2,20,1.5,with,long,33,33.0,1.23,43,-95.5,0.51,0/5
1小时,30,1.2,20,2.5,none,both,962,35.4,1.21,1517,-4.1,0.98,2/5
1小时,30,1.2,20,2.5,none,long,422,88.5,1.59,771,-4.0,0.98,3/5
1小时,30,1.2,20,2.5,with,both,89,34.9,1.22,159,-43.9,0.77,3/5
1小时,30,1.2,20,2.5,with,long,33,-25.4,0.86,43,-82.5,0.6,1/5
1小时,35,0.8,10,1.5,none,both,3501,-9.1,0.92,5614,-14.4,0.88,0/5
1小时,35,0.8,10,1.5,none,long,1694,-8.4,0.93,3082,-12.8,0.89,1/5
1小时,35,0.8,10,1.5,with,both,566,-7.1,0.94,916,3.1,1.03,3/5
1小时,35,0.8,10,1.5,with,long,275,-34.8,0.73,339,7.1,1.06,2/5
1小时,35,0.8,10,2.5,none,both,3435,-3.7,0.97,5537,-9.1,0.93,2/5
1小时,35,0.8,10,2.5,none,long,1688,0.5,1.0,3069,-6.3,0.95,3/5
1小时,35,0.8,10,2.5,with,both,566,-3.6,0.97,914,5.4,1.04,3/5
1小时,35,0.8,10,2.5,with,long,275,-46.2,0.69,339,31.4,1.23,3/5
1小时,35,0.8,20,1.5,none,both,3576,-7.5,0.94,5740,-13.4,0.89,0/5
1小时,35,0.8,20,1.5,none,long,1730,-6.7,0.94,3154,-11.5,0.9,1/5
1小时,35,0.8,20,1.5,with,both,575,-6.0,0.95,931,1.2,1.01,3/5
1小时,35,0.8,20,1.5,with,long,277,-33.5,0.74,346,4.8,1.04,2/5
1小时,35,0.8,20,2.5,none,both,3510,-3.7,0.97,5654,-8.2,0.94,1/5
1小时,35,0.8,20,2.5,none,long,1723,1.1,1.01,3136,-6.2,0.95,3/5
1小时,35,0.8,20,2.5,with,both,574,-2.7,0.98,928,3.5,1.03,3/5
1小时,35,0.8,20,2.5,with,long,277,-45.6,0.69,345,27.9,1.2,2/5
1小时,35,1.2,10,1.5,none,both,1960,3.1,1.02,2987,-18.0,0.88,0/5
1小时,35,1.2,10,1.5,none,long,940,8.5,1.06,1591,-18.0,0.88,2/5
1小时,35,1.2,10,1.5,with,both,354,-0.3,1.0,528,-4.8,0.97,2/5
1小时,35,1.2,10,1.5,with,long,173,-45.6,0.71,190,-14.5,0.91,2/5
1小时,35,1.2,10,2.5,none,both,1927,11.2,1.07,2953,-15.3,0.91,1/5
1小时,35,1.2,10,2.5,none,long,938,19.5,1.13,1585,-16.7,0.9,3/5
1小时,35,1.2,10,2.5,with,both,354,12.3,1.08,528,1.7,1.01,3/5
1小时,35,1.2,10,2.5,with,long,173,-56.3,0.68,190,21.8,1.13,2/5
1小时,35,1.2,20,1.5,none,both,1996,4.1,1.03,3076,-16.1,0.89,0/5
1小时,35,1.2,20,1.5,none,long,954,10.1,1.07,1642,-16.5,0.89,2/5
1小时,35,1.2,20,1.5,with,both,360,-1.1,0.99,540,-5.3,0.96,2/5
1小时,35,1.2,20,1.5,with,long,175,-45.4,0.71,195,-18.0,0.89,2/5
1小时,35,1.2,20,2.5,none,both,1963,10.1,1.06,3037,-12.5,0.92,2/5
1小时,35,1.2,20,2.5,none,long,952,19.3,1.13,1634,-14.6,0.91,3/5
1小时,35,1.2,20,2.5,with,both,360,11.7,1.08,539,0.0,1.0,2/5
1小时,35,1.2,20,2.5,with,long,175,-56.0,0.68,194,15.4,1.09,2/5
4小时,30,0.8,10,1.5,none,both,503,-5.4,0.98,758,-10.7,0.96,2/5
4小时,30,0.8,10,1.5,none,long,239,101.9,1.45,388,-37.5,0.86,2/5
4小时,30,0.8,10,1.5,with,both,47,-82.1,0.73,109,137.0,1.65,4/5
4小时,30,0.8,10,1.5,with,long,24,-79.8,0.75,13,-73.6,0.71,2/4
4小时,30,0.8,10,2.5,none,both,500,-8.3,0.97,755,-4.1,0.99,2/5
4小时,30,0.8,10,2.5,none,long,238,75.5,1.3,387,-34.6,0.88,2/5
4小时,30,0.8,10,2.5,with,both,47,-19.8,0.94,109,182.0,1.72,4/5
4小时,30,0.8,10,2.5,with,long,24,-40.4,0.88,13,-206.3,0.36,1/4
4小时,30,0.8,20,1.5,none,both,504,-3.2,0.99,761,-10.4,0.96,2/5
4小时,30,0.8,20,1.5,none,long,237,108.2,1.49,389,-37.8,0.85,2/5
4小时,30,0.8,20,1.5,with,both,46,-59.3,0.79,110,134.4,1.64,4/5
4小时,30,0.8,20,1.5,with,long,23,-34.3,0.88,14,-78.8,0.67,2/4
4小时,30,0.8,20,2.5,none,both,501,-8.2,0.97,758,-5.1,0.98,2/5
4小时,30,0.8,20,2.5,none,long,236,81.6,1.33,388,-34.9,0.88,2/5
4小时,30,0.8,20,2.5,with,both,46,4.3,1.01,110,179.0,1.71,4/5
4小时,30,0.8,20,2.5,with,long,23,6.8,1.02,14,-202.1,0.35,1/4
4小时,30,1.2,10,1.5,none,both,279,20.3,1.06,437,13.0,1.05,3/5
4小时,30,1.2,10,1.5,none,long,139,192.9,1.78,202,-7.5,0.97,2/5
4小时,30,1.2,10,1.5,with,both,29,-148.9,0.61,74,190.1,1.82,4/5
4小时,30,1.2,10,1.5,with,long,14,-187.6,0.55,7,-177.6,0.47,1/4
4小时,30,1.2,10,2.5,none,both,279,-0.7,1.0,435,29.8,1.09,2/5
4小时,30,1.2,10,2.5,none,long,139,145.4,1.52,202,-0.9,1.0,3/5
4小时,30,1.2,10,2.5,with,both,29,-80.1,0.8,74,251.9,1.9,4/5
4小时,30,1.2,10,2.5,with,long,14,-143.5,0.68,7,-366.3,0.14,1/4
4小时,30,1.2,20,1.5,none,both,280,23.9,1.07,437,13.0,1.05,3/5
4小时,30,1.2,20,1.5,none,long,138,202.5,1.84,202,-7.5,0.97,2/5
4小时,30,1.2,20,1.5,with,both,28,-113.9,0.68,74,190.1,1.82,4/5
4小时,30,1.2,20,1.5,with,long,13,-115.3,0.68,7,-177.6,0.47,1/4
4小时,30,1.2,20,2.5,none,both,280,-0.7,1.0,435,29.8,1.09,2/5
4小时,30,1.2,20,2.5,none,long,138,154.7,1.56,202,-0.9,1.0,3/5
4小时,30,1.2,20,2.5,with,both,28,-42.7,0.89,74,251.9,1.9,4/5
4小时,30,1.2,20,2.5,with,long,13,-67.7,0.83,7,-366.3,0.14,1/4
4小时,35,0.8,10,1.5,none,both,931,-19.5,0.92,1411,-3.7,0.98,2/5
4小时,35,0.8,10,1.5,none,long,455,65.8,1.31,726,-35.4,0.86,2/5
4小时,35,0.8,10,1.5,with,both,145,-35.8,0.86,291,75.8,1.37,4/5
4小时,35,0.8,10,1.5,with,long,70,22.3,1.08,60,-97.8,0.63,1/5
4小时,35,0.8,10,2.5,none,both,920,-13.0,0.95,1390,10.4,1.04,2/5
4小时,35,0.8,10,2.5,none,long,453,61.3,1.25,724,-25.7,0.91,2/5
4小时,35,0.8,10,2.5,with,both,145,-0.2,1.0,290,139.6,1.59,4/5
4小时,35,0.8,10,2.5,with,long,70,59.2,1.2,60,-96.8,0.67,2/5
4小时,35,0.8,20,1.5,none,both,940,-17.4,0.93,1427,-3.7,0.98,2/5
4小时,35,0.8,20,1.5,none,long,453,69.4,1.33,735,-36.0,0.86,2/5
4小时,35,0.8,20,1.5,with,both,146,-26.1,0.89,294,75.8,1.37,4/5
4小时,35,0.8,20,1.5,with,long,69,38.9,1.15,61,-98.6,0.62,1/5
4小时,35,0.8,20,2.5,none,both,928,-11.3,0.96,1406,8.9,1.03,2/5
4小时,35,0.8,20,2.5,none,long,451,67.0,1.28,733,-27.1,0.9,2/5
4小时,35,0.8,20,2.5,with,both,146,5.6,1.02,293,135.8,1.57,4/5
4小时,35,0.8,20,2.5,with,long,69,76.4,1.27,61,-97.7,0.67,2/5
4小时,35,1.2,10,1.5,none,both,524,9.2,1.03,787,21.6,1.08,3/5
4小时,35,1.2,10,1.5,none,long,272,123.8,1.53,381,-18.3,0.94,2/5
4小时,35,1.2,10,1.5,with,both,85,9.5,1.03,176,153.3,1.69,4/5
4小时,35,1.2,10,1.5,with,long,42,74.2,1.25,32,-159.4,0.53,1/5
4小时,35,1.2,10,2.5,none,both,519,8.6,1.03,776,49.5,1.16,3/5
4小时,35,1.2,10,2.5,none,long,271,112.9,1.42,380,-10.5,0.97,2/5
4小时,35,1.2,10,2.5,with,both,85,59.9,1.2,176,257.6,2.02,4/5
4小时,35,1.2,10,2.5,with,long,42,116.8,1.36,32,-163.7,0.57,2/5
4小时,35,1.2,20,1.5,none,both,526,9.2,1.03,792,21.8,1.08,3/5
4小时,35,1.2,20,1.5,none,long,270,127.8,1.55,386,-20.3,0.93,2/5
4小时,35,1.2,20,1.5,with,both,84,26.6,1.1,176,153.3,1.69,4/5
4小时,35,1.2,20,1.5,with,long,41,103.5,1.38,32,-159.4,0.53,1/5
4小时,35,1.2,20,2.5,none,both,520,8.4,1.03,781,49.1,1.16,3/5
4小时,35,1.2,20,2.5,none,long,269,119.1,1.45,385,-14.8,0.96,2/5
4小时,35,1.2,20,2.5,with,both,84,78.3,1.27,176,257.6,2.02,4/5
4小时,35,1.2,20,2.5,with,long,41,147.1,1.48,32,-163.7,0.57,2/5
