symbol,group,period,trades,win_pct,profit_factor,net_pnl,return_pct,max_drawdown_pct,costs,mean_net_R,decisions,raw_rows,funding_included,execution,trailing,partial
BTC,大币,前段,81,38.2716049382716,0.6639358059289404,-325.33303751721616,-3.25333037517217,5.22820001242691,503.58637987635035,-0.2643166451247603,5832,7704,False,市价假设，下一根开盘；无L2，非挂单成交验证,False,False
BTC,大币,后段,44,38.63636363636363,0.6596208972789218,-183.8171423822119,-1.8381714238220992,3.470258616994673,270.7286551673281,-0.23276355642808208,3272,4536,False,市价假设，下一根开盘；无L2，非挂单成交验证,False,False
ETH,大币,前段,147,37.41496598639456,0.7160157140641831,-504.93154865754315,-5.049315486575345,7.1453454316715455,824.5854619145183,-0.21343000460824332,4774,7704,False,市价假设，下一根开盘；无L2，非挂单成交验证,False,False
ETH,大币,后段,79,22.78481012658228,0.3017040601807785,-759.4683994377897,-7.59468399437786,7.8118881500012725,412.0002662266586,-0.5361709836374268,2931,4536,False,市价假设，下一根开盘；无L2，非挂单成交验证,False,False
SOL,大币,前段,203,38.42364532019704,0.9154236472224904,-203.8610047035917,-2.0386100470359825,3.665754692966893,941.7659484543126,-0.05313917979533431,4035,7704,False,市价假设，下一根开盘；无L2，非挂单成交验证,False,False
SOL,大币,后段,99,28.28282828282828,0.7152060296616602,-336.1175453476726,-3.3611754534766836,3.3850037800097925,459.493275371348,-0.18598546556808762,2870,4536,False,市价假设，下一根开盘；无L2，非挂单成交验证,False,False
XRP,大币,前段,188,40.42553191489361,0.9760757658518637,-51.358129441688675,-0.513581294416765,6.364932186101871,946.9890569843288,-0.011033716417406487,4030,7704,False,市价假设，下一根开盘；无L2，非挂单成交验证,False,False
XRP,大币,后段,120,35.0,0.7833636724002309,-321.9347560006853,-3.2193475600068577,4.0015622309933665,624.0599432381922,-0.14305718500183923,2354,4536,False,市价假设，下一根开盘；无L2，非挂单成交验证,False,False
WIF,小币,前段,184,26.6304347826087,0.554727083584847,-1121.3157600242155,-11.213157600242152,11.609171162292458,846.3783921258712,-0.34311046489459723,4716,7704,False,市价假设，下一根开盘；无L2，非挂单成交验证,False,False
WIF,小币,后段,122,37.704918032786885,0.9768362296647182,-32.487364435952685,-0.3248736443595024,5.629021511493135,589.4085189206402,-0.012551945216443238,2448,4536,False,市价假设，下一根开盘；无L2，非挂单成交验证,False,False
SUI,小币,前段,188,35.638297872340424,0.7794935397174371,-534.4223604714599,-5.344223604714626,7.304017257712079,1094.4086044099245,-0.15415380908409201,4386,7704,False,市价假设，下一根开盘；无L2，非挂单成交验证,False,False
SUI,小币,后段,98,32.6530612244898,0.6006673339089632,-519.8462593941092,-5.198462593941078,5.939981549464486,565.0305152858438,-0.28901731994991414,2591,4536,False,市价假设，下一根开盘；无L2，非挂单成交验证,False,False
SEI,小币,前段,192,33.33333333333333,0.777252340894705,-539.2439604755175,-5.392439604755184,8.794308461721933,928.3378250972057,-0.1523195662360687,4762,7704,False,市价假设，下一根开盘；无L2，非挂单成交验证,False,False
SEI,小币,后段,117,33.33333333333333,0.6937561401097969,-467.5727364636306,-4.67572736463624,5.069056865552138,539.6873402605409,-0.21671551763487673,2507,4536,False,市价假设，下一根开盘；无L2，非挂单成交验证,False,False
PEPE,小币,前段,169,33.13609467455622,0.7646301752299038,-473.9753333154631,-4.739753333154583,5.67479135239427,688.4487067005015,-0.15173811159812708,4683,7704,False,市价假设，下一根开盘；无L2，非挂单成交验证,False,False
PEPE,小币,后段,111,34.234234234234236,0.7620525421794926,-288.4126909143053,-2.88412690914307,3.6992278429099033,434.159202922247,-0.13932155232585824,2685,4536,False,市价假设，下一根开盘；无L2，非挂单成交验证,False,False
