策略,TV编号,点赞,周期分钟,笔数,每天约,持仓中位小时,胜率%,每笔基点,PF全部,PF训练2024,PF考试2025+,PF最近6个月,PF新币,过关,100U组合,组合最大回撤%
一目 先行带交叉(Kumo Twist),4236721,741,60,25418,25.3,37.0,36,52.7,1.23,1.19,1.25,1.61,1.26,True,130.0,-42.0
随机指标趋势(只做多),10377381,918,15,13629,13.6,48.8,38,87.4,1.31,1.49,1.24,2.03,1.31,True,197.0,-60.0
Trend Surfers 168根突破,10240619,2272,60,12009,12.0,27.0,20,55.4,1.19,1.25,1.16,1.92,1.11,True,63.0,-70.0
布林+RSI 双重(ChartArt),3266789,48602,60,3611,3.6,384.0,65,16.0,1.02,0.78,1.15,0.96,1.25,False,41.0,-83.0
MACD+随机 双重(ChartArt),3292004,7964,60,2011,2.0,587.0,57,-16.8,0.99,0.73,1.15,1.31,0.98,False,64.0,-50.0
"布林带突破(55,1倍)",8477059,4273,60,36787,36.6,44.0,33,32.1,1.12,1.12,1.12,1.27,1.12,False,154.0,-51.0
一目均衡 TK交叉+EMA200(只做多),4373472,3586,30,30032,29.9,22.0,34,24.3,1.12,1.21,1.09,1.51,1.1,False,380.0,-68.0
日线收盘比较(昨天涨就做多),3295631,6377,60,40922,40.8,49.0,34,18.1,1.07,1.03,1.09,1.18,1.08,False,58.0,-52.0
TOTT 双优化趋势跟踪,9628832,8738,60,14459,14.4,97.0,32,73.0,1.17,1.4,1.09,1.54,1.16,False,174.0,-45.0
Best SuperTrend BTCUSD(1小时DEMA交叉),4065274,736,45,56603,56.4,28.5,36,16.3,1.07,1.04,1.09,1.09,1.07,False,102.0,-52.0
枢轴点超级趋势 Pivot Point SuperTrend,7537862,5403,60,29530,29.4,52.0,35,22.3,1.07,1.04,1.08,1.29,1.08,False,664.0,-55.0
EMA 交叉 20/60(hl2),9501944,1893,60,33744,33.6,39.0,29,31.5,1.12,1.28,1.07,1.19,1.12,False,415.0,-56.0
反困住逆势单剥头皮,9606867,753,60,28924,28.8,57.0,35,39.7,1.14,1.34,1.06,1.19,1.12,False,603.0,-28.0
Profit Maximizer 利润最大化(PMax),8802072,3112,60,11118,11.1,3.0,8,4.6,1.04,1.01,1.05,1.23,1.06,False,55.0,-64.0
TradersAI UTBot(灵敏度10),6750220,1599,15,26709,26.6,56.0,35,7.7,1.02,0.99,1.04,1.2,1.04,False,39.0,-70.0
Powertrend 成交量区间过滤(只做多),15394604,3572,60,13616,13.6,45.0,37,42.5,1.14,1.44,1.04,1.35,1.08,False,826.0,-44.0
ATR 抛物线SAR(QuantNomad),8217378,1876,60,66706,66.4,21.0,26,5.3,1.03,1.03,1.03,1.02,1.0,False,114.0,-53.0
LUBE 摩擦力突破,7495151,1972,30,12333,12.3,11.0,34,9.8,1.06,1.18,1.02,1.08,1.04,False,176.0,-50.0
ZigZag RSI 15分钟(只做多),9054840,1530,15,24038,23.9,21.0,35,25.8,1.14,1.52,1.01,1.69,1.09,False,205.0,-90.0
EMA 交叉 10/20,9806157,2881,60,86564,86.2,17.0,28,0.1,1.0,1.0,1.0,1.08,1.01,False,7.0,-99.0
Crypto BOT 低周期(EMA+随机),9182728,3139,5,16803,16.7,46.4,45,-5.3,0.99,1.0,0.98,0.98,0.97,False,43.0,-62.0
简单赚钱策略(EMA排列+RSI+随机),4818956,3232,60,88160,87.8,14.0,60,-2.2,0.99,1.07,0.96,1.01,0.98,False,25.0,-84.0
三重SuperTrend+EMA+随机RSI,10795040,1708,60,27288,27.2,38.0,37,1.1,1.0,1.14,0.95,1.04,0.98,False,350.0,-55.0
Coinrule RSI+均线100/150 多空,14179202,753,30,15134,15.1,87.0,36,13.6,1.03,1.31,0.94,1.14,1.0,False,201.0,-66.0
Noro 趋势均线 v2.0,4422473,1167,60,150957,150.4,10.0,52,-4.4,0.97,1.03,0.94,1.09,0.96,False,110.0,-84.0
剥头皮交易系统 Crypto&Stocks,11865235,3417,5,206412,205.6,5.3,26,-9.3,0.91,0.86,0.94,0.89,0.91,False,3.0,-97.0
RSI-VWAP 超卖抄底(只做多),9743888,2408,30,19236,19.2,43.5,53,-11.7,0.95,1.03,0.93,1.34,0.9,False,32.0,-92.0
GetTrend 370分钟K线方向,3752791,772,30,159439,158.8,7.0,34,-12.2,0.91,0.86,0.93,0.87,0.91,False,9.0,-92.0
均线剥头皮 MA Scalper(只做多),10488313,1165,15,22419,22.3,14.8,63,-21.2,0.87,0.75,0.92,1.07,0.87,False,12.0,-92.0
挤压动量 Squeeze Momentum(LazyBear),5451724,3407,60,79352,79.0,6.0,36,-12.2,0.88,0.78,0.92,0.83,0.9,False,1.0,-99.0
"MACD+ATR浮动止损(只做多,分批止盈)",9202779,2422,30,56424,56.2,19.0,40,-15.2,0.91,0.89,0.92,1.09,0.91,False,45.0,-82.0
UT Bot v2 ATR追踪止损,22138906,2449,60,224370,223.5,7.0,34,-13.5,0.89,0.84,0.91,0.82,0.9,False,2.0,-98.0
QQE MOD+SSL Hybrid+WAE 三指标,13127575,5245,60,109488,109.1,9.0,47,-16.6,0.88,0.81,0.91,0.8,0.88,False,2.0,-98.0
简单RSI 超卖买(止盈3%止损10%),9329736,1183,5,75791,75.5,7.9,77,-17.2,0.93,0.98,0.91,1.13,0.91,False,6.0,-97.0
Rob Booker ADX突破,13727336,739,60,26122,26.0,9.0,35,-12.0,0.93,0.99,0.91,0.88,0.94,False,15.0,-88.0
Crypto Scalper 背离MACD+PSAR+EMA(原1分钟),11411286,3379,5,217978,217.1,4.7,31,-9.6,0.9,0.9,0.9,0.84,0.91,False,0.0,-100.0
双SuperTrend(ATR止盈),12157389,942,15,247346,246.4,3.8,65,-11.4,0.9,0.91,0.9,0.88,0.91,False,1.0,-100.0
Flawless Victory 15分钟BTC,10033393,11028,15,48364,48.2,24.0,62,-10.5,0.95,1.08,0.9,1.19,0.92,False,94.0,-83.0
布林带+RSI 15分钟(只做多),9972638,5074,15,26461,26.4,25.5,62,-13.1,0.95,1.08,0.89,1.19,0.92,False,18.0,-88.0
动量 随机RSI 30分钟(TVHUB),9420176,691,30,43560,43.4,22.5,52,-18.0,0.93,1.01,0.89,1.08,0.91,False,13.0,-89.0
Coinrule RSI抄底(只做多),9211055,918,15,47963,47.8,16.0,62,-10.4,0.94,1.1,0.88,1.16,0.93,False,14.0,-94.0
Coinrule 顺势剥头皮(只做多),10874629,1623,60,17590,17.5,33.0,58,-2.3,0.99,1.34,0.88,1.1,0.96,False,78.0,-71.0
随机+RSI 双重(ChartArt),3217902,7010,60,6169,6.1,220.0,59,-143.8,0.82,0.71,0.88,0.66,0.94,False,6.0,-96.0
黄金白银30分钟 RSI+EMA162,3679368,2134,30,9382,9.3,71.0,34,-80.7,0.85,0.77,0.88,0.55,0.87,False,33.0,-80.0
"RSI 趋势(35上穿买,75下穿卖)",10304792,2184,15,20666,20.6,52.0,59,-21.1,0.93,1.12,0.87,1.21,0.9,False,59.0,-72.0
Noro 通道剥头皮 v1.6,4464636,1838,60,242339,241.4,5.0,68,-9.9,0.89,0.95,0.86,0.91,0.89,False,4.0,-97.0
多周期RSI 5/15/30(TradeDots),16919373,1908,30,21191,21.1,67.0,63,-55.0,0.87,0.89,0.86,0.69,0.88,False,104.0,-60.0
72s 自适应HMA+,10392609,4751,15,91199,90.8,2.8,43,-15.1,0.84,0.82,0.85,0.8,0.84,False,0.0,-100.0
"MACD+布林+RSI(Alorse,只做多)",11594581,2145,60,7827,7.8,103.0,59,-57.4,0.87,0.92,0.85,1.28,0.83,False,24.0,-89.0
PMax on RSI + T3(原1分钟),10986709,1739,5,219077,218.2,7.1,41,-19.2,0.85,0.88,0.84,0.77,0.86,False,0.0,-100.0
"BTC bot 周枢轴+RSI(只做多,分批止盈)",9027337,3111,15,6634,6.6,82.2,58,-58.0,0.86,0.9,0.84,1.48,0.85,False,56.0,-72.0
周VWAP+斐波那契偏离,8822242,5088,60,27483,27.4,13.0,55,-41.7,0.82,0.78,0.83,0.78,0.83,False,2.0,-99.0
RSI 对比均线(不重绘),3366568,4190,5,548312,546.1,3.0,58,-13.0,0.81,0.8,0.82,0.84,0.82,False,0.0,-100.0
yuthavithi 波动率力度剥头皮(原1分钟),3203897,1736,5,451535,449.7,1.9,29,-14.9,0.82,0.83,0.82,0.76,0.83,False,0.0,-100.0
Hulk 剥头皮(原x35杠杆5分钟),13034113,2172,5,73978,73.7,1.2,46,-13.0,0.81,0.82,0.81,0.75,0.79,False,0.0,-100.0
CRYPTO 3EMA+ATR止盈止损(只做多),10487472,2529,15,70627,70.3,2.5,35,-18.2,0.8,0.8,0.8,0.77,0.81,False,0.0,-100.0
VWAP 趋势跟随(wbburgin),15231464,4539,15,495444,493.5,1.5,45,-12.6,0.81,0.83,0.79,0.77,0.82,False,0.0,-100.0
三重SuperTrend+随机RSI(原1分钟),10540165,2407,5,214302,213.4,0.9,40,-15.7,0.77,0.77,0.77,0.72,0.78,False,0.0,-100.0
Super Scalper 5/15分钟,12859580,7141,5,711522,708.7,2.0,28,-15.4,0.77,0.79,0.77,0.7,0.79,False,0.0,-100.0
AO+随机+RSI+ATR(Serdar),6535128,14248,60,14442,14.4,3.0,54,-23.4,0.8,0.87,0.77,0.72,0.81,False,8.0,-93.0
ATR+RSI 追踪止损(liwei666),14474655,745,15,121435,121.0,2.0,33,-15.5,0.77,0.77,0.77,0.7,0.78,False,0.0,-100.0
Grab 交易系统(原2分钟),8354181,3660,5,453724,451.9,1.4,49,-14.7,0.74,0.71,0.75,0.73,0.74,False,0.0,-100.0
枢轴反转 Pivot Reversal(QuantNomad),6076844,727,60,79822,79.5,2.0,39,-11.8,0.78,0.86,0.74,0.74,0.77,False,0.0,-100.0
Swing Hull+RSI+EMA,3506912,2056,60,61948,61.7,1.0,6,-14.4,0.74,0.8,0.72,0.69,0.74,False,1.0,-99.0
TSI+CCI+Hull(止盈0.5%),7881053,1884,15,615941,613.5,0.5,87,-14.7,0.68,0.63,0.7,0.69,0.69,False,0.0,-100.0
"BTFD 放量超卖抄底(原3分钟,分批止盈)",15507345,761,5,68913,68.6,0.6,86,-18.6,0.7,0.69,0.7,0.93,0.69,False,1.0,-99.0
趋势交易者+MACD(原1分钟),7373383,1512,5,1186535,1181.8,1.3,27,-15.7,0.72,0.75,0.7,0.67,0.73,False,0.0,-100.0
SuperTrend 双周期+MACD,4922302,959,60,48380,48.2,2.0,43,-20.8,0.69,0.68,0.69,0.68,0.68,False,0.0,-100.0
威廉分形+EMA+RSI(止盈0.5%止损3.1%),11744312,721,15,350449,349.1,0.8,85,-14.3,0.68,0.7,0.67,0.66,0.68,False,0.0,-100.0
鳄鱼线剥头皮 Alligator(原1分钟),6996122,2315,5,1811462,1804.2,0.7,29,-15.0,0.63,0.65,0.62,0.59,0.65,False,0.0,-100.0
RSI 二元期权(拿3根),3836755,1960,5,448581,446.8,0.2,42,-12.5,0.63,0.67,0.61,0.6,0.64,False,0.0,-100.0
"3EMA+RSI 追踪止损(Free990,只做多)",18019298,1637,10,68994,68.7,1.0,68,-20.9,0.6,0.61,0.59,0.63,0.6,False,0.0,-100.0
威廉指标+MACD+均线 剥头皮(原1分钟),17461838,3780,5,316783,315.5,0.5,27,-15.5,0.55,0.57,0.55,0.57,0.57,False,0.0,-100.0
Extreme Scalping 线性回归偏离(原1分钟),6608075,2298,5,5126275,5105.9,0.2,28,-17.3,0.51,0.51,0.51,0.5,0.51,False,0.0,-100.0
Forex Master v4 均值回归,3384531,3350,5,808693,805.5,0.2,49,-16.7,0.47,0.47,0.48,0.47,0.47,False,0.0,-100.0
组合机器人 RSI+ADX+20均线+通道突破,14713710,929,5,7038810,7010.8,0.2,24,-11.5,0.35,0.34,0.35,0.33,0.37,False,0.0,-100.0
XAUUSD 剥头皮 AGRESIV,21923693,1612,5,1645017,1638.5,0.2,30,-18.5,0.3,0.31,0.3,0.28,0.31,False,,
MicuRobert 零滞后EMA交叉,3207828,4214,60,445049,443.3,1.0,17,-25.9,0.19,0.18,0.19,0.19,0.18,False,0.0,-100.0
外汇剥头皮 布林+RSI+ADX(原1分钟),11492005,1899,5,190472,189.7,0.1,0,-21.0,0.0,0.0,0.0,0.0,0.0,False,0.0,-100.0
