variant,phase,symbol,trades,win_pct,payoff_ratio,profit_factor,net_pnl,return_pct,max_drawdown_pct,costs,mean_net_R,decisions,raw_rows,funding_included,execution,trailing,partial
V61,前段,BOME,26,46.15384615384615,1.5409557440993058,1.3208192092279762,81.5699280559721,0.8156992805597563,1.351232604926778,104.87047758834669,0.1684220492785758,10212,10512,False,市价假设，下一根开盘；无L2，非挂单成交验证,True,False
V61,中段,BOME,7,42.857142857142854,0.8906245693756921,0.6679684270317691,-24.89636384153706,-0.24896363841536706,0.6583026039942804,33.514918579870425,-0.18877008006429521,3622,3744,False,市价假设，下一根开盘；无L2，非挂单成交验证,True,False
V61,后段,BOME,3,0.0,,0.0,-68.41255352882075,-0.6841255352882047,0.6841255352882035,12.300404251270617,-1.21899300158489,3670,3744,False,市价假设，下一根开盘；无L2，非挂单成交验证,True,False
V61,前段,ARB,12,58.333333333333336,1.3469784493902883,1.8857698291464036,50.79065935115037,0.5079065935114979,0.35189789438970487,49.85699112261446,0.22602585963784402,10312,10512,False,市价假设，下一根开盘；无L2，非挂单成交验证,True,False
V61,中段,ARB,7,71.42857142857143,1.2343375423731173,3.0858438559327936,88.2642937502874,0.8826429375028866,0.6543151628186659,19.10317687311128,0.6716540468346943,3640,3744,False,市价假设，下一根开盘；无L2，非挂单成交验证,True,False
V61,后段,ARB,6,33.33333333333333,0.670962955901857,0.3354814779509285,-45.80363008246283,-0.4580363008246269,0.5277555089259295,19.84860977585133,-0.4073547555271184,3644,3744,False,市价假设，下一根开盘；无L2，非挂单成交验证,True,False
V61,前段,APT,18,50.0,0.691173130544844,0.691173130544844,-60.67823378004403,-0.6067823378004489,1.5171577798338458,104.80210472543675,-0.17900031197921026,10191,10512,False,市价假设，下一根开盘；无L2，非挂单成交验证,True,False
V61,中段,APT,3,33.33333333333333,1.5453066608493018,0.7726533304246509,-11.13718512049265,-0.11137185120493331,0.4880295499597657,13.38434928192758,-0.19577067504528411,3707,3744,False,市价假设，下一根开盘；无L2，非挂单成交验证,True,False
V61,后段,APT,14,21.428571428571427,1.2559741231692798,0.34253839722798535,-148.0516187143709,-1.4805161871436767,1.533179932668016,59.23017992390607,-0.566846049897214,3482,3744,False,市价假设，下一根开盘；无L2，非挂单成交验证,True,False
V61,前段,AVAX,13,38.46153846153847,0.8132034341798003,0.5082521463623751,-77.9674196921036,-0.7796741969210208,1.4808894045231962,70.93612323185549,-0.3198588888961526,10240,10512,False,市价假设，下一根开盘；无L2，非挂单成交验证,True,False
V61,中段,AVAX,2,50.0,0.8666440538598078,0.8666440538598078,-2.653321047499851,-0.02653321047501045,0.22590147454515483,11.872726144879373,-0.06984192235602488,3711,3744,False,市价假设，下一根开盘；无L2，非挂单成交验证,True,False
V61,后段,AVAX,10,60.0,1.9842711214880708,2.9764066822321062,97.78559588880144,0.9778559588880187,0.495969814950901,47.02219535543727,0.5204214782771379,3534,3744,False,市价假设，下一根开盘；无L2，非挂单成交验证,True,False
V61,前段,AAVE,11,72.72727272727273,1.6864262123743765,4.497136566331671,115.41572762617369,1.1541572762617358,0.5240188131302994,49.36424398240226,0.5574315205589383,10312,10512,False,市价假设，下一根开盘；无L2，非挂单成交验证,True,False
V61,中段,AAVE,2,0.0,,0.0,-27.73715814642392,-0.27737158146423635,0.3579790495698217,10.194338679155226,-0.7399129485571329,3721,3744,False,市价假设，下一根开盘；无L2，非挂单成交验证,True,False
V61,后段,AAVE,13,46.15384615384615,1.081317256430945,0.9268433626550957,-11.471608536252553,-0.11471608536254285,1.0844921389548579,75.31023922828275,-0.04545769426366075,3545,3744,False,市价假设，下一根开盘；无L2，非挂单成交验证,True,False
V61,前段,ADA,13,46.15384615384615,0.7890831869841193,0.6763570174149593,-48.417778132592446,-0.48417778132594513,1.0518342005802868,57.33739748317657,-0.19785443561164773,10317,10512,False,市价假设，下一根开盘；无L2，非挂单成交验证,True,False
V61,中段,ADA,5,60.0,0.6976242673676502,1.0464364010514753,1.6748544555111877,0.016748544555111877,0.3828649553229068,25.253921129439455,0.018899061796879037,3705,3744,False,市价假设，下一根开盘；无L2，非挂单成交验证,True,False
V61,后段,ADA,13,38.46153846153847,1.3234260437280805,0.8271412773300503,-25.01138154176137,-0.2501138154176408,0.4724576748857937,70.97333361119935,-0.1013882366713856,3491,3744,False,市价假设，下一根开盘；无L2，非挂单成交验证,True,False
V61,前段,BONK,9,44.44444444444444,1.5053544026142576,1.204283522091406,16.181491314199246,0.1618149131419777,0.5675053776770437,33.08701219156568,0.09712263895749285,10298,10512,False,市价假设，下一根开盘；无L2，非挂单成交验证,True,False
V61,中段,BONK,3,66.66666666666666,6.111529391990682,12.223058783981363,64.62564511612828,0.6462564511612534,0.33202848053425105,11.402480964186434,1.1474257300076112,3682,3744,False,市价假设，下一根开盘；无L2，非挂单成交验证,True,False
V61,后段,BONK,8,62.5,0.6064486180869071,1.0107476968115117,0.6624265588880078,0.006624265588861533,0.4411362622021402,28.49428590921924,0.005351728154001437,3567,3744,False,市价假设，下一根开盘；无L2，非挂单成交验证,True,False
V61,前段,DOGE,12,50.0,1.2752052974482257,1.2752052974482257,25.217303218148842,0.2521730321814797,0.6003766547227133,61.826765008942786,0.11305937510048668,10378,10512,False,市价假设，下一根开盘；无L2，非挂单成交验证,True,False
V61,中段,DOGE,5,80.0,1.0245198659204864,4.0980794636819455,63.16980620213117,0.6316980620213242,0.32090777039464913,26.34381320942882,0.6733271560780867,3696,3744,False,市价假设，下一根开盘；无L2，非挂单成交验证,True,False
V61,后段,DOGE,11,36.36363636363637,1.2263916811472473,0.7007952463698556,-23.19156489753913,-0.2319156489754115,0.6282180272100981,47.91571357696631,-0.11203178651338214,3562,3744,False,市价假设，下一根开盘；无L2，非挂单成交验证,True,False
V61,前段,ETH,10,40.0,1.4291040725771817,0.952736048384788,-3.4182793155918345,-0.034182793155901336,0.6594804837258946,38.71175947124279,-0.017370910099428528,10342,10512,False,市价假设，下一根开盘；无L2，非挂单成交验证,True,False
V61,中段,ETH,6,16.666666666666664,0.31752215353114677,0.06350443070622935,-40.4542599132763,-0.40454259913276225,0.5820913469443728,21.664208044726685,-0.3600905148353896,3646,3744,False,市价假设，下一根开盘；无L2，非挂单成交验证,True,False
V61,后段,ETH,12,50.0,0.914426885353529,0.914426885353529,-7.997629194852747,-0.07997629194853584,0.6336670451380707,55.783660931185054,-0.03455939511178865,3510,3744,False,市价假设，下一根开盘；无L2，非挂单成交验证,True,False
V61,前段,DOT,15,33.33333333333333,1.0874178327494617,0.5437089163747308,-95.99896692361956,-0.9599896692361609,1.0520073041628593,89.16028965203141,-0.3414282026944306,10282,10512,False,市价假设，下一根开盘；无L2，非挂单成交验证,True,False
V61,中段,DOT,8,12.5,0.0775798445278745,0.011082834932553501,-122.08773515136534,-1.2208773515136606,1.3023976400063084,27.187037506910606,-0.8181258944911418,3582,3744,False,市价假设，下一根开盘；无L2，非挂单成交验证,True,False
V61,后段,DOT,9,22.22222222222222,0.7247936899024405,0.20708391140069732,-119.79006766312585,-1.1979006766312472,1.3413529120593726,46.72840609292815,-0.7128754542225171,3629,3744,False,市价假设，下一根开盘；无L2，非挂单成交验证,True,False
V61,前段,ENA,20,55.00000000000001,1.270497010471487,1.5528296794651506,83.61564778108195,0.8361564778108121,1.2797632908636478,81.65749138964358,0.22339108087279996,10118,10512,False,市价假设，下一根开盘；无L2，非挂单成交验证,True,False
V61,中段,ENA,3,33.33333333333333,0.4809392366802589,0.24046961834012945,-24.55818083921864,-0.24558180839220345,0.42419958798914725,12.035679688539958,-0.4364473435546532,3692,3744,False,市价假设，下一根开盘；无L2，非挂单成交验证,True,False
V61,后段,ENA,8,12.5,1.894877425437203,0.27069677506245754,-88.93604122164436,-0.8893604122164445,0.889360412216447,28.869603640163252,-0.5943925330897721,3655,3744,False,市价假设，下一根开盘；无L2，非挂单成交验证,True,False
V61,前段,BTC,7,57.14285714285714,4.468031427790117,5.95737523705349,101.94367809949456,1.01943678099492,0.1791061951700969,29.09793594794055,0.7743608390849499,10349,10512,False,市价假设，下一根开盘；无L2，非挂单成交验证,True,False
V61,中段,BTC,3,66.66666666666666,1.2032470713275503,2.4064941426551005,21.79891668155914,0.21798916681559088,0.24596659841499788,14.94274274941163,0.38822793827934415,3697,3744,False,市价假设，下一根开盘；无L2，非挂单成交验证,True,False
V61,后段,BTC,7,28.57142857142857,0.23889308729745753,0.09555723491898302,-70.70062043064044,-0.7070062043063818,0.7091464016385544,32.85433052465607,-0.5400800998216485,3653,3744,False,市价假设，下一根开盘；无L2，非挂单成交验证,True,False
V61,前段,FLOKI,16,37.5,0.40906112819311646,0.24543667691586987,-133.59231995565452,-1.3359231995565324,1.5407394796954264,58.38431377407433,-0.44763306881897785,10237,10512,False,市价假设，下一根开盘；无L2，非挂单成交验证,True,False
V61,中段,FLOKI,7,42.857142857142854,0.1830733912851461,0.13730504346385958,-59.51329721404381,-0.595132972140433,0.7363484785610799,31.23863800379663,-0.45426926181463917,3617,3744,False,市价假设，下一根开盘；无L2，非挂单成交验证,True,False
V61,后段,FLOKI,10,40.0,0.8451283011853267,0.5634188674568844,-43.41054046709161,-0.43410540467093695,0.6207350734179933,54.55627224295468,-0.23110707392983398,3579,3744,False,市价假设，下一根开盘；无L2，非挂单成交验证,True,False
V61,前段,INJ,15,40.0,0.9584324408147826,0.6389549605431885,-44.90874250843605,-0.44908742508432686,1.042437805067955,80.41075242327163,-0.1592838963833574,10256,10512,False,市价假设，下一根开盘；无L2，非挂单成交验证,True,False
V61,中段,INJ,11,45.45454545454545,0.8849986408183146,0.7374988673485954,-26.819137086939392,-0.26819137086938616,1.114667988997196,49.68118709970212,-0.12906954788566657,3506,3744,False,市价假设，下一根开盘；无L2，非挂单成交验证,True,False
V61,后段,INJ,14,42.857142857142854,1.4367000503768095,1.077525037782607,10.623699207853495,0.10623699207852333,0.765748252191613,55.35469222347979,0.041832051028814266,3473,3744,False,市价假设，下一根开盘；无L2，非挂单成交验证,True,False
V61,前段,LINK,8,50.0,1.6490764259772934,1.6490764259772934,45.79171318578872,0.45791713185787675,0.41727892567818925,46.42439908261007,0.30632329215779186,10381,10512,False,市价假设，下一根开盘；无L2，非挂单成交验证,True,False
V61,中段,LINK,3,0.0,,0.0,-37.271390580789884,-0.37271390580790875,0.41876682287313866,15.383481999901603,-0.6634270955546602,3710,3744,False,市价假设，下一根开盘；无L2，非挂单成交验证,True,False
V61,后段,LINK,5,60.0,2.111995068715607,3.16799260307341,40.573694130650466,0.4057369413065004,0.28703773006424,32.41793716583061,0.4328311307858856,3620,3744,False,市价假设，下一根开盘；无L2，非挂单成交验证,True,False
V61,前段,JUP,9,44.44444444444444,1.1933965854248239,0.954717268339859,-4.554283007127395,-0.045542830071299,0.7689695049441434,45.701680866485596,-0.02542289486679665,10353,10512,False,市价假设，下一根开盘；无L2，非挂单成交验证,True,False
V61,中段,JUP,6,33.33333333333333,1.448467375099575,0.7242336875497875,-18.618446669974144,-0.18618446669975697,0.6062615015158194,22.104410694084066,-0.16446456658295075,3644,3744,False,市价假设，下一根开盘；无L2，非挂单成交验证,True,False
V61,后段,JUP,14,50.0,0.5749270636164686,0.5749270636164686,-39.92672672117195,-0.39926726721172257,0.7803727456994601,61.517180414167235,-0.15183195841261368,3520,3744,False,市价假设，下一根开盘；无L2，非挂单成交验证,True,False
V61,前段,NEAR,9,66.66666666666666,0.5442377894558031,1.0884755789116063,5.433333012125367,0.05433333012125896,0.4993161775251667,44.17198539467683,0.03308313169080532,10325,10512,False,市价假设，下一根开盘；无L2，非挂单成交验证,True,False
V61,中段,NEAR,10,20.0,0.4539233690604673,0.11348084226511683,-83.00305963303548,-0.8300305963303667,0.8454593585942749,42.05677476704706,-0.44408200059511593,3565,3744,False,市价假设，下一根开盘；无L2，非挂单成交验证,True,False
V61,后段,NEAR,13,53.84615384615385,1.4426364664812508,1.6830758775614592,60.50489543106818,0.6050489543106385,0.5074459180371602,35.941636724469284,0.24851843824477632,3536,3744,False,市价假设，下一根开盘；无L2，非挂单成交验证,True,False
V61,前段,ONDO,13,53.84615384615385,0.3532213636360653,0.4120915909087429,-81.69171985165065,-0.8169171985165091,1.0491229510449704,68.43879069020997,-0.3355862955795936,10337,10512,False,市价假设，下一根开盘；无L2，非挂单成交验证,True,False
V61,中段,ONDO,3,33.33333333333333,0.5285605996281565,0.26428029981407825,-6.326504852041357,-0.06326504852042225,0.2346889525414903,15.763126325081211,-0.11243934693879926,3676,3744,False,市价假设，下一根开盘；无L2，非挂单成交验证,True,False
V61,后段,ONDO,6,50.0,0.3801315372368076,0.38013153723680754,-29.809407842232076,-0.2980940784223285,0.5260196437984633,22.43770813065888,-0.2648922088580173,3664,3744,False,市价假设，下一根开盘；无L2，非挂单成交验证,True,False
V61,前段,ORDI,20,55.00000000000001,1.0871809126381486,1.328776671002182,49.99486094443954,0.49994860944435615,0.9058517457337908,86.71771055807366,0.13416735168769328,10170,10512,False,市价假设，下一根开盘；无L2，非挂单成交验证,True,False
V61,中段,ORDI,5,40.0,0.42026424059573514,0.28017616039715676,-21.321397210522505,-0.21321397210524173,0.4652275506009425,22.763422911493528,-0.22749291115782527,3678,3744,False,市价假设，下一根开盘；无L2，非挂单成交验证,True,False
V61,后段,ORDI,7,28.57142857142857,0.12969410692360953,0.05187764276944381,-74.9933509904704,-0.7499335099046989,0.8260978360666655,33.71971956641816,-0.5729467555992497,3610,3744,False,市价假设，下一根开盘；无L2，非挂单成交验证,True,False
V61,前段,OP,11,45.45454545454545,0.8950578923447317,0.745881576953943,-32.208690131493654,-0.3220869013149108,0.8077504816762648,49.277683285622004,-0.1549988358369424,10356,10512,False,市价假设，下一根开盘；无L2，非挂单成交验证,True,False
V61,中段,OP,8,50.0,0.9967055857884607,0.9967055857884607,-0.2175765855048084,-0.0021757658550281,0.35733238395263395,31.967049672516488,-0.00042551852793745737,3643,3744,False,市价假设，下一根开盘；无L2，非挂单成交验证,True,False
V61,后段,OP,9,55.55555555555556,1.394570667458709,1.7432133343233862,61.28168794862651,0.6128168794862443,0.4215092153123985,38.98204493235151,0.3640373704394631,3591,3744,False,市价假设，下一根开盘；无L2，非挂单成交验证,True,False
V61,前段,RUNE,5,20.0,0.11782874849435382,0.029457187123588455,-89.02434130555955,-0.8902434130556136,0.9604030635254199,33.1222391030886,-0.9526603857565583,10416,10512,False,市价假设，下一根开盘；无L2，非挂单成交验证,True,False
V61,中段,RUNE,3,33.33333333333333,1.7144203885211358,0.8572101942605679,-4.262475192433882,-0.042624751924336124,0.33106280544147015,24.32373661845699,-0.07481063436604152,3692,3744,False,市价假设，下一根开盘；无L2，非挂单成交验证,True,False
V61,后段,RUNE,8,25.0,0.272677561404107,0.09089252046803566,-108.86103281951213,-1.0886103281951165,1.0886103281951183,37.02522927573186,-0.7288260541020721,3591,3744,False,市价假设，下一根开盘；无L2，非挂单成交验证,True,False
V61,前段,PEPE,18,38.88888888888889,1.14951300970172,0.7315082789010946,-58.698081719097644,-0.586980817190963,1.118989388718482,64.61636876264333,-0.17286331457589144,10232,10512,False,市价假设，下一根开盘；无L2，非挂单成交验证,True,False
V61,中段,PEPE,4,50.0,1.88346215817512,1.88346215817512,28.141798341446552,0.2814179834144781,0.5649916657391366,16.956345665096674,0.37704943401484253,3655,3744,False,市价假设，下一根开盘；无L2，非挂单成交验证,True,False
V61,后段,PEPE,10,50.0,1.386260679532705,1.386260679532705,24.65218678648671,0.246521867864824,0.6587898297213719,47.3368564027148,0.13256518151137958,3545,3744,False,市价假设，下一根开盘；无L2，非挂单成交验证,True,False
V61,前段,SAND,10,60.0,1.8402413021620536,2.76036195324308,70.63544846039719,0.7063544846039882,0.37099558988573,55.988588042125414,0.37626416606709406,10308,10512,False,市价假设，下一根开盘；无L2，非挂单成交验证,True,False
V61,中段,SAND,4,25.0,3.234291326018341,1.0780971086727804,3.1508886665025733,0.0315088866650326,0.5929119691939674,20.71720847228183,0.043774996669145375,3690,3744,False,市价假设，下一根开盘；无L2，非挂单成交验证,True,False
V61,后段,SAND,7,14.285714285714285,1.5528606173306192,0.25881010288843653,-93.71542208967983,-0.9371542208968076,0.9371542208968094,44.51264676431133,-0.7158855735715693,3670,3744,False,市价假设，下一根开盘；无L2，非挂单成交验证,True,False
V61,前段,PYTH,15,33.33333333333333,0.7223495624256129,0.36117478121280644,-90.6915848656675,-0.9069158486566975,1.06652879280442,77.23612493615727,-0.3232181742860479,10310,10512,False,市价假设，下一根开盘；无L2，非挂单成交验证,True,False
V61,中段,PYTH,8,25.0,0.05123541943255357,0.017078473144184522,-105.21769402578896,-1.0521769402578651,1.0999216032874757,28.741103729020335,-0.7044578813899991,3600,3744,False,市价假设，下一根开盘；无L2，非挂单成交验证,True,False
V61,后段,PYTH,9,44.44444444444444,0.7419335605479342,0.5935468484383474,-38.76955346880129,-0.387695534688004,0.8434587184898953,40.48428129285682,-0.22926797927387632,3573,3744,False,市价假设，下一根开盘；无L2，非挂单成交验证,True,False
V61,前段,SEI,13,46.15384615384615,0.3902609337692573,0.3345093718022205,-92.79869861205307,-0.9279869861205547,1.3256547938074963,73.48396957722464,-0.38169088932613143,10218,10512,False,市价假设，下一根开盘；无L2，非挂单成交验证,True,False
V61,中段,SEI,5,20.0,0.07646514540307854,0.019116286350769635,-90.02224843109425,-0.9002224843109197,0.9002224843109252,34.212297562011294,-0.9633791940424388,3706,3744,False,市价假设，下一根开盘；无L2，非挂单成交验证,True,False
V61,后段,SEI,10,30.0,0.7416357209864685,0.3178438804227722,-111.2044474495685,-1.1120444744957103,1.7179672849971055,60.51743355762859,-0.5949065155058192,3576,3744,False,市价假设，下一根开盘；无L2，非挂单成交验证,True,False
V61,前段,SUI,14,28.57142857142857,0.8615898222139798,0.3446359288855919,-107.46012956248232,-1.0746012956247775,1.1891419604003894,54.85778393790622,-0.41068953106231704,10344,10512,False,市价假设，下一根开盘；无L2，非挂单成交验证,True,False
V61,中段,SUI,5,40.0,0.26899713492755534,0.17933142328503687,-45.29709521527184,-0.4529709521526981,0.565104351357786,22.516575212963225,-0.4836097011477126,3671,3744,False,市价假设，下一根开盘；无L2，非挂单成交验证,True,False
V61,后段,SUI,9,44.44444444444444,1.4014122494836925,1.121129799586954,12.74151827386158,0.12741518273862162,0.827512293683387,44.715757066520084,0.07727130785845499,3545,3744,False,市价假设，下一根开盘；无L2，非挂单成交验证,True,False
V61,前段,SOL,7,71.42857142857143,1.198621874340191,2.996554685850478,48.68415533873418,0.4868415533873405,0.4823936304224369,28.309294044233088,0.37081022164015104,10396,10512,False,市价假设，下一根开盘；无L2，非挂单成交验证,True,False
V61,中段,SOL,2,50.0,10.32127489280643,10.32127489280643,35.04946552016494,0.3504946552016497,0.1933775822554344,4.621649347440468,0.9350400569429755,3672,3744,False,市价假设，下一根开盘；无L2，非挂单成交验证,True,False
V61,后段,SOL,10,30.0,1.2101889295186181,0.5186523983651221,-45.64307883725795,-0.456430788372586,0.8098826731904348,36.10145333572304,-0.24335067325491683,3504,3744,False,市价假设，下一根开盘；无L2，非挂单成交验证,True,False
V61,前段,UNI,18,38.88888888888889,2.0764635959300635,1.3213859246827677,48.54589947324253,0.48545899473242393,0.834949565011343,78.35758558897528,0.14480469507216676,10249,10512,False,市价假设，下一根开盘；无L2，非挂单成交验证,True,False
V61,中段,UNI,11,54.54545454545454,1.5699242177285393,1.883909061274247,66.25476301387525,0.6625476301387323,0.5110443756593159,43.09789617545576,0.32165698679853477,3613,3744,False,市价假设，下一根开盘；无L2，非挂单成交验证,True,False
V61,后段,UNI,8,75.0,2.601606623464963,7.804819870394889,150.8879028263018,1.5088790282630438,0.244224421125219,27.90188531426324,1.0003616204188126,3627,3744,False,市价假设，下一根开盘；无L2，非挂单成交验证,True,False
V61,前段,STX,15,60.0,1.6110420820990983,2.4165631231486473,110.82216322253998,1.1082216322253702,0.629413596280145,61.36305483037858,0.39305849881334304,10295,10512,False,市价假设，下一根开盘；无L2，非挂单成交验证,True,False
V61,中段,STX,0,0.0,,,0.0,0.0,0.0,0.0,0.0,3743,3744,False,市价假设，下一根开盘；无L2，非挂单成交验证,True,False
V61,后段,STX,10,90.0,1.0404249720710599,9.36382474863954,196.25646184632092,1.9625646184632028,0.3596061160544053,53.490927635079835,1.0385613041202364,3499,3744,False,市价假设，下一根开盘；无L2，非挂单成交验证,True,False
V61,前段,TIA,16,37.5,1.3308033506802066,0.7984820104081239,-34.448709796685264,-0.3444870979668502,1.0861460178953852,84.79009783329502,-0.11371420828813389,10296,10512,False,市价假设，下一根开盘；无L2，非挂单成交验证,True,False
V61,中段,TIA,8,37.5,1.5289677779853856,0.9173806667912313,-7.745474898290425,-0.07745474898293025,0.7931227617098605,37.651315007175214,-0.05010149286766827,3646,3744,False,市价假设，下一根开盘；无L2，非挂单成交验证,True,False
V61,后段,TIA,7,42.857142857142854,1.1782207576407042,0.8836655682305282,-6.33509073669536,-0.06335090736698801,0.48442860143699995,28.166306450071293,-0.04749302567117697,3610,3744,False,市价假设，下一根开盘；无L2，非挂单成交验证,True,False
V61,前段,WLD,10,80.0,1.750576406388322,7.002305625553288,189.09766184876355,1.8909766184876498,0.2737256243306425,39.04203811243472,1.00108096833805,10359,10512,False,市价假设，下一根开盘；无L2，非挂单成交验证,True,False
V61,中段,WLD,10,30.0,1.485666301232906,0.636714129099817,-47.590455044605406,-0.47590455044602686,0.8312046487921252,48.198923936787814,-0.2529753767399079,3587,3744,False,市价假设，下一根开盘；无L2，非挂单成交验证,True,False
V61,后段,WLD,6,33.33333333333333,1.669673015094018,0.834836507547009,-8.62116186402915,-0.08621161864028615,0.42434805045898005,23.019085318244137,-0.07569860545092888,3630,3744,False,市价假设，下一根开盘；无L2，非挂单成交验证,True,False
V61,前段,XRP,20,60.0,1.1916241588768741,1.787436238315311,103.41503761502463,1.0341503761502224,0.49826676351401944,65.67061699534877,0.27553320030891826,10163,10512,False,市价假设，下一根开盘；无L2，非挂单成交验证,True,False
V61,中段,XRP,7,42.857142857142854,1.3714024100483508,1.0285518075362632,2.0587675675697787,0.020587675675698414,0.5172515885692777,27.71653345385369,0.01718747718450937,3642,3744,False,市价假设，下一根开盘；无L2，非挂单成交验证,True,False
V61,后段,XRP,16,37.5,0.9187734211990786,0.5512640527194472,-87.40897375404757,-0.87408973754044,1.4500634311463299,61.35162181415278,-0.2913356480119251,3441,3744,False,市价假设，下一根开盘；无L2，非挂单成交验证,True,False
V61,前段,WIF,19,47.368421052631575,0.8197314962289931,0.7377583466060937,-49.76767986986586,-0.4976767986986652,0.9348148669443254,79.01575996303872,-0.13903999901916989,10206,10512,False,市价假设，下一根开盘；无L2，非挂单成交验证,True,False
V61,中段,WIF,4,25.0,0.07287969573433617,0.02429323191144539,-63.05209362574466,-0.6305209362574393,0.6544335029752006,19.093247083738135,-0.8423890068003328,3701,3744,False,市价假设，下一根开盘；无L2，非挂单成交验证,True,False
V61,后段,WIF,12,33.33333333333333,1.194761179561672,0.597380589780836,-60.798807116730345,-0.6079880711673091,0.7218926921229215,57.069610198375834,-0.26980147248736536,3535,3744,False,市价假设，下一根开盘；无L2，非挂单成交验证,True,False
V62趋势,前段,AAVE,15,40.0,2.0202035729432106,1.3468023819621404,70.11550057826058,0.7011550057826277,1.2660809065726943,92.34276526690017,0.25237282803435906,9442,10512,False,市价假设，下一根开盘；无L2，非挂单成交验证,True,False
V62趋势,中段,AAVE,9,22.22222222222222,1.7226984244519299,0.4921995498434086,-86.99309790430921,-0.8699309790430765,1.0871535551730631,61.94884314977825,-0.5146750862834204,3558,3744,False,市价假设，下一根开盘；无L2，非挂单成交验证,True,False
V62趋势,后段,AAVE,11,9.090909090909092,6.121981884646257,0.6121981884646256,-67.87610182744152,-0.6787610182743986,1.4679449389844454,55.73358215877485,-0.3265543154221478,2760,3744,False,市价假设，下一根开盘；无L2，非挂单成交验证,True,False
V62趋势,前段,APT,9,33.33333333333333,4.149412539575864,2.074706269787932,122.13247756218368,1.2213247756218237,0.8899277827179426,51.09571221205467,0.727609158675819,9676,10512,False,市价假设，下一根开盘；无L2，非挂单成交验证,True,False
V62趋势,中段,APT,9,22.22222222222222,1.7043245164697558,0.4869498618485017,-82.56825866720851,-0.8256825866720607,1.8410655741135036,53.301514465198636,-0.4892790167929337,3548,3744,False,市价假设，下一根开盘；无L2，非挂单成交验证,True,False
V62趋势,后段,APT,9,22.22222222222222,1.6641926207847246,0.4754836059384927,-83.31993867859228,-0.8331993867859322,1.4211640683679332,38.23479580083852,-0.4938089938590632,3174,3744,False,市价假设，下一根开盘；无L2，非挂单成交验证,True,False
V62趋势,前段,ADA,20,25.0,3.2538415897084825,1.0846138632361608,26.362592532489153,0.26362592532487295,1.7911046192911309,107.57268133122042,0.07786754736045486,9425,10512,False,市价假设，下一根开盘；无L2，非挂单成交验证,True,False
V62趋势,中段,ADA,4,25.0,0.3828747755526865,0.12762492518422883,-61.87128967341622,-0.6187128967341637,0.819818123774395,18.09759933630914,-0.8263255117876434,3158,3744,False,市价假设，下一根开盘；无L2，非挂单成交验证,True,False
V62趋势,后段,ADA,11,9.090909090909092,0.3088873142271883,0.030888731422718828,-209.24625153513216,-2.092462515351323,2.092462515351326,60.37227690829035,-1.0239985800365847,3315,3744,False,市价假设，下一根开盘；无L2，非挂单成交验证,True,False
V62趋势,前段,BOME,30,13.333333333333334,3.9500561562264624,0.6077009471117634,-227.84781380871593,-2.2784781380871255,4.712412714231424,122.60952500628663,-0.404388017568019,9544,10512,False,市价假设，下一根开盘；无L2，非挂单成交验证,True,False
V62趋势,中段,BOME,7,0.0,,0.0,-141.1888743152539,-1.411888743152545,1.41188874315254,29.92243436946893,-1.082199917523664,3657,3744,False,市价假设，下一根开盘；无L2，非挂单成交验证,True,False
V62趋势,后段,BOME,7,42.857142857142854,2.571983493530409,1.9289876201478067,81.29739123840287,0.8129739123840407,1.1536290622646643,36.68027541283808,0.6241208339989086,3129,3744,False,市价假设，下一根开盘；无L2，非挂单成交验证,True,False
V62趋势,前段,AVAX,9,22.22222222222222,3.763796133043958,1.0753703237268453,12.427573419484588,0.12427573419484528,1.1447791991856502,54.714048724981765,0.07981664186966829,9896,10512,False,市价假设，下一根开盘；无L2，非挂单成交验证,True,False
V62趋势,中段,AVAX,1,0.0,,0.0,-14.159072832632589,-0.14159072832632402,0.1771186456810475,3.5707874105215254,-0.7551505510737381,3585,3744,False,市价假设，下一根开盘；无L2，非挂单成交验证,True,False
V62趋势,后段,AVAX,12,25.0,2.307752009109825,0.7692506697032752,-35.828716873896795,-0.3582871687389355,1.3545286157305003,57.412733607560874,-0.15720411314549212,2879,3744,False,市价假设，下一根开盘；无L2，非挂单成交验证,True,False
V62趋势,前段,ARB,10,0.0,,0.0,-193.90397767123656,-1.939039776712359,2.162377668343575,55.0362911237144,-1.043172110206544,9982,10512,False,市价假设，下一根开盘；无L2，非挂单成交验证,True,False
V62趋势,中段,ARB,7,14.285714285714285,3.2055017637009877,0.5342502939501647,-52.21721484803204,-0.5221721484802933,1.0861353207745432,25.36555170547245,-0.3966482918960242,3307,3744,False,市价假设，下一根开盘；无L2，非挂单成交验证,True,False
V62趋势,后段,ARB,5,20.0,1.2018301204161748,0.3004575301040437,-61.95217697556526,-0.619521769755671,1.5795790381622112,17.781015218347523,-0.6614515310056628,3643,3744,False,市价假设，下一根开盘；无L2，非挂单成交验证,True,False
V62趋势,前段,BONK,11,36.36363636363637,2.1892604255855086,1.2510059574774335,44.8491618313479,0.4484916183134846,1.9000366968682645,54.943386408721636,0.22470997603886247,9782,10512,False,市价假设，下一根开盘；无L2，非挂单成交验证,True,False
V62趋势,中段,BONK,6,0.0,,0.0,-134.5144034797026,-1.3451440347970078,1.5387892602585236,24.738361074271253,-1.2024321100732964,3539,3744,False,市价假设，下一根开盘；无L2，非挂单成交验证,True,False
V62趋势,后段,BONK,9,22.22222222222222,1.7586669913893451,0.5024762832540987,-74.45300040057086,-0.7445300040057057,0.9358966160714796,41.26753061322255,-0.4409014681831761,3213,3744,False,市价假设，下一根开盘；无L2，非挂单成交验证,True,False
V62趋势,前段,BTC,11,9.090909090909092,1.5856433619594634,0.15856433619594634,-165.5119842411368,-1.6551198424113678,1.7317242335690697,55.02062539544602,-0.807952607021291,9517,10512,False,市价假设，下一根开盘；无L2，非挂单成交验证,True,False
V62趋势,中段,BTC,5,20.0,0.014205337357659404,0.003551334339414851,-63.963747289968325,-0.6396374728996901,0.8272939203528267,27.2480301953553,-0.6920886049261512,3198,3744,False,市价假设，下一根开盘；无L2，非挂单成交验证,True,False
V62趋势,后段,BTC,6,33.33333333333333,2.1435684088954106,1.0717842044477053,5.116205962021553,0.05116205962021336,0.8451806542238957,29.94465505978256,0.04743421428458294,3176,3744,False,市价假设，下一根开盘；无L2，非挂单成交验证,True,False
V62趋势,前段,DOGE,8,25.0,0.5708711600050344,0.19029038666834477,-99.79911619688903,-0.9979911619689141,1.4754763448427854,37.01382957955043,-0.6676475553934853,9922,10512,False,市价假设，下一根开盘；无L2，非挂单成交验证,True,False
V62趋势,中段,DOGE,2,0.0,,0.0,-29.35335713393235,-0.2935335713393217,0.47840880390287893,9.037234196252726,-0.7831464758917082,3374,3744,False,市价假设，下一根开盘；无L2，非挂单成交验证,True,False
V62趋势,后段,DOGE,4,75.0,1.7922697083231045,5.376809124969314,105.61737041735911,1.0561737041735908,0.8597833452494321,20.022440446184977,1.4071921842911257,3315,3744,False,市价假设，下一根开盘；无L2，非挂单成交验证,True,False
V62趋势,前段,ENA,19,31.57894736842105,3.11735711792944,1.4387802082751264,117.6453087386243,1.1764530873862311,1.8264765079031118,81.37115656239446,0.3336916897871701,9277,10512,False,市价假设，下一根开盘；无L2，非挂单成交验证,True,False
V62趋势,中段,ENA,8,25.0,3.194429217339068,1.0648097391130227,5.096520574828066,0.05096520574829899,0.7387993633296941,32.11520245910106,0.036527909225744254,3203,3744,False,市价假设，下一根开盘；无L2，非挂单成交验证,True,False
V62趋势,后段,ENA,10,20.0,2.068093091579348,0.517023272894837,-70.84329560219852,-0.7084329560219871,1.0637196640349351,31.936413023349843,-0.37688070415484315,3405,3744,False,市价假设，下一根开盘；无L2，非挂单成交验证,True,False
V62趋势,前段,DOT,9,22.22222222222222,4.608273826828692,1.3166496648081976,45.034569143409676,0.4503456914340953,1.1516735094525241,60.396576498458444,0.27386014541137227,10156,10512,False,市价假设，下一根开盘；无L2，非挂单成交验证,True,False
V62趋势,中段,DOT,7,14.285714285714285,0.8728911646960072,0.14548186078266787,-127.40835713293012,-1.2740835713292986,1.5633361436127189,44.88607728421684,-0.9753473405658134,3207,3744,False,市价假设，下一根开盘；无L2，非挂单成交验证,True,False
V62趋势,后段,DOT,8,37.5,2.7971848345903467,1.678310900754208,69.39445334040894,0.6939445334040784,0.9922955794063755,39.892861508635974,0.4654170732727967,3186,3744,False,市价假设，下一根开盘；无L2，非挂单成交验证,True,False
V62趋势,前段,INJ,14,42.857142857142854,1.4647294067648575,1.0985470550736431,15.872884128169934,0.15872884128169673,0.7447146245405144,48.443344742707595,0.06211298980975592,9134,10512,False,市价假设，下一根开盘；无L2，非挂单成交验证,True,False
V62趋势,中段,INJ,11,18.181818181818183,2.2044936771793915,0.4898874838176426,-98.59058603030485,-0.9859058603030268,1.4292336784048887,55.394118138347565,-0.47765517284942,2759,3744,False,市价假设，下一根开盘；无L2，非挂单成交验证,True,False
V62趋势,后段,INJ,13,7.6923076923076925,4.412716581226729,0.36772638176889405,-161.81321038805174,-1.6181321038804874,2.5568037611266208,61.99188922443628,-0.6661829915277212,3441,3744,False,市价假设，下一根开盘；无L2，非挂单成交验证,True,False
V62趋势,前段,FLOKI,11,27.27272727272727,1.0907894705106553,0.40904605144149575,-113.74488020182861,-1.1374488020182927,1.6646672943183658,55.534141868209595,-0.5528598614698378,9899,10512,False,市价假设，下一根开盘；无L2，非挂单成交验证,True,False
V62趋势,中段,FLOKI,4,50.0,0.43354519654188084,0.43354519654188084,-27.354284466525307,-0.27354284466526435,0.9119310605399161,22.462035324419055,-0.3642819814648712,3358,3744,False,市价假设，下一根开盘；无L2，非挂单成交验证,True,False
V62趋势,后段,FLOKI,10,10.0,3.533331674361529,0.3925924082623921,-129.4373128040031,-1.2943731280400605,2.1132995047511627,58.58414810800756,-0.691609718684734,3368,3744,False,市价假设，下一根开盘；无L2，非挂单成交验证,True,False
V62趋势,前段,ETH,14,7.142857142857142,0.9384820150518693,0.07219092423475917,-258.9066626663813,-2.589066626663805,2.5931917172032017,67.34233287893989,-1.00250435139623,9868,10512,False,市价假设，下一根开盘；无L2，非挂单成交验证,True,False
V62趋势,中段,ETH,4,25.0,5.8891290270183765,1.9630430090061255,27.142532735075374,0.2714253273507605,0.6323641314763984,22.89987397424716,0.3472813645847474,3240,3744,False,市价假设，下一根开盘；无L2，非挂单成交验证,True,False
V62趋势,后段,ETH,6,66.66666666666666,2.5337035844137836,5.067407168827567,189.55247158445343,1.8955247158445543,0.6198649057687718,28.90874621558614,1.6960623937112527,2921,3744,False,市价假设，下一根开盘；无L2，非挂单成交验证,True,False
V62趋势,前段,JUP,16,18.75,2.836358370230166,0.6545442392838844,-91.19575638355252,-0.9119575638355082,1.430306325696838,87.1821277172559,-0.30205913124634076,9821,10512,False,市价假设，下一根开盘；无L2，非挂单成交验证,True,False
V62趋势,中段,JUP,6,33.33333333333333,2.072369329249363,1.0361846646246815,3.567053433202666,0.03567053433202183,1.5240285820206936,33.03273313284641,0.03646576753191355,3300,3744,False,市价假设，下一根开盘；无L2，非挂单成交验证,True,False
V62趋势,后段,JUP,8,25.0,4.871075792003457,1.623691930667819,63.6934824910348,0.6369348249103401,1.3452216453856858,37.01630136698068,0.43203714938351095,2868,3744,False,市价假设，下一根开盘；无L2，非挂单成交验证,True,False
V62趋势,前段,ONDO,26,15.384615384615385,0.6339434622859623,0.11526244768835679,-381.75120934354374,-3.8175120934354156,3.8175120934354165,131.77976403628736,-0.7972975486756743,8805,10512,False,市价假设，下一根开盘；无L2，非挂单成交验证,True,False
V62趋势,中段,ONDO,11,27.27272727272727,1.461065436831699,0.5478995388118871,-86.39353923749877,-0.8639353923749926,1.0339566075403959,66.34151078622371,-0.4183354892835344,3073,3744,False,市价假设，下一根开盘；无L2，非挂单成交验证,True,False
V62趋势,后段,ONDO,8,25.0,3.246878278440035,1.0822927594800118,10.550123406508362,0.10550123406507517,0.7127534534807243,36.32654056813785,0.07607936271767796,3186,3744,False,市价假设，下一根开盘；无L2，非挂单成交验证,True,False
V62趋势,前段,LINK,11,0.0,,0.0,-224.69798023503787,-2.2469798023503795,2.246979802350379,60.27323809392854,-1.100662857947041,9614,10512,False,市价假设，下一根开盘；无L2，非挂单成交验证,True,False
V62趋势,中段,LINK,3,0.0,,0.0,-63.83270816844461,-0.6383270816844533,0.6383270816844561,16.338536543304453,-1.1371504494081326,3663,3744,False,市价假设，下一根开盘；无L2，非挂单成交验证,True,False
V62趋势,后段,LINK,5,60.0,3.37837690098812,5.06756535148218,173.93567160954248,1.7393567160954415,0.7821254659263934,33.21137420282753,1.8487945381115487,2983,3744,False,市价假设，下一根开盘；无L2，非挂单成交验证,True,False
V62趋势,前段,NEAR,21,28.57142857142857,1.6798959641525053,0.671958385661002,-90.01439047404875,-0.9001439047405024,1.2120248477181013,107.55448542020581,-0.2280165562705457,9354,10512,False,市价假设，下一根开盘；无L2，非挂单成交验证,True,False
V62趋势,中段,NEAR,6,50.0,1.9242770127123232,1.924277012712323,53.78365879546493,0.5378365879546543,0.3805389354822687,21.141178775503867,0.47959068830981383,3373,3744,False,市价假设，下一根开盘；无L2，非挂单成交验证,True,False
V62趋势,后段,NEAR,15,20.0,4.588370915532862,1.1470927288832156,38.64917403584508,0.38649174035845224,1.5357973048053746,61.87897838908283,0.14573719027399737,2889,3744,False,市价假设，下一根开盘；无L2，非挂单成交验证,True,False
V62趋势,前段,ORDI,17,23.52941176470588,1.810379879363984,0.5570399628812258,-124.757734690316,-1.2475773469031393,2.0332236500828755,81.41925358404202,-0.39172544522041636,9311,10512,False,市价假设，下一根开盘；无L2，非挂单成交验证,True,False
V62趋势,中段,ORDI,6,50.0,0.8834626703166444,0.8834626703166445,-8.464220018214982,-0.08464220018213897,1.908364205228309,32.12617261693728,-0.07363917713593514,3290,3744,False,市价假设，下一根开盘；无L2，非挂单成交验证,True,False
V62趋势,后段,ORDI,3,100.0,,,203.79323685559842,2.0379323685559836,0.5014615982619639,16.237100360475797,3.60205769226933,3373,3744,False,市价假设，下一根开盘；无L2，非挂单成交验证,True,False
V62趋势,前段,OP,9,44.44444444444444,2.5613572477900677,2.049085798232054,115.94780869684348,1.1594780869684351,0.9336506596500266,49.35004370878945,0.6879529046538239,9741,10512,False,市价假设，下一根开盘；无L2，非挂单成交验证,True,False
V62趋势,中段,OP,11,36.36363636363637,1.4528683266707465,0.8302104723832838,-24.324663510914007,-0.2432466351090956,1.2787676260962477,54.42334055538697,-0.11579648827829984,3227,3744,False,市价假设，下一根开盘；无L2，非挂单成交验证,True,False
V62趋势,后段,OP,5,40.0,1.830361475361905,1.2202409835746035,11.735731065272478,0.11735731065274368,0.44903413139130866,23.129766924999075,0.12739761116950574,3513,3744,False,市价假设，下一根开盘；无L2，非挂单成交验证,True,False
V62趋势,前段,PEPE,8,50.0,1.5650636891487928,1.5650636891487928,49.254796825575184,0.4925479682557299,0.8360690143896685,33.370131202346826,0.3299758150232464,9604,10512,False,市价假设，下一根开盘；无L2，非挂单成交验证,True,False
V62趋势,中段,PEPE,5,40.0,1.145883921804239,0.7639226145361593,-16.78154202733859,-0.16781542027338725,0.82650587646964,20.969413582556378,-0.17719707043266952,3177,3744,False,市价假设，下一根开盘；无L2，非挂单成交验证,True,False
V62趋势,后段,PEPE,11,18.181818181818183,1.9162355419526578,0.425830120433924,-115.3759394881609,-1.153759394881615,1.797284151545326,50.58436131834696,-0.5605977330002838,3150,3744,False,市价假设，下一根开盘；无L2，非挂单成交验证,True,False
V62趋势,前段,PYTH,17,17.647058823529413,2.364270031196156,0.5066292923991763,-138.52289609365778,-1.385228960936602,2.0463254430456073,83.10145807370196,-0.4349126925632246,9910,10512,False,市价假设，下一根开盘；无L2，非挂单成交验证,True,False
V62趋势,中段,PYTH,8,50.0,2.257623365037948,2.257623365037948,125.40979781371314,1.2540979781371142,0.7006123782935392,46.43334981712061,0.8399997615766155,3044,3744,False,市价假设，下一根开盘；无L2，非挂单成交验证,True,False
V62趋势,后段,PYTH,8,25.0,3.5894518335377987,1.1964839445125997,24.83524699118753,0.2483524699118611,1.2788928622608071,40.02181169714168,0.1723010287169469,3102,3744,False,市价假设，下一根开盘；无L2，非挂单成交验证,True,False
V62趋势,前段,RUNE,5,0.0,,0.0,-86.13262966787164,-0.8613262966787216,0.8870222538721714,19.00656594628867,-0.9219293246449176,10102,10512,False,市价假设，下一根开盘；无L2，非挂单成交验证,True,False
V62趋势,中段,RUNE,3,66.66666666666666,1.080392259010044,2.160784518020088,28.072640070276847,0.2807264007027799,0.3639271011471475,21.15262219393508,0.5013128399864697,3614,3744,False,市价假设，下一根开盘；无L2，非挂单成交验证,True,False
V62趋势,后段,RUNE,7,71.42857142857143,1.0927148266582245,2.7317870666455613,72.76304701716717,0.7276304701716363,0.7404142600909052,35.443411954009854,0.5544205045168554,2701,3744,False,市价假设，下一根开盘；无L2，非挂单成交验证,True,False
V62趋势,前段,SEI,12,25.0,4.133375499259565,1.377791833086522,77.63103208582142,0.7763103208582312,1.1571197411922138,67.64893660074863,0.35102745458979717,9549,10512,False,市价假设，下一根开盘；无L2，非挂单成交验证,True,False
V62趋势,中段,SEI,6,33.33333333333333,2.6948322470877484,1.3474161235438742,20.068983591415414,0.20068983591414735,0.8474332174302034,28.47061734344441,0.18040102176201492,3140,3744,False,市价假设，下一根开盘；无L2，非挂单成交验证,True,False
V62趋势,后段,SEI,8,37.5,1.6074023546753498,0.9644414128052098,-3.6303496988666026,-0.03630349698867663,1.1030863361547376,47.952348713520166,-0.022068946959451802,3311,3744,False,市价假设，下一根开盘；无L2，非挂单成交验证,True,False
V62趋势,前段,SAND,11,36.36363636363637,1.931980421171271,1.1039888120978691,16.466526010225756,0.16466526010223692,0.9856743409758499,51.135155597350305,0.08262000940728981,9749,10512,False,市价假设，下一根开盘；无L2，非挂单成交验证,True,False
V62趋势,中段,SAND,7,71.42857142857143,1.3411059186827223,3.3527647967068055,76.8552012257245,0.7685520122572509,0.8715626652494578,36.15097088343147,0.5846673375892705,3001,3744,False,市价假设，下一根开盘；无L2，非挂单成交验证,True,False
V62趋势,后段,SAND,7,42.857142857142854,3.076904067561574,2.3076780506711803,132.74648591713637,1.32746485917139,0.8665065934428409,43.433166015389524,1.0150362921803378,3330,3744,False,市价假设，下一根开盘；无L2，非挂单成交验证,True,False
V62趋势,前段,SOL,16,18.75,3.4548751298357523,0.7972788761159428,-42.81844283365278,-0.4281844283364977,1.8673260282766668,76.06734664439342,-0.140287054134266,9233,10512,False,市价假设，下一根开盘；无L2，非挂单成交验证,True,False
V62趋势,中段,SOL,5,20.0,0.8208523364249647,0.20521308410624117,-79.96141484836974,-0.799614148483685,1.1604311934571574,32.931261565943835,-0.8824820368060765,3546,3744,False,市价假设，下一根开盘；无L2，非挂单成交验证,True,False
V62趋势,后段,SOL,11,27.27272727272727,2.7449614529954323,1.029360544873287,5.278507036138048,0.05278507036137192,1.1727891758016813,57.12216210004254,0.029211669021035315,2927,3744,False,市价假设，下一根开盘；无L2，非挂单成交验证,True,False
V62趋势,前段,STX,17,41.17647058823529,3.108788914510252,2.1761522401571765,209.09821227120747,2.090982122712126,1.1460669838823279,82.47026506843721,0.6544423059148318,9238,10512,False,市价假设，下一根开盘；无L2，非挂单成交验证,True,False
V62趋势,中段,STX,7,14.285714285714285,4.862229715308369,0.8103716192180616,-24.750879451038134,-0.2475087945103982,0.8058733925951427,36.59786478302592,-0.18341572739345624,3594,3744,False,市价假设，下一根开盘；无L2，非挂单成交验证,True,False
V62趋势,后段,STX,9,33.33333333333333,5.005151409280971,2.5025757046404853,177.08920844603904,1.7708920844603737,0.8267185938456552,43.639655077008484,1.0510366840837304,2848,3744,False,市价假设，下一根开盘；无L2，非挂单成交验证,True,False
V62趋势,前段,TIA,16,25.0,2.5646874664930315,0.8548958221643439,-40.175235592235225,-0.4017523559223579,1.2207049279416575,94.56379286110877,-0.129515588910294,9267,10512,False,市价假设，下一根开盘；无L2，非挂单成交验证,True,False
V62趋势,中段,TIA,9,44.44444444444444,3.197859126596172,2.5582873012769376,130.0113295624506,1.3001132956244943,1.6288401878204537,47.66048584522122,0.769487212792709,3011,3744,False,市价假设，下一根开盘；无L2，非挂单成交验证,True,False
V62趋势,后段,TIA,14,21.428571428571427,1.9132530928693112,0.5217962980552666,-122.1279251062098,-1.2212792510620796,2.379946520627417,74.38153263291147,-0.4657797004709246,3037,3744,False,市价假设，下一根开盘；无L2，非挂单成交验证,True,False
V62趋势,前段,WIF,13,30.76923076923077,3.004961016140983,1.3355382293959923,61.13384427127326,0.6113384427127277,1.1357569701909072,63.530763638045485,0.25459660949778967,9395,10512,False,市价假设，下一根开盘；无L2，非挂单成交验证,True,False
V62趋势,中段,WIF,6,50.0,2.3248020195252908,2.3248020195252908,85.95080464294432,0.8595080464294469,0.7290985352987644,33.16914448215714,0.7660068128168929,3117,3744,False,市价假设，下一根开盘；无L2，非挂单成交验证,True,False
V62趋势,后段,WIF,9,11.11111111111111,5.379609283776537,0.6724511604720671,-54.20684878622462,-0.5420684878622684,1.6399634863634844,46.58233024766176,-0.3172820663851913,3403,3744,False,市价假设，下一根开盘；无L2，非挂单成交验证,True,False
V62趋势,前段,WLD,21,23.809523809523807,0.8802716606611931,0.27508489395662283,-259.5095177221434,-2.595095177221407,2.770663306860385,112.9412464036788,-0.6661315666380746,9187,10512,False,市价假设，下一根开盘；无L2，非挂单成交验证,True,False
V62趋势,中段,WLD,10,30.0,2.2018345646957704,0.9436433848696157,-8.340974411583197,-0.08340974411583657,1.185368036449477,42.89502304743902,-0.04028795556565155,3068,3744,False,市价假设，下一根开盘；无L2，非挂单成交验证,True,False
V62趋势,后段,WLD,9,33.33333333333333,2.6662653636010125,1.3331326818005063,44.98097440937025,0.4498097440936988,1.328507828341527,40.93554346596788,0.27109074691695667,3490,3744,False,市价假设，下一根开盘；无L2，非挂单成交验证,True,False
V62趋势,前段,SUI,11,18.181818181818183,2.398064723481139,0.5329032718846977,-85.84381589201787,-0.8584381589201939,1.532931225228587,49.861431372401185,-0.4151189124166281,10093,10512,False,市价假设，下一根开盘；无L2，非挂单成交验证,True,False
V62趋势,中段,SUI,9,33.33333333333333,1.13790897129947,0.5689544856497349,-63.82551747691248,-0.638255174769109,1.6097531152473799,55.365424126839066,-0.37694327177160175,3093,3744,False,市价假设，下一根开盘；无L2，非挂单成交验证,True,False
V62趋势,后段,SUI,10,50.0,5.125298752919674,5.125298752919673,388.62872001323575,3.8862872001323767,0.8628882020770872,63.820640307559074,2.0470412070852584,2751,3744,False,市价假设，下一根开盘；无L2，非挂单成交验证,True,False
V62趋势,前段,UNI,16,25.0,2.239470880812272,0.7464902936040906,-67.60546970062592,-0.6760546970062897,2.0348693472846597,79.16160657615738,-0.22292220022310974,9408,10512,False,市价假设，下一根开盘；无L2，非挂单成交验证,True,False
V62趋势,中段,UNI,9,22.22222222222222,2.8516814114029327,0.8147661175436951,-30.73255457594582,-0.3073255457594515,1.659286647105231,44.55122596164913,-0.1778314116911708,2973,3744,False,市价假设，下一根开盘；无L2，非挂单成交验证,True,False
V62趋势,后段,UNI,7,14.285714285714285,8.391011990369968,1.3985019983949947,49.39149964011801,0.4939149964011902,1.1897078374414571,30.654065733126235,0.3879466773778493,3459,3744,False,市价假设，下一根开盘；无L2，非挂单成交验证,True,False
V62趋势,前段,XRP,18,33.33333333333333,1.670494233694522,0.835247116847261,-34.80953281328912,-0.34809532813288024,1.307748907243614,71.74732470057859,-0.10168537981577724,8704,10512,False,市价假设，下一根开盘；无L2，非挂单成交验证,True,False
V62趋势,中段,XRP,8,25.0,3.5064180234662157,1.168806007822072,20.73878966842944,0.2073878966843079,1.0100346620965255,41.105777266613046,0.13836978881251533,3415,3744,False,市价假设，下一根开盘；无L2，非挂单成交验证,True,False
V62趋势,后段,XRP,10,20.0,2.486867290677781,0.6217168226694453,-66.12704321892491,-0.6612704321892315,0.8748901530795442,46.93667384482197,-0.35115651301923007,3099,3744,False,市价假设，下一根开盘；无L2，非挂单成交验证,True,False
V62背景,前段,ADA,24,25.0,3.0388406018446448,1.0129468672815483,4.872995099562445,0.048729950995607396,1.9460461599349992,133.11919678589803,0.01756411294077607,9331,10512,False,市价假设，下一根开盘；无L2，非挂单成交验证,True,False
V62背景,中段,ADA,8,37.5,1.7885442054775909,1.0731265232865546,6.182232526794252,0.06182232526792397,0.6651920939375002,47.62034868590165,0.04295374356913817,3012,3744,False,市价假设，下一根开盘；无L2，非挂单成交验证,True,False
V62背景,后段,ADA,12,16.666666666666664,0.36181568567190786,0.07236313713438158,-202.32336376468223,-2.0232336376468263,2.0232336376468267,70.08866884180594,-0.9072086735006093,3279,3744,False,市价假设，下一根开盘；无L2，非挂单成交验证,True,False
V62背景,前段,AAVE,19,52.63157894736842,1.7647886637855068,1.9608762930950077,192.61941349667626,1.9261941349667744,1.2119662233300028,115.9271768381191,0.5391870997970678,9285,10512,False,市价假设，下一根开盘；无L2，非挂单成交验证,True,False
V62背景,中段,AAVE,10,20.0,1.955622986723333,0.48890574668083325,-88.13708072453491,-0.8813708072453297,1.0985683154118124,69.3452000401721,-0.46936236173636514,3507,3744,False,市价假设，下一根开盘；无L2，非挂单成交验证,True,False
V62背景,后段,AAVE,13,7.6923076923076925,8.697242560621731,0.7247702133851444,-60.35554929184772,-0.6035554929184395,1.6421238336240576,71.38319546294984,-0.242170092565032,2777,3744,False,市价假设，下一根开盘；无L2，非挂单成交验证,True,False
V62背景,前段,ARB,13,15.384615384615385,1.269963047487007,0.23090237227036492,-168.1338624925275,-1.6813386249252438,1.9052634415853409,71.23061638142438,-0.6942798345380733,9864,10512,False,市价假设，下一根开盘；无L2，非挂单成交验证,True,False
V62背景,中段,ARB,15,13.333333333333334,1.9064899933501835,0.2933061528231051,-181.19562320975785,-1.8119562320975668,2.189849674564738,61.33682803991717,-0.648467751621167,3137,3744,False,市价假设，下一根开盘；无L2，非挂单成交验证,True,False
V62背景,后段,ARB,15,33.33333333333333,1.0185385730837586,0.5092692865418793,-112.97001202326106,-1.129700120232613,2.2749455101933007,68.12622767041472,-0.40244443632611243,3411,3744,False,市价假设，下一根开盘；无L2，非挂单成交验证,True,False
V62背景,前段,APT,10,30.0,4.636991294739847,1.9872819834599342,117.13312246564499,1.1713312246564467,0.8899277827179426,54.45430288973362,0.6285067310362421,9625,10512,False,市价假设，下一根开盘；无L2，非挂单成交验证,True,False
V62背景,中段,APT,14,28.57142857142857,1.4857838249951503,0.5943135299980601,-97.8169378422997,-0.9781693784230105,2.1309890163246274,87.57473412813442,-0.3722212381746829,3422,3744,False,市价假设，下一根开盘；无L2，非挂单成交验证,True,False
V62背景,后段,APT,15,20.0,1.704756713003128,0.426189178250782,-159.2867529365688,-1.5928675293656824,1.9146303693312692,69.07045375883531,-0.5688438378666042,3070,3744,False,市价假设，下一根开盘；无L2，非挂单成交验证,True,False
V62背景,前段,AVAX,10,20.0,3.696895584214611,0.9242238960536527,-14.49871681841065,-0.1449871681840853,1.410629248766072,62.7087641956794,-0.07159365659777568,9891,10512,False,市价假设，下一根开盘；无L2，非挂单成交验证,True,False
V62背景,中段,AVAX,2,50.0,3.277993785829123,3.277993785829123,32.25427992583899,0.32254279925838514,0.26914205760813303,11.324693102496184,0.8618690696312294,3560,3744,False,市价假设，下一根开盘；无L2，非挂单成交验证,True,False
V62背景,后段,AVAX,16,31.25,1.7781794855630897,0.8082634025286771,-38.930282070512064,-0.38930282070510636,1.6006517961556117,74.33694796641986,-0.12787344037856266,2759,3744,False,市价假设，下一根开盘；无L2，非挂单成交验证,True,False
V62背景,前段,BOME,56,33.92857142857143,1.8366347672255334,0.9431367723590576,-47.645653641318006,-0.4764565364131723,5.051249351217088,254.5471110622574,-0.04147466262275791,8605,10512,False,市价假设，下一根开盘；无L2，非挂单成交验证,True,False
V62背景,中段,BOME,12,16.666666666666664,1.3042873023394719,0.2608574604678944,-161.06740332432167,-1.610674033243209,2.2812572079485656,63.46329937056474,-0.7200145303180753,3594,3744,False,市价假设，下一根开盘；无L2，非挂单成交验证,True,False
V62背景,后段,BOME,12,33.33333333333333,2.205941496327064,1.102970748163532,19.218212911484507,0.19218212911482624,1.2398018613505495,66.1754564460907,0.09040830599309939,3045,3744,False,市价假设，下一根开盘；无L2，非挂单成交验证,True,False
V62背景,前段,DOGE,11,18.181818181818183,0.5342004323492108,0.1187112071887135,-173.82830638249155,-1.738283063824908,2.2121978301154637,55.43007461091554,-0.8490164389108027,9878,10512,False,市价假设，下一根开盘；无L2，非挂单成交验证,True,False
V62背景,中段,DOGE,3,33.33333333333333,1.3574302642092761,0.6787151321046381,-9.430789469060834,-0.09430789469061507,0.6013830039950077,17.107123683812965,-0.16687597501514576,3323,3744,False,市价假设，下一根开盘；无L2，非挂单成交验证,True,False
V62背景,后段,DOGE,6,66.66666666666666,1.443343868349883,2.886687736699766,92.13789945086265,0.9213789945086148,0.8597833452494442,33.207312437798606,0.819814108253663,3255,3744,False,市价假设，下一根开盘；无L2，非挂单成交验证,True,False
V62背景,前段,BTC,12,16.666666666666664,1.191450227856603,0.23829004557132058,-149.995138367696,-1.4999513836769784,1.5766766411704702,60.95774672960113,-0.6704988207679174,9466,10512,False,市价假设，下一根开盘；无L2，非挂单成交验证,True,False
V62背景,中段,BTC,6,16.666666666666664,0.012708889962892817,0.002541777992578563,-89.4597394632474,-0.8945973946324792,1.0817723133156054,34.40203385443545,-0.808620655924957,3187,3744,False,市价假设，下一根开盘；无L2，非挂单成交验证,True,False
V62背景,后段,BTC,6,33.33333333333333,2.1435684088954106,1.0717842044477053,5.116205962021553,0.05116205962021336,0.8451806542238957,29.94465505978256,0.04743421428458294,3176,3744,False,市价假设，下一根开盘；无L2，非挂单成交验证,True,False
V62背景,前段,ENA,26,34.61538461538461,2.7915101472823407,1.4778583132671215,172.3600845083686,1.723600845083717,1.340707438691146,112.95374968820734,0.3554391690683989,9032,10512,False,市价假设，下一根开盘；无L2，非挂单成交验证,True,False
V62背景,中段,ENA,18,55.55555555555556,1.6712058335549658,2.089007291943707,143.62177728114062,1.4362177728114212,0.8543304653164019,88.62084629854363,0.4248417833295668,2896,3744,False,市价假设，下一根开盘；无L2，非挂单成交验证,True,False
V62背景,后段,ENA,19,21.052631578947366,1.7242421533705379,0.4597979075654767,-167.10638568767897,-1.6710638568767866,1.681277368678653,77.87438194232531,-0.47095916314405406,3176,3744,False,市价假设，下一根开盘；无L2，非挂单成交验证,True,False
V62背景,前段,DOT,12,25.0,3.1532056809692612,1.0510685603230872,10.077878273068977,0.10077878273069274,1.6906890696300116,84.02360892782849,0.050878140828401454,10097,10512,False,市价假设，下一根开盘；无L2，非挂单成交验证,True,False
V62背景,中段,DOT,10,20.0,1.215192354726599,0.30379808868164976,-137.7079443636644,-1.377079443636653,1.6660302529982598,61.52522874339299,-0.7376864928324192,3171,3744,False,市价假设，下一根开盘；无L2，非挂单成交验证,True,False
V62背景,后段,DOT,13,38.46153846153847,2.0364000699863665,1.2727500437414792,49.64024518641111,0.4964024518641086,1.6702388326584747,75.41618982402095,0.2067825115803195,3126,3744,False,市价假设，下一根开盘；无L2，非挂单成交验证,True,False
V62背景,前段,BONK,15,46.666666666666664,1.7689218866189456,1.5478066507915773,100.841042560756,1.008410425607531,1.6822652990709488,74.04487818440707,0.3627266232329695,9594,10512,False,市价假设，下一根开盘；无L2，非挂单成交验证,True,False
V62背景,中段,BONK,7,0.0,,0.0,-157.28604327596008,-1.572860432759593,1.7660586838396233,29.01308239698577,-1.206519924135774,3493,3744,False,市价假设，下一根开盘；无L2，非挂单成交验证,True,False
V62背景,后段,BONK,10,30.0,1.1747909584292917,0.5034818393268393,-74.32568236862015,-0.7432568236862114,0.9358966160714821,44.76090406119073,-0.3961265666662993,3163,3744,False,市价假设，下一根开盘；无L2，非挂单成交验证,True,False
V62背景,前段,ETH,23,17.391304347826086,0.8880581184619305,0.1869596038867222,-342.38456478610505,-3.423845647861057,3.6234945843010955,115.67897878894227,-0.810718205901795,9658,10512,False,市价假设，下一根开盘；无L2，非挂单成交验证,True,False
V62背景,中段,ETH,4,25.0,5.8891290270183765,1.9630430090061255,27.142532735075374,0.2714253273507605,0.6323641314763984,22.89987397424716,0.3472813645847474,3240,3744,False,市价假设，下一根开盘；无L2，非挂单成交验证,True,False
V62背景,后段,ETH,11,45.45454545454545,1.8784234677111593,1.5653528897592992,82.39464626581758,0.8239464626581761,1.1159047578787928,59.90272816199922,0.39833171828401603,2760,3744,False,市价假设，下一根开盘；无L2，非挂单成交验证,True,False
V62背景,前段,INJ,20,40.0,1.3158430011159954,0.8772286674106636,-34.130522500586295,-0.34130522500587235,1.3942405936292162,91.55467736738208,-0.0892546477020652,9018,10512,False,市价假设，下一根开盘；无L2，非挂单成交验证,True,False
V62背景,中段,INJ,17,41.17647058823529,0.9248092613981019,0.6473664829786714,-77.61183353956217,-0.7761183353956369,1.5569773112246408,99.7939684480436,-0.24247624152272998,2608,3744,False,市价假设，下一根开盘；无L2，非挂单成交验证,True,False
V62背景,后段,INJ,25,16.0,2.3935346041078294,0.4559113531633961,-250.44445656509222,-2.504444565650843,3.1662158189639453,127.97668982132461,-0.5384016802487205,3147,3744,False,市价假设，下一根开盘；无L2，非挂单成交验证,True,False
V62背景,前段,JUP,26,34.61538461538461,2.497525015702608,1.322219125960204,114.34943211142507,1.143494321114269,1.6972476330211066,150.94210747931933,0.23724541487850315,9539,10512,False,市价假设，下一根开盘；无L2，非挂单成交验证,True,False
V62背景,中段,JUP,15,20.0,2.206212036059573,0.5515530090148932,-122.21233634519464,-1.2221233634519324,1.8579544769087624,87.06013549315118,-0.4340912835816739,3118,3744,False,市价假设，下一根开盘；无L2，非挂单成交验证,True,False
V62背景,后段,JUP,13,15.384615384615385,4.47129426712781,0.8129625940232383,-37.9662347623395,-0.37966234762339957,1.5931330788394875,65.84407174279521,-0.1501503040207856,2707,3744,False,市价假设，下一根开盘；无L2，非挂单成交验证,True,False
V62背景,前段,FLOKI,16,25.0,1.3168370117240538,0.4389456705746846,-164.99661983297327,-1.6499661983297442,2.17445151567442,89.53748938451753,-0.5524772853989045,9844,10512,False,市价假设，下一根开盘；无L2，非挂单成交验证,True,False
V62背景,中段,FLOKI,8,50.0,0.9690700151716884,0.9690700151716884,-3.1640947366600543,-0.031640947366573524,1.1326309933912988,52.42314421920456,-0.01909005315126841,3266,3744,False,市价假设，下一根开盘；无L2，非挂单成交验证,True,False
V62背景,后段,FLOKI,12,8.333333333333332,3.809608536609695,0.3463280487826995,-157.90408069164997,-1.5790408069165096,2.4183782503499947,73.05082171851915,-0.7045661224770114,3285,3744,False,市价假设，下一根开盘；无L2，非挂单成交验证,True,False
V62背景,前段,LINK,15,13.333333333333334,0.7240595950762766,0.11139378385788871,-246.62080267592825,-2.4662080267592645,2.5370551851211167,88.65481520538445,-0.8866302512126063,9474,10512,False,市价假设，下一根开盘；无L2，非挂单成交验证,True,False
V62背景,中段,LINK,6,0.0,,0.0,-117.9665592804396,-1.1796655928043909,1.304469125923293,36.72682862600824,-1.0535991040889827,3589,3744,False,市价假设，下一根开盘；无L2，非挂单成交验证,True,False
V62背景,后段,LINK,5,60.0,3.37837690098812,5.06756535148218,173.93567160954248,1.7393567160954415,0.7821254659263934,33.21137420282753,1.8487945381115487,2983,3744,False,市价假设，下一根开盘；无L2，非挂单成交验证,True,False
V62背景,前段,ONDO,36,22.22222222222222,1.1104502126272682,0.31727148932207666,-396.46606143802023,-3.9646606143802443,4.072497636249682,191.42896960613578,-0.5977446750525142,8618,10512,False,市价假设，下一根开盘；无L2，非挂单成交验证,True,False
V62背景,中段,ONDO,14,28.57142857142857,1.3634748273825523,0.5453899309530209,-99.66450743553906,-0.9966450743554178,1.166438688581817,84.53613852060202,-0.3795391296572145,2949,3744,False,市价假设，下一根开盘；无L2，非挂单成交验证,True,False
V62背景,后段,ONDO,12,16.666666666666664,3.0606324605559676,0.6121264921111935,-87.67992192999988,-0.8767992192999952,1.407025305856235,59.646460209299654,-0.3870097529542647,3109,3744,False,市价假设，下一根开盘；无L2，非挂单成交验证,True,False
V62背景,前段,NEAR,25,36.0,1.4105990414011438,0.7934619607881434,-61.797670072680106,-0.6179767007268078,1.5277245075886257,130.12427477784783,-0.13066351932221948,9244,10512,False,市价假设，下一根开盘；无L2，非挂单成交验证,True,False
V62背景,中段,NEAR,13,38.46153846153847,1.166602846238482,0.7291267788990513,-48.8954761561753,-0.488954761561744,1.5782081768630822,59.607718571122376,-0.19910971056336685,3249,3744,False,市价假设，下一根开盘；无L2，非挂单成交验证,True,False
V62背景,后段,NEAR,22,18.181818181818183,3.9069278944818455,0.8682061987737434,-53.06413993888361,-0.5306413993888093,2.352497291268824,96.146234186296,-0.12242129794164151,2781,3744,False,市价假设，下一根开盘；无L2，非挂单成交验证,True,False
V62背景,前段,OP,16,62.5,1.7248595192510865,2.874765865418478,255.19067448706795,2.551906744870669,1.008641322188819,93.03794702410853,0.8438461763595936,9479,10512,False,市价假设，下一根开盘；无L2，非挂单成交验证,True,False
V62背景,中段,OP,16,37.5,1.1905616668385688,0.7143370001031413,-61.39520867643893,-0.6139520867643466,1.6055600962668874,80.15224875081489,-0.20331552109658854,3139,3744,False,市价假设，下一根开盘；无L2，非挂单成交验证,True,False
V62背景,后段,OP,13,30.76923076923077,1.00493324371691,0.44663699720751565,-106.08175754094447,-1.0608175754094562,1.171694751704439,65.30038303013218,-0.4359344914720902,3256,3744,False,市价假设，下一根开盘；无L2，非挂单成交验证,True,False
V62背景,前段,ORDI,31,25.806451612903224,1.344244265264747,0.4675632227007816,-272.07667350777916,-2.7207667350778175,3.6108695858791675,168.30361843681118,-0.4725972680441712,9003,10512,False,市价假设，下一根开盘；无L2，非挂单成交验证,True,False
V62背景,中段,ORDI,7,57.14285714285714,0.8514201290263357,1.135226838701781,9.839649966069409,0.09839649966068009,1.9083642052283216,38.153567124496,0.07645690269957425,3239,3744,False,市价假设，下一根开盘；无L2，非挂单成交验证,True,False
V62背景,后段,ORDI,6,66.66666666666666,2.2839774207799746,4.567954841559949,187.9701599187716,1.8797015991877108,0.7876688807301838,37.74610654200417,1.6643225301769362,3318,3744,False,市价假设，下一根开盘；无L2，非挂单成交验证,True,False
V62背景,前段,PEPE,12,50.0,1.2549530413701173,1.2549530413701175,30.631806215432242,0.30631806215430935,0.7987350449682159,48.37335282963685,0.13770252994352938,9460,10512,False,市价假设，下一根开盘；无L2，非挂单成交验证,True,False
V62背景,中段,PEPE,5,40.0,1.145883921804239,0.7639226145361593,-16.78154202733859,-0.16781542027338725,0.82650587646964,20.969413582556378,-0.17719707043266952,3177,3744,False,市价假设，下一根开盘；无L2，非挂单成交验证,True,False
V62背景,后段,PEPE,11,18.181818181818183,1.9162355419526578,0.425830120433924,-115.3759394881609,-1.153759394881615,1.797284151545326,50.58436131834696,-0.5605977330002838,3150,3744,False,市价假设，下一根开盘；无L2，非挂单成交验证,True,False
V62背景,前段,PYTH,26,23.076923076923077,1.9181253565017717,0.5754376069505316,-180.2261337280443,-1.8022613372804308,2.5523599723166988,130.12869342030598,-0.370441295982434,9739,10512,False,市价假设，下一根开盘；无L2，非挂单成交验证,True,False
V62背景,中段,PYTH,17,41.17647058823529,1.8059199048482772,1.264143933393794,67.08106406457055,0.6708106406457137,1.745648167389751,101.77948670068109,0.215226594041481,2797,3744,False,市价假设，下一根开盘；无L2，非挂单成交验证,True,False
V62背景,后段,PYTH,19,21.052631578947366,2.3543375392698165,0.6278233438052844,-131.03173483609808,-1.3103173483609454,1.92060807602933,110.95667937229196,-0.3661313234614772,2914,3744,False,市价假设，下一根开盘；无L2，非挂单成交验证,True,False
V62背景,前段,SAND,14,42.857142857142854,1.7500572080804018,1.3125429060603013,57.80171429524535,0.578017142952425,1.1265150412300684,66.75859212783651,0.2223939321031827,9673,10512,False,市价假设，下一根开盘；无L2，非挂单成交验证,True,False
V62背景,中段,SAND,11,54.54545454545454,0.9229961802969452,1.1075954163563342,11.830825304767544,0.1183082530476609,1.5112230200918875,63.886713331259976,0.058707586014176,2915,3744,False,市价假设，下一根开盘；无L2，非挂单成交验证,True,False
V62背景,后段,SAND,9,44.44444444444444,2.4391494121947774,1.951319529755822,123.29373629113869,1.2329373629114126,1.138982216212126,61.34185524917331,0.7344936798490863,3287,3744,False,市价假设，下一根开盘；无L2，非挂单成交验证,True,False
V62背景,前段,RUNE,5,0.0,,0.0,-86.13262966787164,-0.8613262966787216,0.8870222538721714,19.00656594628867,-0.9219293246449176,10102,10512,False,市价假设，下一根开盘；无L2，非挂单成交验证,True,False
V62背景,中段,RUNE,4,75.0,0.9783206446404066,2.93496193392122,46.79549828361613,0.46795498283616066,0.37313500264226607,29.061248164600862,0.6249239012449126,3563,3744,False,市价假设，下一根开盘；无L2，非挂单成交验证,True,False
V62背景,后段,RUNE,8,62.5,1.0246653329354514,1.7077755548924192,47.44989190028107,0.47449891900281926,0.7404142600908903,41.73464099978709,0.31758261211093086,2691,3744,False,市价假设，下一根开盘；无L2，非挂单成交验证,True,False
V62背景,前段,SEI,14,35.714285714285715,2.9218248852996442,1.623236047388691,128.390266751312,1.283902667513126,1.1571197411922256,81.1577756714514,0.4925912899006262,9447,10512,False,市价假设，下一根开盘；无L2，非挂单成交验证,True,False
V62背景,中段,SEI,8,37.5,1.7993164241730626,1.0795898545038374,6.600171190844904,0.06600171190844772,0.9807124716165985,43.425877522277666,0.045887702873298075,3095,3744,False,市价假设，下一根开盘；无L2，非挂单成交验证,True,False
V62背景,后段,SEI,11,45.45454545454545,1.5950343411777137,1.3291952843147612,41.72974557356201,0.4172974557356435,1.1561311705555262,68.18456023760766,0.20449907666835188,3241,3744,False,市价假设，下一根开盘；无L2，非挂单成交验证,True,False
V62背景,前段,SOL,25,32.0,2.3810648369790073,1.120501099754827,37.21812293857076,0.3721812293857374,1.8715035092399432,125.58557759582632,0.08206532824132479,9005,10512,False,市价假设，下一根开盘；无L2，非挂单成交验证,True,False
V62背景,中段,SOL,14,35.714285714285715,1.0953878375893917,0.6085487986607732,-78.52979177824935,-0.7852979177824793,1.3269891277570447,84.76514062850104,-0.30860542277198794,3239,3744,False,市价假设，下一根开盘；无L2，非挂单成交验证,True,False
V62背景,后段,SOL,14,21.428571428571427,2.6621042073729826,0.7260284201926317,-69.56612235893289,-0.6956612235893278,1.4251072196017778,76.59819845377837,-0.26814232900079193,2855,3744,False,市价假设，下一根开盘；无L2，非挂单成交验证,True,False
V62背景,前段,SUI,13,15.384615384615385,2.30449579961104,0.4189992362929163,-135.45901932335698,-1.3545901932335402,1.7758553721789698,62.2899377999499,-0.5568239480980937,10080,10512,False,市价假设，下一根开盘；无L2，非挂单成交验证,True,False
V62背景,中段,SUI,14,21.428571428571427,1.305893123247266,0.3561526699765271,-176.638049451295,-1.7663804945129757,2.9873221282791107,90.4281840770904,-0.6766246491763656,2988,3744,False,市价假设，下一根开盘；无L2，非挂单成交验证,True,False
V62背景,后段,SUI,13,38.46153846153847,4.332767732124894,2.707979832578059,302.75017678498915,3.0275017678498717,1.248262127876522,80.25564729437085,1.2345065906524997,2657,3744,False,市价假设，下一根开盘；无L2，非挂单成交验证,True,False
V62背景,前段,STX,26,34.61538461538461,2.535997111262636,1.342586705962572,116.72439785963786,1.167243978596355,1.792484004291547,118.62891708090459,0.24211502924497055,9020,10512,False,市价假设，下一根开盘；无L2，非挂单成交验证,True,False
V62背景,中段,STX,15,20.0,2.192922548983976,0.548230637245994,-126.63305599075022,-1.2663305599075136,1.4415234948285016,87.52662426390597,-0.44960180588037346,3391,3744,False,市价假设，下一根开盘；无L2，非挂单成交验证,True,False
V62背景,后段,STX,17,23.52941176470588,3.5526726294039683,1.0931300398166057,26.03197036338048,0.2603197036338045,1.9603133566056485,92.99719074556081,0.08795461479318548,2671,3744,False,市价假设，下一根开盘；无L2，非挂单成交验证,True,False
V62背景,前段,TIA,19,26.31578947368421,2.1465291544552856,0.7666175551626021,-76.22624280471189,-0.7622624280471224,1.5782506843501378,113.03901455764498,-0.21065304300122092,9213,10512,False,市价假设，下一根开盘；无L2，非挂单成交验证,True,False
V62背景,中段,TIA,11,45.45454545454545,2.818609055181958,2.3488408793182987,145.22462253977707,1.4522462253977686,1.864068837488923,58.77216867388207,0.7028476290539122,2945,3744,False,市价假设，下一根开盘；无L2，非挂单成交验证,True,False
V62背景,后段,TIA,19,26.31578947368421,1.6667579717567946,0.5952707041988552,-124.56249321467513,-1.2456249321467605,1.8902532411478359,105.59350188560137,-0.34974239172964483,2959,3744,False,市价假设，下一根开盘；无L2，非挂单成交验证,True,False
V62背景,前段,UNI,23,26.08695652173913,2.275375364683136,0.8030736581234598,-69.34088424559003,-0.6934088424559226,2.014426396940198,121.43209068330368,-0.1582297756073653,9207,10512,False,市价假设，下一根开盘；无L2，非挂单成交验证,True,False
V62背景,中段,UNI,16,31.25,1.6692693702893189,0.7587588046769631,-61.00014735410076,-0.6100014735409998,2.213859819256481,84.24715165075108,-0.20081612502289556,2775,3744,False,市价假设，下一根开盘；无L2，非挂单成交验证,True,False
V62背景,后段,UNI,24,37.5,2.190058233875854,1.3140349403255125,100.67729963373294,1.0067729963373573,1.3681250949966015,116.48628230064408,0.22794038856209523,3025,3744,False,市价假设，下一根开盘；无L2，非挂单成交验证,True,False
V62背景,前段,WIF,14,28.57142857142857,2.9566420791560137,1.1826568316624055,37.58142099862065,0.37581420998624715,1.1357569701909072,68.21903828543932,0.1472328016108462,9387,10512,False,市价假设，下一根开盘；无L2，非挂单成交验证,True,False
V62背景,中段,WIF,10,50.0,1.4782304197515759,1.4782304197515759,55.59140749763412,0.5559140749763269,1.1263744578002233,57.19027313598683,0.2992334443788748,3022,3744,False,市价假设，下一根开盘；无L2，非挂单成交验证,True,False
V62背景,后段,WIF,10,20.0,2.9662455550216666,0.7415613887554167,-42.781960780352236,-0.427819607803559,1.6795359508890728,52.02206393079241,-0.2242890263594191,3352,3744,False,市价假设，下一根开盘；无L2，非挂单成交验证,True,False
V62背景,前段,WLD,35,34.285714285714285,1.0000841594479282,0.5217830397119625,-257.687935252993,-2.576879352529926,3.2889699765098173,202.61579574706752,-0.3960393894855467,8833,10512,False,市价假设，下一根开盘；无L2，非挂单成交验证,True,False
V62背景,中段,WLD,14,42.857142857142854,2.282362182319684,1.7117716367397628,107.32292671065687,1.0732292671065569,0.9996707695485302,69.46134758062911,0.41066757825047545,2955,3744,False,市价假设，下一根开盘；无L2，非挂单成交验证,True,False
V62背景,后段,WLD,20,20.0,2.2978402129971403,0.5744600532492851,-152.0543142004247,-1.5205431420042603,3.0405662663537827,101.90582667077811,-0.4054408826896941,3204,3744,False,市价假设，下一根开盘；无L2，非挂单成交验证,True,False
V62背景,前段,XRP,22,31.818181818181817,1.4534361836311462,0.6782702190278683,-89.74275481624522,-0.897427548162455,1.2630803530592882,88.5635025153969,-0.21699707324046844,8607,10512,False,市价假设，下一根开盘；无L2，非挂单成交验证,True,False
V62背景,中段,XRP,18,33.33333333333333,2.1396780563870186,1.0698390281935093,16.98078537667773,0.169807853766768,1.267759788425956,103.54972820768813,0.057656016395053196,3133,3744,False,市价假设，下一根开盘；无L2，非挂单成交验证,True,False
V62背景,后段,XRP,19,21.052631578947366,2.067216619273163,0.5512577651395101,-142.4743088381929,-1.4247430883819523,1.5415120460183829,90.88636663653419,-0.40051101151792434,2917,3744,False,市价假设，下一根开盘；无L2，非挂单成交验证,True,False
V62突破,前段,AAVE,4,50.0,2.6729810886501753,2.6729810886501753,52.064552778398635,0.5206455277839916,0.37037263818161414,14.49956313986099,0.6951529843227765,10105,10512,False,市价假设，下一根开盘；无L2，非挂单成交验证,True,False
V62突破,中段,AAVE,2,50.0,0.4916763078475456,0.4916763078475456,-7.419171873855804,-0.07419171873854769,0.221781067897687,9.076660898262954,-0.19756487039622012,3696,3744,False,市价假设，下一根开盘；无L2，非挂单成交验证,True,False
V62突破,后段,AAVE,6,33.33333333333333,2.987355318679207,1.4936776593396035,31.05737065908449,0.31057370659086647,0.6131508274553592,19.968314655034384,0.2791252539285562,3075,3744,False,市价假设，下一根开盘；无L2，非挂单成交验证,True,False
V62突破,前段,ADA,12,25.0,2.9321637996653007,0.9773879332217669,-2.74200423621709,-0.02742004236216955,0.624424033798455,41.457951279559694,-0.010718097511485178,9592,10512,False,市价假设，下一根开盘；无L2，非挂单成交验证,True,False
V62突破,中段,ADA,2,50.0,0.5299592587481016,0.5299592587481016,-9.659624666848291,-0.09659624666848998,0.33730460469511475,6.431967224413995,-0.25699379659184957,3259,3744,False,市价假设，下一根开盘；无L2，非挂单成交验证,True,False
V62突破,后段,ADA,4,25.0,0.6886271864796604,0.2295423954932201,-33.64080857205959,-0.33640808572059644,0.7382511360100844,14.933235642626366,-0.448609582086011,3313,3744,False,市价假设，下一根开盘；无L2，非挂单成交验证,True,False
V62突破,前段,APT,8,25.0,1.879271590222939,0.6264238634076463,-33.63230364536908,-0.33632303645368955,0.7517831312993403,26.756608043135266,-0.22345402234339082,9958,10512,False,市价假设，下一根开盘；无L2，非挂单成交验证,True,False
V62突破,中段,APT,2,50.0,0.5193060508221421,0.5193060508221421,-6.990052436980883,-0.06990052436980365,0.28143724801781766,6.591536383077278,-0.18610814180770974,3651,3744,False,市价假设，下一根开盘；无L2，非挂单成交验证,True,False
V62突破,后段,APT,5,40.0,2.607860799528068,1.7385738663520451,32.338362649958455,0.32338362649957375,0.324225372326592,12.147714121426992,0.3463519235136761,3360,3744,False,市价假设，下一根开盘；无L2，非挂单成交验证,True,False
V62突破,前段,ARB,5,0.0,,0.0,-81.37319357865331,-0.8137319357865325,0.8656110466402643,20.842114825185043,-0.8707913928908058,10107,10512,False,市价假设，下一根开盘；无L2，非挂单成交验证,True,False
V62突破,中段,ARB,4,0.0,,0.0,-72.69461733104163,-0.7269461733104055,0.7269461733104072,11.56882368811929,-0.9718399920223226,3504,3744,False,市价假设，下一根开盘；无L2，非挂单成交验证,True,False
V62突破,后段,ARB,1,0.0,,0.0,-19.967396963123644,-0.19967396963124218,0.36896784072989247,1.2173969631236465,-1.064927838033261,3693,3744,False,市价假设，下一根开盘；无L2，非挂单成交验证,True,False
V62突破,前段,AVAX,5,20.0,2.2940219383089593,0.5735054845772398,-27.833139436227498,-0.2783313943622634,0.45058456459910123,17.87124912063995,-0.2959452558945842,10255,10512,False,市价假设，下一根开盘；无L2，非挂单成交验证,True,False
V62突破,中段,AVAX,1,0.0,,0.0,-14.159072832632589,-0.14159072832632402,0.1771186456810475,3.5707874105215254,-0.7551505510737381,3585,3744,False,市价假设，下一根开盘；无L2，非挂单成交验证,True,False
V62突破,后段,AVAX,7,28.57142857142857,1.8865908985777458,0.7546363594310983,-19.546957513787554,-0.19546957513786323,0.5087040564262585,23.55283410277206,-0.14779018952198503,3257,3744,False,市价假设，下一根开盘；无L2，非挂单成交验证,True,False
V62突破,前段,BOME,11,18.181818181818183,5.754470422195417,1.2787712049323148,25.045413555380172,0.25045413555380147,0.6870853129674678,25.762090204109157,0.12314626135814993,10107,10512,False,市价假设，下一根开盘；无L2，非挂单成交验证,True,False
V62突破,中段,BOME,2,0.0,,0.0,-24.82515748197877,-0.2482515748197911,0.24904297487593793,6.73841929783961,-0.6623462978155796,3708,3744,False,市价假设，下一根开盘；无L2，非挂单成交验证,True,False
V62突破,后段,BOME,5,40.0,1.9717709088988151,1.3145139392658767,15.44063230934723,0.15440632309347002,0.4722608507629386,19.531960257142487,0.1662198967031118,3454,3744,False,市价假设，下一根开盘；无L2，非挂单成交验证,True,False
V62突破,前段,BONK,3,33.33333333333333,0.31286762339061336,0.15643381169530668,-27.685128419940895,-0.27685128419941973,0.5388113566797226,10.717706152319835,-0.4922713140201503,10332,10512,False,市价假设，下一根开盘；无L2，非挂单成交验证,True,False
V62突破,中段,BONK,0,0.0,,,0.0,0.0,0.0,0.0,0.0,3743,3744,False,市价假设，下一根开盘；无L2，非挂单成交验证,True,False
V62突破,后段,BONK,3,66.66666666666666,1.759845879197358,3.519691758394716,54.211475461345046,0.5421147546134764,0.3111803865826732,8.746555302521104,0.9642697732434021,3387,3744,False,市价假设，下一根开盘；无L2，非挂单成交验证,True,False
V62突破,前段,BTC,7,14.285714285714285,1.9005015957958435,0.31675026596597394,-67.62658398195535,-0.6762658398195676,1.1904389929428447,31.4144020720336,-0.5159794121093445,9764,10512,False,市价假设，下一根开盘；无L2，非挂单成交验证,True,False
V62突破,中段,BTC,2,0.0,,0.0,-20.23612295494465,-0.20236122954944147,0.2189835022185161,8.155434983294967,-0.5399028605931784,3711,3744,False,市价假设，下一根开盘；无L2，非挂单成交验证,True,False
V62突破,后段,BTC,5,0.0,,0.0,-69.35507456479165,-0.6935507456479195,0.7185087643402885,17.531081965577705,-0.7417890303700923,3593,3744,False,市价假设，下一根开盘；无L2，非挂单成交验证,True,False
V62突破,前段,DOGE,4,25.0,1.032900083946092,0.3443000279820307,-34.76785783161137,-0.34767857831611293,0.6099072110784227,16.219752056528726,-0.4634674030776541,10020,10512,False,市价假设，下一根开盘；无L2，非挂单成交验证,True,False
V62突破,中段,DOGE,2,0.0,,0.0,-17.777235423400445,-0.17777235423400706,0.31564359494231026,6.002713131948918,-0.47423530900920213,3385,3744,False,市价假设，下一根开盘；无L2，非挂单成交验证,True,False
V62突破,后段,DOGE,1,100.0,,,17.98227597955706,0.17982275979557816,0.20073942630485625,3.101092844974435,0.9590547189097098,3577,3744,False,市价假设，下一根开盘；无L2，非挂单成交验证,True,False
V62突破,前段,DOT,4,25.0,0.7579044355130081,0.2526348118376694,-46.18351234106119,-0.4618351234106033,0.4678676205066586,18.342171993313094,-0.6161764717335241,10385,10512,False,市价假设，下一根开盘；无L2，非挂单成交验证,True,False
V62突破,中段,DOT,2,50.0,0.9405292428980756,0.9405292428980756,-0.951139910143759,-0.009511399101447271,0.30810145441389086,6.752458223735211,-0.024723155731613267,3400,3744,False,市价假设，下一根开盘；无L2，非挂单成交验证,True,False
V62突破,后段,DOT,5,40.0,1.7724191913198428,1.1816127942132284,7.761913416569502,0.07761913416570732,0.4491395970067128,17.097710977097115,0.0838724674692444,3477,3744,False,市价假设，下一根开盘；无L2，非挂单成交验证,True,False
V62突破,前段,ENA,8,25.0,4.003812224934778,1.3346040749782595,24.981361073950396,0.24981361073952435,0.746827220201103,20.609611223155156,0.16837818918503916,10008,10512,False,市价假设，下一根开盘；无L2，非挂单成交验证,True,False
V62突破,中段,ENA,4,0.0,,0.0,-41.32103424433408,-0.41321034244334864,0.5995304761038108,9.455019925229044,-0.5517671986862076,3418,3744,False,市价假设，下一根开盘；无L2，非挂单成交验证,True,False
V62突破,后段,ENA,5,20.0,0.13907756645467906,0.034769391613669764,-45.37746997892333,-0.45377469978923335,0.6125044426832866,8.575310561671175,-0.4848272816823697,3491,3744,False,市价假设，下一根开盘；无L2，非挂单成交验证,True,False
V62突破,前段,ETH,3,0.0,,0.0,-32.88724560829131,-0.32887245608291815,0.32887245608291776,12.697395778705172,-0.6062773058906067,10442,10512,False,市价假设，下一根开盘；无L2，非挂单成交验证,True,False
V62突破,中段,ETH,2,0.0,,0.0,-18.898884671922215,-0.188988846719218,0.18898884671922134,5.248277214056908,-0.5042014546728003,3704,3744,False,市价假设，下一根开盘；无L2，非挂单成交验证,True,False
V62突破,后段,ETH,4,50.0,6.153299597298109,6.153299597298109,98.38330049652652,0.9838330049652733,0.2841195680190994,14.655586646628892,1.3112316106372368,3386,3744,False,市价假设，下一根开盘；无L2，非挂单成交验证,True,False
V62突破,前段,INJ,11,54.54545454545454,1.631434210421159,1.957721052505391,86.60643082341042,0.8660643082340824,0.5911932030203216,34.33619166875621,0.41985498456576775,9161,10512,False,市价假设，下一根开盘；无L2，非挂单成交验证,True,False
V62突破,中段,INJ,3,33.33333333333333,0.7733480826967057,0.38667404134835287,-24.162813913474867,-0.2416281391347419,0.5290213201601471,8.63098201530019,-0.429175458846478,3294,3744,False,市价假设，下一根开盘；无L2，非挂单成交验证,True,False
V62突破,后段,INJ,5,20.0,2.5806758876597162,0.6451689719149291,-17.454785899178095,-0.17454785899176928,0.6547213991237861,13.049101837394225,-0.185455162344809,3558,3744,False,市价假设，下一根开盘；无L2，非挂单成交验证,True,False
V62突破,前段,FLOKI,6,50.0,3.2455515500394965,3.2455515500394965,90.94072113043444,0.9094072113043472,0.3128248784365234,17.03787264767459,0.8077561053244384,10053,10512,False,市价假设，下一根开盘；无L2，非挂单成交验证,True,False
V62突破,中段,FLOKI,1,0.0,,0.0,-17.157983193277463,-0.1715798319327777,0.17157983193277687,6.1285714285714255,-0.915092436974798,3736,3744,False,市价假设，下一根开盘；无L2，非挂单成交验证,True,False
V62突破,后段,FLOKI,4,0.0,,0.0,-78.58161624076544,-0.7858161624076487,0.8052664386899959,17.391397222768706,-1.0508124113908888,3575,3744,False,市价假设，下一根开盘；无L2，非挂单成交验证,True,False
V62突破,前段,JUP,9,11.11111111111111,3.29862795403516,0.412328494254395,-65.10021814955343,-0.6510021814955302,0.9715019573053723,41.811980441623064,-0.3859205283177276,10054,10512,False,市价假设，下一根开盘；无L2，非挂单成交验证,True,False
V62突破,中段,JUP,1,0.0,,0.0,-16.97291356184799,-0.16972913561846825,0.23176349361340687,1.813636363636361,-0.9052220566318927,3661,3744,False,市价假设，下一根开盘；无L2，非挂单成交验证,True,False
V62突破,后段,JUP,6,16.666666666666664,2.723633765753571,0.5447267531507143,-33.90693807529725,-0.33906938075297655,0.8028492629346425,15.90017505499737,-0.3006406075242379,3212,3744,False,市价假设，下一根开盘；无L2，非挂单成交验证,True,False
V62突破,前段,LINK,5,0.0,,0.0,-92.85078967048659,-0.9285078967048555,1.1258946351374746,22.15811763000715,-0.994087285821822,9815,10512,False,市价假设，下一根开盘；无L2，非挂单成交验证,True,False
V62突破,中段,LINK,2,0.0,,0.0,-37.26398702831057,-0.37263987028308687,0.37263987028309203,8.449320739399003,-0.9945764180432899,3672,3744,False,市价假设，下一根开盘；无L2，非挂单成交验证,True,False
V62突破,后段,LINK,4,25.0,4.094682180991973,1.3648940603306579,16.336657573841983,0.16336657573841062,0.4474661921612194,16.482266826863665,0.22058040573191,3376,3744,False,市价假设，下一根开盘；无L2，非挂单成交验证,True,False
V62突破,前段,NEAR,17,23.52941176470588,1.6307132804472624,0.5017579324453115,-95.84797946973808,-0.9584797946973755,1.2428227687962499,72.70497638620395,-0.3012406481128796,9607,10512,False,市价假设，下一根开盘；无L2，非挂单成交验证,True,False
V62突破,中段,NEAR,3,0.0,,0.0,-43.61263568166879,-0.43612635681669065,0.6356119269993747,7.1507421192327865,-0.7763666679059621,3452,3744,False,市价假设，下一根开盘；无L2，非挂单成交验证,True,False
V62突破,后段,NEAR,7,28.57142857142857,5.845551689161353,2.3382206756645414,66.57178054109053,0.6657178054109147,0.391848186517891,11.258222415259242,0.5083804811630559,3481,3744,False,市价假设，下一根开盘；无L2，非挂单成交验证,True,False
V62突破,前段,ONDO,15,6.666666666666667,0.8806864810104938,0.06290617721503527,-197.09249075221211,-1.9709249075221091,1.9883621939911735,53.098349875359276,-0.7071076868310127,9481,10512,False,市价假设，下一根开盘；无L2，非挂单成交验证,True,False
V62突破,中段,ONDO,3,33.33333333333333,0.6315717685341642,0.3157858842670821,-16.31205614585702,-0.1631205614585851,0.334343694307831,11.869993697514714,-0.28992445732113586,3421,3744,False,市价假设，下一根开盘；无L2，非挂单成交验证,True,False
V62突破,后段,ONDO,3,33.33333333333333,1.836768843140115,0.9183844215700575,-1.832311776380105,-0.01832311776379658,0.23028163560124085,5.9368995650789245,-0.03194787967351261,3397,3744,False,市价假设，下一根开盘；无L2，非挂单成交验证,True,False
V62突破,前段,OP,7,42.857142857142854,2.3006952527564906,1.7255214395673677,45.91553668397384,0.45915536683975855,0.434849190264916,22.449599910684647,0.3509745206576606,10027,10512,False,市价假设，下一根开盘；无L2，非挂单成交验证,True,False
V62突破,中段,OP,3,33.33333333333333,0.5145450966137272,0.2572725483068636,-20.969831078775627,-0.2096983107877537,0.3483287773028724,7.448932835524083,-0.37277350128294934,3415,3744,False,市价假设，下一根开盘；无L2，非挂单成交验证,True,False
V62突破,后段,OP,3,33.33333333333333,0.6869187555893941,0.34345937779469704,-17.312911087080586,-0.17312911087079552,0.445189445970675,5.735593463370867,-0.3076628082827572,3549,3744,False,市价假设，下一根开盘；无L2，非挂单成交验证,True,False
V62突破,前段,ORDI,9,33.33333333333333,2.400458326950348,1.200229163475174,17.89422284812364,0.1789422284812492,0.9223204131443272,32.22061411708076,0.10757360687669301,9623,10512,False,市价假设，下一根开盘；无L2，非挂单成交验证,True,False
V62突破,中段,ORDI,1,0.0,,0.0,-14.38726463539875,-0.143872646353993,0.24871906290075832,3.153954125299545,-0.7673207805546001,3729,3744,False,市价假设，下一根开盘；无L2，非挂单成交验证,True,False
V62突破,后段,ORDI,0,0.0,,,0.0,0.0,0.0,0.0,0.0,3743,3744,False,市价假设，下一根开盘；无L2，非挂单成交验证,True,False
V62突破,前段,PEPE,3,33.33333333333333,2.0895493723317005,1.0447746861658502,1.3849028114140935,0.013849028114121253,0.3431650230662126,7.587959489253183,0.02597854576984715,10376,10512,False,市价假设，下一根开盘；无L2，非挂单成交验证,True,False
V62突破,中段,PEPE,2,100.0,,,63.89246232430995,0.6389246232430867,0.2516783479494305,6.710556697622272,1.7014047270920631,3260,3744,False,市价假设，下一根开盘；无L2，非挂单成交验证,True,False
V62突破,后段,PEPE,3,66.66666666666666,2.6024543199292918,5.2049086398585835,69.21403294990749,0.6921403294990691,0.4984201025715576,8.09996320280299,1.2297887925928004,3390,3744,False,市价假设，下一根开盘；无L2，非挂单成交验证,True,False
V62突破,前段,PYTH,8,25.0,1.3281838912008226,0.4427279637336075,-54.59806168369917,-0.5459806168370052,0.9584105823978738,29.541792898271,-0.3638625172196707,10086,10512,False,市价假设，下一根开盘；无L2，非挂单成交验证,True,False
V62突破,中段,PYTH,3,66.66666666666666,8.711642976321166,17.42328595264233,75.81590828183896,0.7581590828183771,0.4587063980992649,9.031051316295809,1.3457955220557707,3449,3744,False,市价假设，下一根开盘；无L2，非挂单成交验证,True,False
V62突破,后段,PYTH,4,25.0,2.344969782429601,0.7816565941432003,-8.176660706866915,-0.08176660706865624,0.39634095581196366,9.487366038390135,-0.10814908002868936,3277,3744,False,市价假设，下一根开盘；无L2，非挂单成交验证,True,False
V62突破,前段,SAND,8,50.0,3.0137378473091023,3.0137378473091023,117.16283752813696,1.1716283752813528,0.4114086096379031,32.07214313655424,0.779565058682788,9897,10512,False,市价假设，下一根开盘；无L2，非挂单成交验证,True,False
V62突破,中段,SAND,4,50.0,2.063639751575497,2.063639751575497,31.844582671454706,0.3184458267145418,0.4410562269072463,11.410850364503052,0.42556924996833656,3445,3744,False,市价假设，下一根开盘；无L2，非挂单成交验证,True,False
V62突破,后段,SAND,2,50.0,2.9789673063163793,2.9789673063163793,28.344512556129107,0.283445125561288,0.28658007542603364,5.5583402618708035,0.7574763976823753,3550,3744,False,市价假设，下一根开盘；无L2，非挂单成交验证,True,False
V62突破,前段,SOL,10,40.0,3.3625256495425595,2.241683766361706,87.76306945284449,0.8776306945284418,0.7250709989900646,34.918986476336826,0.4680795986309591,9421,10512,False,市价假设，下一根开盘；无L2，非挂单成交验证,True,False
V62突破,中段,SOL,2,50.0,3.2681114608244872,3.2681114608244872,21.879835362564442,0.2187983536256377,0.22776872113056268,4.508572740260075,0.5842740670123632,3531,3744,False,市价假设，下一根开盘；无L2，非挂单成交验证,True,False
V62突破,后段,SOL,6,50.0,1.684156805951225,1.684156805951225,32.03283691030112,0.320328369103029,0.3955071771849677,16.32794967943998,0.2859831082614918,2915,3744,False,市价假设，下一根开盘；无L2，非挂单成交验证,True,False
V62突破,前段,RUNE,5,0.0,,0.0,-86.13262966787164,-0.8613262966787216,0.8870222538721714,19.00656594628867,-0.9219293246449176,10102,10512,False,市价假设，下一根开盘；无L2，非挂单成交验证,True,False
V62突破,中段,RUNE,1,100.0,,,52.29160305343466,0.5229160305343372,0.1000077692238387,7.822900763358744,2.788885496183182,3683,3744,False,市价假设，下一根开盘；无L2，非挂单成交验证,True,False
V62突破,后段,RUNE,4,50.0,1.0471702081519316,1.0471702081519316,1.9777778101926176,0.019777778101914834,0.4692939848044625,17.80729122796896,0.02814454496735827,3279,3744,False,市价假设，下一根开盘；无L2，非挂单成交验证,True,False
V62突破,前段,SEI,7,28.57142857142857,1.3214512559120994,0.5285805023648397,-36.926514168373664,-0.3692651416837389,0.7244518410619426,26.978672236913315,-0.28071650321934405,9943,10512,False,市价假设，下一根开盘；无L2，非挂单成交验证,True,False
V62突破,中段,SEI,4,50.0,2.7449080428388304,2.7449080428388304,24.903627623477515,0.24903627623475977,0.18805261029976955,13.22186287720587,0.33222852424239324,3564,3744,False,市价假设，下一根开盘；无L2，非挂单成交验证,True,False
V62突破,后段,SEI,3,66.66666666666666,2.851465895358237,5.702931790716474,43.08200032492353,0.43082000324923264,0.2618931226043781,10.596655686176994,0.7664399777923236,3278,3744,False,市价假设，下一根开盘；无L2，非挂单成交验证,True,False
V62突破,前段,STX,14,42.857142857142854,3.534354290807372,2.650765718105529,187.9878207571823,1.8798782075718279,0.6402201856936081,55.02112809118879,0.7132395708790904,9559,10512,False,市价假设，下一根开盘；无L2，非挂单成交验证,True,False
V62突破,中段,STX,2,0.0,,0.0,-31.86793578556071,-0.3186793578556224,0.3229235443977268,5.413229336069691,-0.8504820439182281,3693,3744,False,市价假设，下一根开盘；无L2，非挂单成交验证,True,False
V62突破,后段,STX,7,42.857142857142854,3.002538103649995,2.251903577737496,72.62725856532012,0.7262725856532093,0.45336219012790024,21.299556266073168,0.5541805014958093,2959,3744,False,市价假设，下一根开盘；无L2，非挂单成交验证,True,False
V62突破,前段,TIA,9,33.33333333333333,2.1543693479645167,1.0771846739822584,7.225664733955,0.0722566473395192,0.5845930315181367,29.584827354759252,0.044282202222428735,9636,10512,False,市价假设，下一根开盘；无L2，非挂单成交验证,True,False
V62突破,中段,TIA,3,33.33333333333333,4.944921132209073,2.4724605661045365,27.25609134618078,0.27256091346179456,0.27277095430099507,8.695510752878533,0.4859096950153357,3546,3744,False,市价假设，下一根开盘；无L2，非挂单成交验证,True,False
V62突破,后段,TIA,6,33.33333333333333,3.814665903817265,1.9073329519086324,45.26475140800657,0.4526475140800512,0.44532374505529504,18.790117331647814,0.4037704037444214,3263,3744,False,市价假设，下一根开盘；无L2，非挂单成交验证,True,False
V62突破,前段,WIF,8,37.5,3.5824667957346596,2.149480077440796,66.87813368173119,0.6687813368172923,0.7051066061998297,26.302604321623406,0.4464289833751518,9644,10512,False,市价假设，下一根开盘；无L2，非挂单成交验证,True,False
V62突破,中段,WIF,3,33.33333333333333,0.40151465702641836,0.20075732851320918,-32.76038340161622,-0.32760383401615467,0.44839902424151384,14.50149744466922,-0.5825228622870683,3436,3744,False,市价假设，下一根开盘；无L2，非挂单成交验证,True,False
V62突破,后段,WIF,5,20.0,2.1334142323065364,0.5333535580766341,-29.63644338120681,-0.29636443381209077,0.7220905978469053,16.354802884715788,-0.315394521358617,3465,3744,False,市价假设，下一根开盘；无L2，非挂单成交验证,True,False
V62突破,前段,SUI,4,0.0,,0.0,-65.47336413124587,-0.6547336413124549,0.7184765450288683,15.950259485940073,-0.8751048294113768,10360,10512,False,市价假设，下一根开盘；无L2，非挂单成交验证,True,False
V62突破,中段,SUI,1,0.0,,0.0,-8.101352682042034,-0.08101352682042817,0.08237180616739351,1.7072091215340766,-0.4320721430422418,3738,3744,False,市价假设，下一根开盘；无L2，非挂单成交验证,True,False
V62突破,后段,SUI,4,50.0,3.222582437864482,3.222582437864482,59.728683340068116,0.5972868334006787,0.43735657211231127,13.097750150874921,0.7973852608619505,3423,3744,False,市价假设，下一根开盘；无L2，非挂单成交验证,True,False
V62突破,前段,UNI,10,10.0,0.8626859051595539,0.09585398946217266,-104.76146693975916,-1.0476146693975674,1.2486823862939993,30.133171090697623,-0.5611223740611855,9866,10512,False,市价假设，下一根开盘；无L2，非挂单成交验证,True,False
V62突破,中段,UNI,4,0.0,,0.0,-52.68964835345051,-0.5268964835345114,0.6610036258271015,8.613011788217003,-0.7038532088652418,3416,3744,False,市价假设，下一根开盘；无L2，非挂单成交验证,True,False
V62突破,后段,UNI,4,0.0,,0.0,-56.03489764990911,-0.560348976499081,0.599389013503097,8.512583602110652,-0.7486857305795631,3620,3744,False,市价假设，下一根开盘；无L2，非挂单成交验证,True,False
V62突破,前段,WLD,12,25.0,1.8342847305172125,0.6114282435057374,-41.45694955403645,-0.41456949554032896,0.6834648537512272,35.983925598755164,-0.1838294627453403,9911,10512,False,市价假设，下一根开盘；无L2，非挂单成交验证,True,False
V62突破,中段,WLD,6,16.666666666666664,2.41344277346922,0.482688554693844,-28.828490735753263,-0.28828490735756107,0.5156481772624283,12.061020144792094,-0.25600993725276466,3431,3744,False,市价假设，下一根开盘；无L2，非挂单成交验证,True,False
V62突破,后段,WLD,2,0.0,,0.0,-23.617564863176057,-0.23617564863176455,0.3185341004653031,4.9290663990002335,-0.6300786223098248,3375,3744,False,市价假设，下一根开盘；无L2，非挂单成交验证,True,False
V62突破,前段,XRP,12,25.0,2.214145333159973,0.7380484443866577,-31.551324855405532,-0.3155132485540557,0.9265349078534144,42.7433603074221,-0.13943651896181902,9350,10512,False,市价假设，下一根开盘；无L2，非挂单成交验证,True,False
V62突破,中段,XRP,1,100.0,,,9.04363510734869,0.09043635107348624,0.21988007502049467,3.4076306478316423,0.48232720572526344,3661,3744,False,市价假设，下一根开盘；无L2，非挂单成交验证,True,False
V62突破,后段,XRP,2,50.0,2.367009292059112,2.367009292059112,21.35266292874892,0.213526629287486,0.23384402375008925,3.5755532885821584,0.5709387042079357,3581,3744,False,市价假设，下一根开盘；无L2，非挂单成交验证,True,False
