补仓,止损,一单最多用权益%,PF,最差一单亏权益%,组合100U变成,组合回撤%
不补(原版),离第一笔 5%,10,1.17,-0.57,172.5,-11.8
A3等（1:1:1，+2%/+4%补）,离第一笔 7%,30,1.09,-1.63,157.1,-30.8
A3等（1:1:1，+2%/+4%补）,离第一笔 9%,30,1.04,-2.22,112.1,-39.2
A3等（1:1:1，+2%/+4%补）,离第一笔 14%,30,1.11,-3.69,169.6,-42.1
B3等（1:1:1，+3%/+6%补）,离第一笔 9%,30,1.05,-1.91,121.4,-30.0
B3等（1:1:1，+3%/+6%补）,离第一笔 11%,30,1.09,-2.49,147.8,-27.5
B3等（1:1:1，+3%/+6%补）,离第一笔 16%,30,1.12,-3.95,169.0,-34.4
C3加（1:1:2，+3%/+6%补）,离第一笔 9%,40,1.04,-2.2,114.7,-33.6
C3加（1:1:2，+3%/+6%补）,离第一笔 11%,40,1.09,-2.98,146.7,-31.5
C3加（1:1:2，+3%/+6%补）,离第一笔 16%,40,1.12,-4.91,168.6,-40.4
D4等（1:1:1:1，+2%/+4%/+6%补）,离第一笔 9%,40,1.03,-2.51,108.2,-41.9
D4等（1:1:1:1，+2%/+4%/+6%补）,离第一笔 11%,40,1.08,-3.29,148.7,-38.3
D4等（1:1:1:1，+2%/+4%/+6%补）,离第一笔 16%,40,1.11,-5.23,175.7,-46.3
E5等（1:1:1:1:1，+2%/+4%/+6%/+8%补）,离第一笔 11%,50,1.1,-3.56,167.7,-38.6
E5等（1:1:1:1:1，+2%/+4%/+6%/+8%补）,离第一笔 13%,50,1.15,-4.53,220.2,-43.6
E5等（1:1:1:1:1，+2%/+4%/+6%/+8%补）,离第一笔 18%,50,1.14,-6.93,199.4,-44.3
G5加（1:1:2:2:4，+2%/+4%/+6%/+8%补）,离第一笔 11%,100,1.09,-5.63,164.4,-54.4
G5加（1:1:2:2:4，+2%/+4%/+6%/+8%补）,离第一笔 13%,100,1.14,-7.5,244.1,-62.5
G5加（1:1:2:2:4，+2%/+4%/+6%/+8%补）,离第一笔 18%,100,1.12,-12.24,180.6,-64.6
I6深（1:1:1:2:2:3，+2%/+4%/+6%/+9%/+12%补）,离第一笔 15%,100,1.15,-7.56,229.2,-56.8
I6深（1:1:1:2:2:3，+2%/+4%/+6%/+9%/+12%补）,离第一笔 17%,100,1.19,-9.43,298.9,-52.5
I6深（1:1:1:2:2:3，+2%/+4%/+6%/+9%/+12%补）,离第一笔 22%,100,1.16,-14.1,218.7,-45.7
